0 verbose cli C:\Program Files\nodejs\node.exe C:\Program Files\nodejs\node_modules\npm\bin\npm-cli.js
1 info using npm@11.6.2
2 info using node@v24.12.0
3 silly config load:file:C:\Program Files\nodejs\node_modules\npm\npmrc
4 silly config load:file:C:\Users\kgh\Documents\Codex\2026-08-06\https-arcadiais-pages-dev-https-arcadiais\.npmrc
5 silly config load:file:C:\Users\kgh\.npmrc
6 silly config load:file:C:\Users\kgh\AppData\Roaming\npm\etc\npmrc
7 verbose title npm install
8 verbose argv "install"
9 verbose logfile logs-max:10 dir:C:\Users\kgh\Documents\Codex\2026-08-06\https-arcadiais-pages-dev-https-arcadiais\work\npm-cache\_logs\2026-08-06T08_41_16_281Z-
10 verbose logfile C:\Users\kgh\Documents\Codex\2026-08-06\https-arcadiais-pages-dev-https-arcadiais\work\npm-cache\_logs\2026-08-06T08_41_16_281Z-debug-0.log
11 silly logfile done cleaning log files
12 silly packumentCache heap:4496293888 maxSize:1124073472 maxEntrySize:562036736
13 silly idealTree buildDeps
14 http fetch GET https://registry.npmjs.org/npm attempt 1 failed with EACCES
15 silly reify mark retired [
15 silly reify   'C:\\Users\\kgh\\Documents\\Codex\\2026-08-06\\https-arcadiais-pages-dev-https-arcadiais\\node_modules\\acorn'
15 silly reify ]
16 silly reify mark retired [
16 silly reify   'C:\\Users\\kgh\\Documents\\Codex\\2026-08-06\\https-arcadiais-pages-dev-https-arcadiais\\node_modules\\acorn-import-phases'
16 silly reify ]
17 silly reify mark retired [
17 silly reify   'C:\\Users\\kgh\\Documents\\Codex\\2026-08-06\\https-arcadiais-pages-dev-https-arcadiais\\node_modules\\acorn-jsx'
17 silly reify ]
18 silly reify mark retired [
18 silly reify   'C:\\Users\\kgh\\Documents\\Codex\\2026-08-06\\https-arcadiais-pages-dev-https-arcadiais\\node_modules\\ajv-formats'
18 silly reify ]
19 silly reify mark retired [
19 silly reify   'C:\\Users\\kgh\\Documents\\Codex\\2026-08-06\\https-arcadiais-pages-dev-https-arcadiais\\node_modules\\acorn-loose'
19 silly reify ]
20 silly reify mark retired [
20 silly reify   'C:\\Users\\kgh\\Documents\\Codex\\2026-08-06\\https-arcadiais-pages-dev-https-arcadiais\\node_modules\\ajv'
20 silly reify ]
21 silly reify mark retired [
21 silly reify   'C:\\Users\\kgh\\Documents\\Codex\\2026-08-06\\https-arcadiais-pages-dev-https-arcadiais\\node_modules\\argparse'
21 silly reify ]
22 silly reify mark retired [
22 silly reify   'C:\\Users\\kgh\\Documents\\Codex\\2026-08-06\\https-arcadiais-pages-dev-https-arcadiais\\node_modules\\array-includes'
22 silly reify ]
23 silly reify mark retired [
23 silly reify   'C:\\Users\\kgh\\Documents\\Codex\\2026-08-06\\https-arcadiais-pages-dev-https-arcadiais\\node_modules\\array-buffer-byte-length'
23 silly reify ]
24 silly reify mark retired [
24 silly reify   'C:\\Users\\kgh\\Documents\\Codex\\2026-08-06\\https-arcadiais-pages-dev-https-arcadiais\\node_modules\\aria-query'
24 silly reify ]
25 silly reify mark retired [
25 silly reify   'C:\\Users\\kgh\\Documents\\Codex\\2026-08-06\\https-arcadiais-pages-dev-https-arcadiais\\node_modules\\array.prototype.findlast'
25 silly reify ]
26 silly reify mark retired [
26 silly reify   'C:\\Users\\kgh\\Documents\\Codex\\2026-08-06\\https-arcadiais-pages-dev-https-arcadiais\\node_modules\\array.prototype.flat'
26 silly reify ]
27 silly reify mark retired [
27 silly reify   'C:\\Users\\kgh\\Documents\\Codex\\2026-08-06\\https-arcadiais-pages-dev-https-arcadiais\\node_modules\\array.prototype.tosorted'
27 silly reify ]
28 silly reify mark retired [
28 silly reify   'C:\\Users\\kgh\\Documents\\Codex\\2026-08-06\\https-arcadiais-pages-dev-https-arcadiais\\node_modules\\array.prototype.flatmap'
28 silly reify ]
29 silly reify mark retired [
29 silly reify   'C:\\Users\\kgh\\Documents\\Codex\\2026-08-06\\https-arcadiais-pages-dev-https-arcadiais\\node_modules\\available-typed-arrays'
29 silly reify ]
30 silly reify mark retired [
30 silly reify   'C:\\Users\\kgh\\Documents\\Codex\\2026-08-06\\https-arcadiais-pages-dev-https-arcadiais\\node_modules\\arraybuffer.prototype.slice'
30 silly reify ]
31 silly reify mark retired [
31 silly reify   'C:\\Users\\kgh\\Documents\\Codex\\2026-08-06\\https-arcadiais-pages-dev-https-arcadiais\\node_modules\\async-function'
31 silly reify ]
32 silly reify mark retired [
32 silly reify   'C:\\Users\\kgh\\Documents\\Codex\\2026-08-06\\https-arcadiais-pages-dev-https-arcadiais\\node_modules\\axobject-query'
32 silly reify ]
33 silly reify mark retired [
33 silly reify   'C:\\Users\\kgh\\Documents\\Codex\\2026-08-06\\https-arcadiais-pages-dev-https-arcadiais\\node_modules\\ast-types-flow'
33 silly reify ]
34 silly reify mark retired [
34 silly reify   'C:\\Users\\kgh\\Documents\\Codex\\2026-08-06\\https-arcadiais-pages-dev-https-arcadiais\\node_modules\\base64-js'
34 silly reify ]
35 silly reify mark retired [
35 silly reify   'C:\\Users\\kgh\\Documents\\Codex\\2026-08-06\\https-arcadiais-pages-dev-https-arcadiais\\node_modules\\axe-core'
35 silly reify ]
36 silly reify mark retired [
36 silly reify   'C:\\Users\\kgh\\Documents\\Codex\\2026-08-06\\https-arcadiais-pages-dev-https-arcadiais\\node_modules\\blake3-wasm'
36 silly reify ]
37 silly reify mark retired [
37 silly reify   'C:\\Users\\kgh\\Documents\\Codex\\2026-08-06\\https-arcadiais-pages-dev-https-arcadiais\\node_modules\\brace-expansion'
37 silly reify ]
38 silly reify mark retired [
38 silly reify   'C:\\Users\\kgh\\Documents\\Codex\\2026-08-06\\https-arcadiais-pages-dev-https-arcadiais\\node_modules\\baseline-browser-mapping'
38 silly reify ]
39 silly reify mark retired [
39 silly reify   'C:\\Users\\kgh\\Documents\\Codex\\2026-08-06\\https-arcadiais-pages-dev-https-arcadiais\\node_modules\\braces'
39 silly reify ]
40 silly reify mark retired [
40 silly reify   'C:\\Users\\kgh\\Documents\\Codex\\2026-08-06\\https-arcadiais-pages-dev-https-arcadiais\\node_modules\\buffer-from'
40 silly reify ]
41 silly reify mark retired [
41 silly reify   'C:\\Users\\kgh\\Documents\\Codex\\2026-08-06\\https-arcadiais-pages-dev-https-arcadiais\\node_modules\\call-bind'
41 silly reify ]
42 silly reify mark retired [
42 silly reify   'C:\\Users\\kgh\\Documents\\Codex\\2026-08-06\\https-arcadiais-pages-dev-https-arcadiais\\node_modules\\browserslist'
42 silly reify ]
43 silly reify mark retired [
43 silly reify   'C:\\Users\\kgh\\Documents\\Codex\\2026-08-06\\https-arcadiais-pages-dev-https-arcadiais\\node_modules\\caniuse-lite'
43 silly reify ]
44 silly reify mark retired [
44 silly reify   'C:\\Users\\kgh\\Documents\\Codex\\2026-08-06\\https-arcadiais-pages-dev-https-arcadiais\\node_modules\\callsites'
44 silly reify ]
45 silly reify mark retired [
45 silly reify   'C:\\Users\\kgh\\Documents\\Codex\\2026-08-06\\https-arcadiais-pages-dev-https-arcadiais\\node_modules\\camelize'
45 silly reify ]
46 silly reify mark retired [
46 silly reify   'C:\\Users\\kgh\\Documents\\Codex\\2026-08-06\\https-arcadiais-pages-dev-https-arcadiais\\node_modules\\chrome-trace-event'
46 silly reify ]
47 silly reify mark retired [
47 silly reify   'C:\\Users\\kgh\\Documents\\Codex\\2026-08-06\\https-arcadiais-pages-dev-https-arcadiais\\node_modules\\chalk'
47 silly reify ]
48 silly reify mark retired [
48 silly reify   'C:\\Users\\kgh\\Documents\\Codex\\2026-08-06\\https-arcadiais-pages-dev-https-arcadiais\\node_modules\\concat-map'
48 silly reify ]
49 silly reify mark retired [
49 silly reify   'C:\\Users\\kgh\\Documents\\Codex\\2026-08-06\\https-arcadiais-pages-dev-https-arcadiais\\node_modules\\commander'
49 silly reify ]
50 silly reify mark retired [
50 silly reify   'C:\\Users\\kgh\\Documents\\Codex\\2026-08-06\\https-arcadiais-pages-dev-https-arcadiais\\node_modules\\cookie'
50 silly reify ]
51 silly reify mark retired [
51 silly reify   'C:\\Users\\kgh\\Documents\\Codex\\2026-08-06\\https-arcadiais-pages-dev-https-arcadiais\\node_modules\\convert-source-map'
51 silly reify ]
52 silly reify mark retired [
52 silly reify   'C:\\Users\\kgh\\Documents\\Codex\\2026-08-06\\https-arcadiais-pages-dev-https-arcadiais\\node_modules\\css-color-keywords'
52 silly reify ]
53 silly reify mark retired [
53 silly reify   'C:\\Users\\kgh\\Documents\\Codex\\2026-08-06\\https-arcadiais-pages-dev-https-arcadiais\\node_modules\\css-background-parser'
53 silly reify ]
54 silly reify mark retired [
54 silly reify   'C:\\Users\\kgh\\Documents\\Codex\\2026-08-06\\https-arcadiais-pages-dev-https-arcadiais\\node_modules\\css-box-shadow'
54 silly reify ]
55 silly reify mark retired [
55 silly reify   'C:\\Users\\kgh\\Documents\\Codex\\2026-08-06\\https-arcadiais-pages-dev-https-arcadiais\\node_modules\\css-to-react-native'
55 silly reify ]
56 silly reify mark retired [
56 silly reify   'C:\\Users\\kgh\\Documents\\Codex\\2026-08-06\\https-arcadiais-pages-dev-https-arcadiais\\node_modules\\css-gradient-parser'
56 silly reify ]
57 silly reify mark retired [
57 silly reify   'C:\\Users\\kgh\\Documents\\Codex\\2026-08-06\\https-arcadiais-pages-dev-https-arcadiais\\node_modules\\damerau-levenshtein'
57 silly reify ]
58 silly reify mark retired [
58 silly reify   'C:\\Users\\kgh\\Documents\\Codex\\2026-08-06\\https-arcadiais-pages-dev-https-arcadiais\\node_modules\\data-view-byte-length'
58 silly reify ]
59 silly reify mark retired [
59 silly reify   'C:\\Users\\kgh\\Documents\\Codex\\2026-08-06\\https-arcadiais-pages-dev-https-arcadiais\\node_modules\\data-view-buffer'
59 silly reify ]
60 silly reify mark retired [
60 silly reify   'C:\\Users\\kgh\\Documents\\Codex\\2026-08-06\\https-arcadiais-pages-dev-https-arcadiais\\node_modules\\deep-is'
60 silly reify ]
61 silly reify mark retired [
61 silly reify   'C:\\Users\\kgh\\Documents\\Codex\\2026-08-06\\https-arcadiais-pages-dev-https-arcadiais\\node_modules\\data-view-byte-offset'
61 silly reify ]
62 silly reify mark retired [
62 silly reify   'C:\\Users\\kgh\\Documents\\Codex\\2026-08-06\\https-arcadiais-pages-dev-https-arcadiais\\node_modules\\define-data-property'
62 silly reify ]
63 silly reify mark retired [
63 silly reify   'C:\\Users\\kgh\\Documents\\Codex\\2026-08-06\\https-arcadiais-pages-dev-https-arcadiais\\node_modules\\define-properties'
63 silly reify ]
64 silly reify mark retired [
64 silly reify   'C:\\Users\\kgh\\Documents\\Codex\\2026-08-06\\https-arcadiais-pages-dev-https-arcadiais\\node_modules\\doctrine'
64 silly reify ]
65 silly reify mark retired [
65 silly reify   'C:\\Users\\kgh\\Documents\\Codex\\2026-08-06\\https-arcadiais-pages-dev-https-arcadiais\\node_modules\\detect-libc'
65 silly reify ]
66 silly reify mark retired [
66 silly reify   'C:\\Users\\kgh\\Documents\\Codex\\2026-08-06\\https-arcadiais-pages-dev-https-arcadiais\\node_modules\\drizzle-kit'
66 silly reify ]
67 silly reify mark retired [
67 silly reify   'C:\\Users\\kgh\\Documents\\Codex\\2026-08-06\\https-arcadiais-pages-dev-https-arcadiais\\node_modules\\electron-to-chromium'
67 silly reify ]
68 silly reify mark retired [
68 silly reify   'C:\\Users\\kgh\\Documents\\Codex\\2026-08-06\\https-arcadiais-pages-dev-https-arcadiais\\node_modules\\drizzle-orm'
68 silly reify ]
69 silly reify mark retired [
69 silly reify   'C:\\Users\\kgh\\Documents\\Codex\\2026-08-06\\https-arcadiais-pages-dev-https-arcadiais\\node_modules\\emoji-regex-xs'
69 silly reify ]
70 silly reify mark retired [
70 silly reify   'C:\\Users\\kgh\\Documents\\Codex\\2026-08-06\\https-arcadiais-pages-dev-https-arcadiais\\node_modules\\enhanced-resolve'
70 silly reify ]
71 silly reify mark retired [
71 silly reify   'C:\\Users\\kgh\\Documents\\Codex\\2026-08-06\\https-arcadiais-pages-dev-https-arcadiais\\node_modules\\error-stack-parser-es'
71 silly reify ]
72 silly reify mark retired [
72 silly reify   'C:\\Users\\kgh\\Documents\\Codex\\2026-08-06\\https-arcadiais-pages-dev-https-arcadiais\\node_modules\\es-abstract'
72 silly reify ]
73 silly reify mark retired [
73 silly reify   'C:\\Users\\kgh\\Documents\\Codex\\2026-08-06\\https-arcadiais-pages-dev-https-arcadiais\\node_modules\\es-module-lexer'
73 silly reify ]
74 silly reify mark retired [
74 silly reify   'C:\\Users\\kgh\\Documents\\Codex\\2026-08-06\\https-arcadiais-pages-dev-https-arcadiais\\node_modules\\es-iterator-helpers'
74 silly reify ]
75 silly reify mark retired [
75 silly reify   'C:\\Users\\kgh\\Documents\\Codex\\2026-08-06\\https-arcadiais-pages-dev-https-arcadiais\\node_modules\\es-set-tostringtag'
75 silly reify ]
76 silly reify mark retired [
76 silly reify   'C:\\Users\\kgh\\Documents\\Codex\\2026-08-06\\https-arcadiais-pages-dev-https-arcadiais\\node_modules\\es-to-primitive'
76 silly reify ]
77 silly reify mark retired [
77 silly reify   'C:\\Users\\kgh\\Documents\\Codex\\2026-08-06\\https-arcadiais-pages-dev-https-arcadiais\\node_modules\\es-shim-unscopables'
77 silly reify ]
78 silly reify mark retired [
78 silly reify   'C:\\Users\\kgh\\Documents\\Codex\\2026-08-06\\https-arcadiais-pages-dev-https-arcadiais\\node_modules\\esbuild'
78 silly reify ]
79 silly reify mark retired [
79 silly reify   'C:\\Users\\kgh\\Documents\\Codex\\2026-08-06\\https-arcadiais-pages-dev-https-arcadiais\\node_modules\\escalade'
79 silly reify ]
80 silly reify mark retired [
80 silly reify   'C:\\Users\\kgh\\Documents\\Codex\\2026-08-06\\https-arcadiais-pages-dev-https-arcadiais\\node_modules\\escape-string-regexp'
80 silly reify ]
81 silly reify mark retired [
81 silly reify   'C:\\Users\\kgh\\Documents\\Codex\\2026-08-06\\https-arcadiais-pages-dev-https-arcadiais\\node_modules\\eslint'
81 silly reify ]
82 silly reify mark retired [
82 silly reify   'C:\\Users\\kgh\\Documents\\Codex\\2026-08-06\\https-arcadiais-pages-dev-https-arcadiais\\node_modules\\eslint-plugin-jsx-a11y'
82 silly reify ]
83 silly reify mark retired [
83 silly reify   'C:\\Users\\kgh\\Documents\\Codex\\2026-08-06\\https-arcadiais-pages-dev-https-arcadiais\\node_modules\\eslint-plugin-react'
83 silly reify ]
84 silly reify mark retired [
84 silly reify   'C:\\Users\\kgh\\Documents\\Codex\\2026-08-06\\https-arcadiais-pages-dev-https-arcadiais\\node_modules\\eslint-plugin-react-hooks'
84 silly reify ]
85 silly reify mark retired [
85 silly reify   'C:\\Users\\kgh\\Documents\\Codex\\2026-08-06\\https-arcadiais-pages-dev-https-arcadiais\\node_modules\\eslint-visitor-keys'
85 silly reify ]
86 silly reify mark retired [
86 silly reify   'C:\\Users\\kgh\\Documents\\Codex\\2026-08-06\\https-arcadiais-pages-dev-https-arcadiais\\node_modules\\esquery'
86 silly reify ]
87 silly reify mark retired [
87 silly reify   'C:\\Users\\kgh\\Documents\\Codex\\2026-08-06\\https-arcadiais-pages-dev-https-arcadiais\\node_modules\\espree'
87 silly reify ]
88 silly reify mark retired [
88 silly reify   'C:\\Users\\kgh\\Documents\\Codex\\2026-08-06\\https-arcadiais-pages-dev-https-arcadiais\\node_modules\\eslint-scope'
88 silly reify ]
89 silly reify mark retired [
89 silly reify   'C:\\Users\\kgh\\Documents\\Codex\\2026-08-06\\https-arcadiais-pages-dev-https-arcadiais\\node_modules\\estraverse'
89 silly reify ]
90 silly reify mark retired [
90 silly reify   'C:\\Users\\kgh\\Documents\\Codex\\2026-08-06\\https-arcadiais-pages-dev-https-arcadiais\\node_modules\\estree-walker'
90 silly reify ]
91 silly reify mark retired [
91 silly reify   'C:\\Users\\kgh\\Documents\\Codex\\2026-08-06\\https-arcadiais-pages-dev-https-arcadiais\\node_modules\\esrecurse'
91 silly reify ]
92 silly reify mark retired [
92 silly reify   'C:\\Users\\kgh\\Documents\\Codex\\2026-08-06\\https-arcadiais-pages-dev-https-arcadiais\\node_modules\\events'
92 silly reify ]
93 silly reify mark retired [
93 silly reify   'C:\\Users\\kgh\\Documents\\Codex\\2026-08-06\\https-arcadiais-pages-dev-https-arcadiais\\node_modules\\esutils'
93 silly reify ]
94 silly reify mark retired [
94 silly reify   'C:\\Users\\kgh\\Documents\\Codex\\2026-08-06\\https-arcadiais-pages-dev-https-arcadiais\\node_modules\\fast-json-stable-stringify'
94 silly reify ]
95 silly reify mark retired [
95 silly reify   'C:\\Users\\kgh\\Documents\\Codex\\2026-08-06\\https-arcadiais-pages-dev-https-arcadiais\\node_modules\\fast-glob'
95 silly reify ]
96 silly reify mark retired [
96 silly reify   'C:\\Users\\kgh\\Documents\\Codex\\2026-08-06\\https-arcadiais-pages-dev-https-arcadiais\\node_modules\\fast-uri'
96 silly reify ]
97 silly reify mark retired [
97 silly reify   'C:\\Users\\kgh\\Documents\\Codex\\2026-08-06\\https-arcadiais-pages-dev-https-arcadiais\\node_modules\\fastq'
97 silly reify ]
98 silly reify mark retired [
98 silly reify   'C:\\Users\\kgh\\Documents\\Codex\\2026-08-06\\https-arcadiais-pages-dev-https-arcadiais\\node_modules\\fflate'
98 silly reify ]
99 silly reify mark retired [
99 silly reify   'C:\\Users\\kgh\\Documents\\Codex\\2026-08-06\\https-arcadiais-pages-dev-https-arcadiais\\node_modules\\fast-levenshtein'
99 silly reify ]
100 silly reify mark retired [
100 silly reify   'C:\\Users\\kgh\\Documents\\Codex\\2026-08-06\\https-arcadiais-pages-dev-https-arcadiais\\node_modules\\file-entry-cache'
100 silly reify ]
101 silly reify mark retired [
101 silly reify   'C:\\Users\\kgh\\Documents\\Codex\\2026-08-06\\https-arcadiais-pages-dev-https-arcadiais\\node_modules\\find-up'
101 silly reify ]
102 silly reify mark retired [
102 silly reify   'C:\\Users\\kgh\\Documents\\Codex\\2026-08-06\\https-arcadiais-pages-dev-https-arcadiais\\node_modules\\fill-range'
102 silly reify ]
103 silly reify mark retired [
103 silly reify   'C:\\Users\\kgh\\Documents\\Codex\\2026-08-06\\https-arcadiais-pages-dev-https-arcadiais\\node_modules\\flatted'
103 silly reify ]
104 silly reify mark retired [
104 silly reify   'C:\\Users\\kgh\\Documents\\Codex\\2026-08-06\\https-arcadiais-pages-dev-https-arcadiais\\node_modules\\flat-cache'
104 silly reify ]
105 silly reify mark retired [
105 silly reify   'C:\\Users\\kgh\\Documents\\Codex\\2026-08-06\\https-arcadiais-pages-dev-https-arcadiais\\node_modules\\for-each'
105 silly reify ]
106 silly reify mark retired [
106 silly reify   'C:\\Users\\kgh\\Documents\\Codex\\2026-08-06\\https-arcadiais-pages-dev-https-arcadiais\\node_modules\\function.prototype.name'
106 silly reify ]
107 silly reify mark retired [
107 silly reify   'C:\\Users\\kgh\\Documents\\Codex\\2026-08-06\\https-arcadiais-pages-dev-https-arcadiais\\node_modules\\gensync'
107 silly reify ]
108 silly reify mark retired [
108 silly reify   'C:\\Users\\kgh\\Documents\\Codex\\2026-08-06\\https-arcadiais-pages-dev-https-arcadiais\\node_modules\\generator-function'
108 silly reify ]
109 silly reify mark retired [
109 silly reify   'C:\\Users\\kgh\\Documents\\Codex\\2026-08-06\\https-arcadiais-pages-dev-https-arcadiais\\node_modules\\functions-have-names'
109 silly reify ]
110 silly reify mark retired [
110 silly reify   'C:\\Users\\kgh\\Documents\\Codex\\2026-08-06\\https-arcadiais-pages-dev-https-arcadiais\\node_modules\\get-symbol-description'
110 silly reify ]
111 silly reify mark retired [
111 silly reify   'C:\\Users\\kgh\\Documents\\Codex\\2026-08-06\\https-arcadiais-pages-dev-https-arcadiais\\node_modules\\get-tsconfig'
111 silly reify ]
112 silly reify mark retired [
112 silly reify   'C:\\Users\\kgh\\Documents\\Codex\\2026-08-06\\https-arcadiais-pages-dev-https-arcadiais\\node_modules\\glob-to-regexp'
112 silly reify ]
113 silly reify mark retired [
113 silly reify   'C:\\Users\\kgh\\Documents\\Codex\\2026-08-06\\https-arcadiais-pages-dev-https-arcadiais\\node_modules\\glob-parent'
113 silly reify ]
114 silly reify mark retired [
114 silly reify   'C:\\Users\\kgh\\Documents\\Codex\\2026-08-06\\https-arcadiais-pages-dev-https-arcadiais\\node_modules\\globals'
114 silly reify ]
115 silly reify mark retired [
115 silly reify   'C:\\Users\\kgh\\Documents\\Codex\\2026-08-06\\https-arcadiais-pages-dev-https-arcadiais\\node_modules\\globalthis'
115 silly reify ]
116 silly reify mark retired [
116 silly reify   'C:\\Users\\kgh\\Documents\\Codex\\2026-08-06\\https-arcadiais-pages-dev-https-arcadiais\\node_modules\\has-flag'
116 silly reify ]
117 silly reify mark retired [
117 silly reify   'C:\\Users\\kgh\\Documents\\Codex\\2026-08-06\\https-arcadiais-pages-dev-https-arcadiais\\node_modules\\graceful-fs'
117 silly reify ]
118 silly reify mark retired [
118 silly reify   'C:\\Users\\kgh\\Documents\\Codex\\2026-08-06\\https-arcadiais-pages-dev-https-arcadiais\\node_modules\\has-property-descriptors'
118 silly reify ]
119 silly reify mark retired [
119 silly reify   'C:\\Users\\kgh\\Documents\\Codex\\2026-08-06\\https-arcadiais-pages-dev-https-arcadiais\\node_modules\\has-bigints'
119 silly reify ]
120 silly reify mark retired [
120 silly reify   'C:\\Users\\kgh\\Documents\\Codex\\2026-08-06\\https-arcadiais-pages-dev-https-arcadiais\\node_modules\\has-proto'
120 silly reify ]
121 silly reify mark retired [
121 silly reify   'C:\\Users\\kgh\\Documents\\Codex\\2026-08-06\\https-arcadiais-pages-dev-https-arcadiais\\node_modules\\has-tostringtag'
121 silly reify ]
122 silly reify mark retired [
122 silly reify   'C:\\Users\\kgh\\Documents\\Codex\\2026-08-06\\https-arcadiais-pages-dev-https-arcadiais\\node_modules\\hermes-estree'
122 silly reify ]
123 silly reify mark retired [
123 silly reify   'C:\\Users\\kgh\\Documents\\Codex\\2026-08-06\\https-arcadiais-pages-dev-https-arcadiais\\node_modules\\hasown'
123 silly reify ]
124 silly reify mark retired [
124 silly reify   'C:\\Users\\kgh\\Documents\\Codex\\2026-08-06\\https-arcadiais-pages-dev-https-arcadiais\\node_modules\\hermes-parser'
124 silly reify ]
125 silly reify mark retired [
125 silly reify   'C:\\Users\\kgh\\Documents\\Codex\\2026-08-06\\https-arcadiais-pages-dev-https-arcadiais\\node_modules\\hex-rgb'
125 silly reify ]
126 silly reify mark retired [
126 silly reify   'C:\\Users\\kgh\\Documents\\Codex\\2026-08-06\\https-arcadiais-pages-dev-https-arcadiais\\node_modules\\ignore'
126 silly reify ]
127 silly reify mark retired [
127 silly reify   'C:\\Users\\kgh\\Documents\\Codex\\2026-08-06\\https-arcadiais-pages-dev-https-arcadiais\\node_modules\\imurmurhash'
127 silly reify ]
128 silly reify mark retired [
128 silly reify   'C:\\Users\\kgh\\Documents\\Codex\\2026-08-06\\https-arcadiais-pages-dev-https-arcadiais\\node_modules\\import-fresh'
128 silly reify ]
129 silly reify mark retired [
129 silly reify   'C:\\Users\\kgh\\Documents\\Codex\\2026-08-06\\https-arcadiais-pages-dev-https-arcadiais\\node_modules\\image-size'
129 silly reify ]
130 silly reify mark retired [
130 silly reify   'C:\\Users\\kgh\\Documents\\Codex\\2026-08-06\\https-arcadiais-pages-dev-https-arcadiais\\node_modules\\ipaddr.js'
130 silly reify ]
131 silly reify mark retired [
131 silly reify   'C:\\Users\\kgh\\Documents\\Codex\\2026-08-06\\https-arcadiais-pages-dev-https-arcadiais\\node_modules\\is-array-buffer'
131 silly reify ]
132 silly reify mark retired [
132 silly reify   'C:\\Users\\kgh\\Documents\\Codex\\2026-08-06\\https-arcadiais-pages-dev-https-arcadiais\\node_modules\\internal-slot'
132 silly reify ]
133 silly reify mark retired [
133 silly reify   'C:\\Users\\kgh\\Documents\\Codex\\2026-08-06\\https-arcadiais-pages-dev-https-arcadiais\\node_modules\\is-async-function'
133 silly reify ]
134 silly reify mark retired [
134 silly reify   'C:\\Users\\kgh\\Documents\\Codex\\2026-08-06\\https-arcadiais-pages-dev-https-arcadiais\\node_modules\\is-boolean-object'
134 silly reify ]
135 silly reify mark retired [
135 silly reify   'C:\\Users\\kgh\\Documents\\Codex\\2026-08-06\\https-arcadiais-pages-dev-https-arcadiais\\node_modules\\is-core-module'
135 silly reify ]
136 silly reify mark retired [
136 silly reify   'C:\\Users\\kgh\\Documents\\Codex\\2026-08-06\\https-arcadiais-pages-dev-https-arcadiais\\node_modules\\is-callable'
136 silly reify ]
137 silly reify mark retired [
137 silly reify   'C:\\Users\\kgh\\Documents\\Codex\\2026-08-06\\https-arcadiais-pages-dev-https-arcadiais\\node_modules\\is-bigint'
137 silly reify ]
138 silly reify mark retired [
138 silly reify   'C:\\Users\\kgh\\Documents\\Codex\\2026-08-06\\https-arcadiais-pages-dev-https-arcadiais\\node_modules\\is-data-view'
138 silly reify ]
139 silly reify mark retired [
139 silly reify   'C:\\Users\\kgh\\Documents\\Codex\\2026-08-06\\https-arcadiais-pages-dev-https-arcadiais\\node_modules\\is-generator-function'
139 silly reify ]
140 silly reify mark retired [
140 silly reify   'C:\\Users\\kgh\\Documents\\Codex\\2026-08-06\\https-arcadiais-pages-dev-https-arcadiais\\node_modules\\is-finalizationregistry'
140 silly reify ]
141 silly reify mark retired [
141 silly reify   'C:\\Users\\kgh\\Documents\\Codex\\2026-08-06\\https-arcadiais-pages-dev-https-arcadiais\\node_modules\\is-extglob'
141 silly reify ]
142 silly reify mark retired [
142 silly reify   'C:\\Users\\kgh\\Documents\\Codex\\2026-08-06\\https-arcadiais-pages-dev-https-arcadiais\\node_modules\\is-date-object'
142 silly reify ]
143 silly reify mark retired [
143 silly reify   'C:\\Users\\kgh\\Documents\\Codex\\2026-08-06\\https-arcadiais-pages-dev-https-arcadiais\\node_modules\\is-negative-zero'
143 silly reify ]
144 silly reify mark retired [
144 silly reify   'C:\\Users\\kgh\\Documents\\Codex\\2026-08-06\\https-arcadiais-pages-dev-https-arcadiais\\node_modules\\is-number'
144 silly reify ]
145 silly reify mark retired [
145 silly reify   'C:\\Users\\kgh\\Documents\\Codex\\2026-08-06\\https-arcadiais-pages-dev-https-arcadiais\\node_modules\\is-map'
145 silly reify ]
146 silly reify mark retired [
146 silly reify   'C:\\Users\\kgh\\Documents\\Codex\\2026-08-06\\https-arcadiais-pages-dev-https-arcadiais\\node_modules\\is-glob'
146 silly reify ]
147 silly reify mark retired [
147 silly reify   'C:\\Users\\kgh\\Documents\\Codex\\2026-08-06\\https-arcadiais-pages-dev-https-arcadiais\\node_modules\\is-number-object'
147 silly reify ]
148 silly reify mark retired [
148 silly reify   'C:\\Users\\kgh\\Documents\\Codex\\2026-08-06\\https-arcadiais-pages-dev-https-arcadiais\\node_modules\\is-shared-array-buffer'
148 silly reify ]
149 silly reify mark retired [
149 silly reify   'C:\\Users\\kgh\\Documents\\Codex\\2026-08-06\\https-arcadiais-pages-dev-https-arcadiais\\node_modules\\is-string'
149 silly reify ]
150 silly reify mark retired [
150 silly reify   'C:\\Users\\kgh\\Documents\\Codex\\2026-08-06\\https-arcadiais-pages-dev-https-arcadiais\\node_modules\\is-regex'
150 silly reify ]
151 silly reify mark retired [
151 silly reify   'C:\\Users\\kgh\\Documents\\Codex\\2026-08-06\\https-arcadiais-pages-dev-https-arcadiais\\node_modules\\is-set'
151 silly reify ]
152 silly reify mark retired [
152 silly reify   'C:\\Users\\kgh\\Documents\\Codex\\2026-08-06\\https-arcadiais-pages-dev-https-arcadiais\\node_modules\\is-typed-array'
152 silly reify ]
153 silly reify mark retired [
153 silly reify   'C:\\Users\\kgh\\Documents\\Codex\\2026-08-06\\https-arcadiais-pages-dev-https-arcadiais\\node_modules\\is-symbol'
153 silly reify ]
154 silly reify mark retired [
154 silly reify   'C:\\Users\\kgh\\Documents\\Codex\\2026-08-06\\https-arcadiais-pages-dev-https-arcadiais\\node_modules\\is-weakmap'
154 silly reify ]
155 silly reify mark retired [
155 silly reify   'C:\\Users\\kgh\\Documents\\Codex\\2026-08-06\\https-arcadiais-pages-dev-https-arcadiais\\node_modules\\is-weakref'
155 silly reify ]
156 silly reify mark retired [
156 silly reify   'C:\\Users\\kgh\\Documents\\Codex\\2026-08-06\\https-arcadiais-pages-dev-https-arcadiais\\node_modules\\is-weakset'
156 silly reify ]
157 silly reify mark retired [
157 silly reify   'C:\\Users\\kgh\\Documents\\Codex\\2026-08-06\\https-arcadiais-pages-dev-https-arcadiais\\node_modules\\isarray'
157 silly reify ]
158 silly reify mark retired [
158 silly reify   'C:\\Users\\kgh\\Documents\\Codex\\2026-08-06\\https-arcadiais-pages-dev-https-arcadiais\\node_modules\\iterator.prototype'
158 silly reify ]
159 silly reify mark retired [
159 silly reify   'C:\\Users\\kgh\\Documents\\Codex\\2026-08-06\\https-arcadiais-pages-dev-https-arcadiais\\node_modules\\js-tokens'
159 silly reify ]
160 silly reify mark retired [
160 silly reify   'C:\\Users\\kgh\\Documents\\Codex\\2026-08-06\\https-arcadiais-pages-dev-https-arcadiais\\node_modules\\jest-worker'
160 silly reify ]
161 silly reify mark retired [
161 silly reify   'C:\\Users\\kgh\\Documents\\Codex\\2026-08-06\\https-arcadiais-pages-dev-https-arcadiais\\node_modules\\jiti'
161 silly reify ]
162 silly reify mark retired [
162 silly reify   'C:\\Users\\kgh\\Documents\\Codex\\2026-08-06\\https-arcadiais-pages-dev-https-arcadiais\\node_modules\\js-yaml'
162 silly reify ]
163 silly reify mark retired [
163 silly reify   'C:\\Users\\kgh\\Documents\\Codex\\2026-08-06\\https-arcadiais-pages-dev-https-arcadiais\\node_modules\\json-buffer'
163 silly reify ]
164 silly reify mark retired [
164 silly reify   'C:\\Users\\kgh\\Documents\\Codex\\2026-08-06\\https-arcadiais-pages-dev-https-arcadiais\\node_modules\\json-stable-stringify-without-jsonify'
164 silly reify ]
165 silly reify mark retired [
165 silly reify   'C:\\Users\\kgh\\Documents\\Codex\\2026-08-06\\https-arcadiais-pages-dev-https-arcadiais\\node_modules\\jsesc'
165 silly reify ]
166 silly reify mark retired [
166 silly reify   'C:\\Users\\kgh\\Documents\\Codex\\2026-08-06\\https-arcadiais-pages-dev-https-arcadiais\\node_modules\\json-schema-traverse'
166 silly reify ]
167 silly reify mark retired [
167 silly reify   'C:\\Users\\kgh\\Documents\\Codex\\2026-08-06\\https-arcadiais-pages-dev-https-arcadiais\\node_modules\\json5'
167 silly reify ]
168 silly reify mark retired [
168 silly reify   'C:\\Users\\kgh\\Documents\\Codex\\2026-08-06\\https-arcadiais-pages-dev-https-arcadiais\\node_modules\\jsx-ast-utils'
168 silly reify ]
169 silly reify mark retired [
169 silly reify   'C:\\Users\\kgh\\Documents\\Codex\\2026-08-06\\https-arcadiais-pages-dev-https-arcadiais\\node_modules\\kleur'
169 silly reify ]
170 silly reify mark retired [
170 silly reify   'C:\\Users\\kgh\\Documents\\Codex\\2026-08-06\\https-arcadiais-pages-dev-https-arcadiais\\node_modules\\keyv'
170 silly reify ]
171 silly reify mark retired [
171 silly reify   'C:\\Users\\kgh\\Documents\\Codex\\2026-08-06\\https-arcadiais-pages-dev-https-arcadiais\\node_modules\\language-tags'
171 silly reify ]
172 silly reify mark retired [
172 silly reify   'C:\\Users\\kgh\\Documents\\Codex\\2026-08-06\\https-arcadiais-pages-dev-https-arcadiais\\node_modules\\language-subtag-registry'
172 silly reify ]
173 silly reify mark retired [
173 silly reify   'C:\\Users\\kgh\\Documents\\Codex\\2026-08-06\\https-arcadiais-pages-dev-https-arcadiais\\node_modules\\levn'
173 silly reify ]
174 silly reify mark retired [
174 silly reify   'C:\\Users\\kgh\\Documents\\Codex\\2026-08-06\\https-arcadiais-pages-dev-https-arcadiais\\node_modules\\lightningcss'
174 silly reify ]
175 silly reify mark retired [
175 silly reify   'C:\\Users\\kgh\\Documents\\Codex\\2026-08-06\\https-arcadiais-pages-dev-https-arcadiais\\node_modules\\lightningcss-win32-x64-msvc'
175 silly reify ]
176 silly reify mark retired [
176 silly reify   'C:\\Users\\kgh\\Documents\\Codex\\2026-08-06\\https-arcadiais-pages-dev-https-arcadiais\\node_modules\\locate-path'
176 silly reify ]
177 silly reify mark retired [
177 silly reify   'C:\\Users\\kgh\\Documents\\Codex\\2026-08-06\\https-arcadiais-pages-dev-https-arcadiais\\node_modules\\loader-runner'
177 silly reify ]
178 silly reify mark retired [
178 silly reify   'C:\\Users\\kgh\\Documents\\Codex\\2026-08-06\\https-arcadiais-pages-dev-https-arcadiais\\node_modules\\lodash.merge'
178 silly reify ]
179 silly reify mark retired [
179 silly reify   'C:\\Users\\kgh\\Documents\\Codex\\2026-08-06\\https-arcadiais-pages-dev-https-arcadiais\\node_modules\\linebreak'
179 silly reify ]
180 silly reify mark retired [
180 silly reify   'C:\\Users\\kgh\\Documents\\Codex\\2026-08-06\\https-arcadiais-pages-dev-https-arcadiais\\node_modules\\lru-cache'
180 silly reify ]
181 silly reify mark retired [
181 silly reify   'C:\\Users\\kgh\\Documents\\Codex\\2026-08-06\\https-arcadiais-pages-dev-https-arcadiais\\node_modules\\magic-string'
181 silly reify ]
182 silly reify mark retired [
182 silly reify   'C:\\Users\\kgh\\Documents\\Codex\\2026-08-06\\https-arcadiais-pages-dev-https-arcadiais\\node_modules\\loose-envify'
182 silly reify ]
183 silly reify mark retired [
183 silly reify   'C:\\Users\\kgh\\Documents\\Codex\\2026-08-06\\https-arcadiais-pages-dev-https-arcadiais\\node_modules\\micromatch'
183 silly reify ]
184 silly reify mark retired [
184 silly reify   'C:\\Users\\kgh\\Documents\\Codex\\2026-08-06\\https-arcadiais-pages-dev-https-arcadiais\\node_modules\\merge-stream'
184 silly reify ]
185 silly reify mark retired [
185 silly reify   'C:\\Users\\kgh\\Documents\\Codex\\2026-08-06\\https-arcadiais-pages-dev-https-arcadiais\\node_modules\\merge2'
185 silly reify ]
186 silly reify mark retired [
186 silly reify   'C:\\Users\\kgh\\Documents\\Codex\\2026-08-06\\https-arcadiais-pages-dev-https-arcadiais\\node_modules\\minimatch'
186 silly reify ]
187 silly reify mark retired [
187 silly reify   'C:\\Users\\kgh\\Documents\\Codex\\2026-08-06\\https-arcadiais-pages-dev-https-arcadiais\\node_modules\\miniflare'
187 silly reify ]
188 silly reify mark retired [
188 silly reify   'C:\\Users\\kgh\\Documents\\Codex\\2026-08-06\\https-arcadiais-pages-dev-https-arcadiais\\node_modules\\nanoid'
188 silly reify ]
189 silly reify mark retired [
189 silly reify   'C:\\Users\\kgh\\Documents\\Codex\\2026-08-06\\https-arcadiais-pages-dev-https-arcadiais\\node_modules\\neo-async'
189 silly reify ]
190 silly reify mark retired [
190 silly reify   'C:\\Users\\kgh\\Documents\\Codex\\2026-08-06\\https-arcadiais-pages-dev-https-arcadiais\\node_modules\\natural-compare'
190 silly reify ]
191 silly reify mark retired [
191 silly reify   'C:\\Users\\kgh\\Documents\\Codex\\2026-08-06\\https-arcadiais-pages-dev-https-arcadiais\\node_modules\\node-exports-info'
191 silly reify ]
192 silly reify mark retired [
192 silly reify   'C:\\Users\\kgh\\Documents\\Codex\\2026-08-06\\https-arcadiais-pages-dev-https-arcadiais\\node_modules\\node-releases'
192 silly reify ]
193 silly reify mark retired [
193 silly reify   'C:\\Users\\kgh\\Documents\\Codex\\2026-08-06\\https-arcadiais-pages-dev-https-arcadiais\\node_modules\\object.assign'
193 silly reify ]
194 silly reify mark retired [
194 silly reify   'C:\\Users\\kgh\\Documents\\Codex\\2026-08-06\\https-arcadiais-pages-dev-https-arcadiais\\node_modules\\object.entries'
194 silly reify ]
195 silly reify mark retired [
195 silly reify   'C:\\Users\\kgh\\Documents\\Codex\\2026-08-06\\https-arcadiais-pages-dev-https-arcadiais\\node_modules\\object-keys'
195 silly reify ]
196 silly reify mark retired [
196 silly reify   'C:\\Users\\kgh\\Documents\\Codex\\2026-08-06\\https-arcadiais-pages-dev-https-arcadiais\\node_modules\\object.fromentries'
196 silly reify ]
197 silly reify mark retired [
197 silly reify   'C:\\Users\\kgh\\Documents\\Codex\\2026-08-06\\https-arcadiais-pages-dev-https-arcadiais\\node_modules\\object.values'
197 silly reify ]
198 silly reify mark retired [
198 silly reify   'C:\\Users\\kgh\\Documents\\Codex\\2026-08-06\\https-arcadiais-pages-dev-https-arcadiais\\node_modules\\optionator'
198 silly reify ]
199 silly reify mark retired [
199 silly reify   'C:\\Users\\kgh\\Documents\\Codex\\2026-08-06\\https-arcadiais-pages-dev-https-arcadiais\\node_modules\\own-keys'
199 silly reify ]
200 silly reify mark retired [
200 silly reify   'C:\\Users\\kgh\\Documents\\Codex\\2026-08-06\\https-arcadiais-pages-dev-https-arcadiais\\node_modules\\p-limit'
200 silly reify ]
201 silly reify mark retired [
201 silly reify   'C:\\Users\\kgh\\Documents\\Codex\\2026-08-06\\https-arcadiais-pages-dev-https-arcadiais\\node_modules\\p-locate'
201 silly reify ]
202 silly reify mark retired [
202 silly reify   'C:\\Users\\kgh\\Documents\\Codex\\2026-08-06\\https-arcadiais-pages-dev-https-arcadiais\\node_modules\\pako'
202 silly reify ]
203 silly reify mark retired [
203 silly reify   'C:\\Users\\kgh\\Documents\\Codex\\2026-08-06\\https-arcadiais-pages-dev-https-arcadiais\\node_modules\\parent-module'
203 silly reify ]
204 silly reify mark retired [
204 silly reify   'C:\\Users\\kgh\\Documents\\Codex\\2026-08-06\\https-arcadiais-pages-dev-https-arcadiais\\node_modules\\parse-css-color'
204 silly reify ]
205 silly reify mark retired [
205 silly reify   'C:\\Users\\kgh\\Documents\\Codex\\2026-08-06\\https-arcadiais-pages-dev-https-arcadiais\\node_modules\\path-exists'
205 silly reify ]
206 silly reify mark retired [
206 silly reify   'C:\\Users\\kgh\\Documents\\Codex\\2026-08-06\\https-arcadiais-pages-dev-https-arcadiais\\node_modules\\path-parse'
206 silly reify ]
207 silly reify mark retired [
207 silly reify   'C:\\Users\\kgh\\Documents\\Codex\\2026-08-06\\https-arcadiais-pages-dev-https-arcadiais\\node_modules\\path-to-regexp'
207 silly reify ]
208 silly reify mark retired [
208 silly reify   'C:\\Users\\kgh\\Documents\\Codex\\2026-08-06\\https-arcadiais-pages-dev-https-arcadiais\\node_modules\\picocolors'
208 silly reify ]
209 silly reify mark retired [
209 silly reify   'C:\\Users\\kgh\\Documents\\Codex\\2026-08-06\\https-arcadiais-pages-dev-https-arcadiais\\node_modules\\pathe'
209 silly reify ]
210 silly reify mark retired [
210 silly reify   'C:\\Users\\kgh\\Documents\\Codex\\2026-08-06\\https-arcadiais-pages-dev-https-arcadiais\\node_modules\\possible-typed-array-names'
210 silly reify ]
211 silly reify mark retired [
211 silly reify   'C:\\Users\\kgh\\Documents\\Codex\\2026-08-06\\https-arcadiais-pages-dev-https-arcadiais\\node_modules\\postcss'
211 silly reify ]
212 silly reify mark retired [
212 silly reify   'C:\\Users\\kgh\\Documents\\Codex\\2026-08-06\\https-arcadiais-pages-dev-https-arcadiais\\node_modules\\picomatch'
212 silly reify ]
213 silly reify mark retired [
213 silly reify   'C:\\Users\\kgh\\Documents\\Codex\\2026-08-06\\https-arcadiais-pages-dev-https-arcadiais\\node_modules\\postcss-value-parser'
213 silly reify ]
214 silly reify mark retired [
214 silly reify   'C:\\Users\\kgh\\Documents\\Codex\\2026-08-06\\https-arcadiais-pages-dev-https-arcadiais\\node_modules\\prelude-ls'
214 silly reify ]
215 silly reify mark retired [
215 silly reify   'C:\\Users\\kgh\\Documents\\Codex\\2026-08-06\\https-arcadiais-pages-dev-https-arcadiais\\node_modules\\prop-types'
215 silly reify ]
216 silly reify mark retired [
216 silly reify   'C:\\Users\\kgh\\Documents\\Codex\\2026-08-06\\https-arcadiais-pages-dev-https-arcadiais\\node_modules\\punycode'
216 silly reify ]
217 silly reify mark retired [
217 silly reify   'C:\\Users\\kgh\\Documents\\Codex\\2026-08-06\\https-arcadiais-pages-dev-https-arcadiais\\node_modules\\react'
217 silly reify ]
218 silly reify mark retired [
218 silly reify   'C:\\Users\\kgh\\Documents\\Codex\\2026-08-06\\https-arcadiais-pages-dev-https-arcadiais\\node_modules\\queue-microtask'
218 silly reify ]
219 silly reify mark retired [
219 silly reify   'C:\\Users\\kgh\\Documents\\Codex\\2026-08-06\\https-arcadiais-pages-dev-https-arcadiais\\node_modules\\react-dom'
219 silly reify ]
220 silly reify mark retired [
220 silly reify   'C:\\Users\\kgh\\Documents\\Codex\\2026-08-06\\https-arcadiais-pages-dev-https-arcadiais\\node_modules\\react-loading-skeleton'
220 silly reify ]
221 silly reify mark retired [
221 silly reify   'C:\\Users\\kgh\\Documents\\Codex\\2026-08-06\\https-arcadiais-pages-dev-https-arcadiais\\node_modules\\react-is'
221 silly reify ]
222 silly reify mark retired [
222 silly reify   'C:\\Users\\kgh\\Documents\\Codex\\2026-08-06\\https-arcadiais-pages-dev-https-arcadiais\\node_modules\\reflect.getprototypeof'
222 silly reify ]
223 silly reify mark retired [
223 silly reify   'C:\\Users\\kgh\\Documents\\Codex\\2026-08-06\\https-arcadiais-pages-dev-https-arcadiais\\node_modules\\regexp.prototype.flags'
223 silly reify ]
224 silly reify mark retired [
224 silly reify   'C:\\Users\\kgh\\Documents\\Codex\\2026-08-06\\https-arcadiais-pages-dev-https-arcadiais\\node_modules\\react-server-dom-webpack'
224 silly reify ]
225 silly reify mark retired [
225 silly reify   'C:\\Users\\kgh\\Documents\\Codex\\2026-08-06\\https-arcadiais-pages-dev-https-arcadiais\\node_modules\\resolve'
225 silly reify ]
226 silly reify mark retired [
226 silly reify   'C:\\Users\\kgh\\Documents\\Codex\\2026-08-06\\https-arcadiais-pages-dev-https-arcadiais\\node_modules\\resolve-from'
226 silly reify ]
227 silly reify mark retired [
227 silly reify   'C:\\Users\\kgh\\Documents\\Codex\\2026-08-06\\https-arcadiais-pages-dev-https-arcadiais\\node_modules\\reusify'
227 silly reify ]
228 silly reify mark retired [
228 silly reify   'C:\\Users\\kgh\\Documents\\Codex\\2026-08-06\\https-arcadiais-pages-dev-https-arcadiais\\node_modules\\rolldown'
228 silly reify ]
229 silly reify mark retired [
229 silly reify   'C:\\Users\\kgh\\Documents\\Codex\\2026-08-06\\https-arcadiais-pages-dev-https-arcadiais\\node_modules\\run-parallel'
229 silly reify ]
230 silly reify mark retired [
230 silly reify   'C:\\Users\\kgh\\Documents\\Codex\\2026-08-06\\https-arcadiais-pages-dev-https-arcadiais\\node_modules\\safe-array-concat'
230 silly reify ]
231 silly reify mark retired [
231 silly reify   'C:\\Users\\kgh\\Documents\\Codex\\2026-08-06\\https-arcadiais-pages-dev-https-arcadiais\\node_modules\\safe-push-apply'
231 silly reify ]
232 silly reify mark retired [
232 silly reify   'C:\\Users\\kgh\\Documents\\Codex\\2026-08-06\\https-arcadiais-pages-dev-https-arcadiais\\node_modules\\safe-regex-test'
232 silly reify ]
233 silly reify mark retired [
233 silly reify   'C:\\Users\\kgh\\Documents\\Codex\\2026-08-06\\https-arcadiais-pages-dev-https-arcadiais\\node_modules\\schema-utils'
233 silly reify ]
234 silly reify mark retired [
234 silly reify   'C:\\Users\\kgh\\Documents\\Codex\\2026-08-06\\https-arcadiais-pages-dev-https-arcadiais\\node_modules\\satori'
234 silly reify ]
235 silly reify mark retired [
235 silly reify   'C:\\Users\\kgh\\Documents\\Codex\\2026-08-06\\https-arcadiais-pages-dev-https-arcadiais\\node_modules\\semver'
235 silly reify ]
236 silly reify mark retired [
236 silly reify   'C:\\Users\\kgh\\Documents\\Codex\\2026-08-06\\https-arcadiais-pages-dev-https-arcadiais\\node_modules\\scheduler'
236 silly reify ]
237 silly reify mark retired [
237 silly reify   'C:\\Users\\kgh\\Documents\\Codex\\2026-08-06\\https-arcadiais-pages-dev-https-arcadiais\\node_modules\\set-function-length'
237 silly reify ]
238 silly reify mark retired [
238 silly reify   'C:\\Users\\kgh\\Documents\\Codex\\2026-08-06\\https-arcadiais-pages-dev-https-arcadiais\\node_modules\\sharp'
238 silly reify ]
239 silly reify mark retired [
239 silly reify   'C:\\Users\\kgh\\Documents\\Codex\\2026-08-06\\https-arcadiais-pages-dev-https-arcadiais\\node_modules\\set-proto'
239 silly reify ]
240 silly reify mark retired [
240 silly reify   'C:\\Users\\kgh\\Documents\\Codex\\2026-08-06\\https-arcadiais-pages-dev-https-arcadiais\\node_modules\\set-function-name'
240 silly reify ]
241 silly reify mark retired [
241 silly reify   'C:\\Users\\kgh\\Documents\\Codex\\2026-08-06\\https-arcadiais-pages-dev-https-arcadiais\\node_modules\\side-channel-list'
241 silly reify ]
242 silly reify mark retired [
242 silly reify   'C:\\Users\\kgh\\Documents\\Codex\\2026-08-06\\https-arcadiais-pages-dev-https-arcadiais\\node_modules\\source-map'
242 silly reify ]
243 silly reify mark retired [
243 silly reify   'C:\\Users\\kgh\\Documents\\Codex\\2026-08-06\\https-arcadiais-pages-dev-https-arcadiais\\node_modules\\source-map-js'
243 silly reify ]
244 silly reify mark retired [
244 silly reify   'C:\\Users\\kgh\\Documents\\Codex\\2026-08-06\\https-arcadiais-pages-dev-https-arcadiais\\node_modules\\source-map-support'
244 silly reify ]
245 silly reify mark retired [
245 silly reify   'C:\\Users\\kgh\\Documents\\Codex\\2026-08-06\\https-arcadiais-pages-dev-https-arcadiais\\node_modules\\srvx'
245 silly reify ]
246 silly reify mark retired [
246 silly reify   'C:\\Users\\kgh\\Documents\\Codex\\2026-08-06\\https-arcadiais-pages-dev-https-arcadiais\\node_modules\\stop-iteration-iterator'
246 silly reify ]
247 silly reify mark retired [
247 silly reify   'C:\\Users\\kgh\\Documents\\Codex\\2026-08-06\\https-arcadiais-pages-dev-https-arcadiais\\node_modules\\string.prototype.codepointat'
247 silly reify ]
248 silly reify mark retired [
248 silly reify   'C:\\Users\\kgh\\Documents\\Codex\\2026-08-06\\https-arcadiais-pages-dev-https-arcadiais\\node_modules\\string.prototype.includes'
248 silly reify ]
249 silly reify mark retired [
249 silly reify   'C:\\Users\\kgh\\Documents\\Codex\\2026-08-06\\https-arcadiais-pages-dev-https-arcadiais\\node_modules\\string.prototype.matchall'
249 silly reify ]
250 silly reify mark retired [
250 silly reify   'C:\\Users\\kgh\\Documents\\Codex\\2026-08-06\\https-arcadiais-pages-dev-https-arcadiais\\node_modules\\string.prototype.trim'
250 silly reify ]
251 silly reify mark retired [
251 silly reify   'C:\\Users\\kgh\\Documents\\Codex\\2026-08-06\\https-arcadiais-pages-dev-https-arcadiais\\node_modules\\string.prototype.trimend'
251 silly reify ]
252 silly reify mark retired [
252 silly reify   'C:\\Users\\kgh\\Documents\\Codex\\2026-08-06\\https-arcadiais-pages-dev-https-arcadiais\\node_modules\\string.prototype.trimstart'
252 silly reify ]
253 silly reify mark retired [
253 silly reify   'C:\\Users\\kgh\\Documents\\Codex\\2026-08-06\\https-arcadiais-pages-dev-https-arcadiais\\node_modules\\strip-literal'
253 silly reify ]
254 silly reify mark retired [
254 silly reify   'C:\\Users\\kgh\\Documents\\Codex\\2026-08-06\\https-arcadiais-pages-dev-https-arcadiais\\node_modules\\string.prototype.repeat'
254 silly reify ]
255 silly reify mark retired [
255 silly reify   'C:\\Users\\kgh\\Documents\\Codex\\2026-08-06\\https-arcadiais-pages-dev-https-arcadiais\\node_modules\\strip-json-comments'
255 silly reify ]
256 silly reify mark retired [
256 silly reify   'C:\\Users\\kgh\\Documents\\Codex\\2026-08-06\\https-arcadiais-pages-dev-https-arcadiais\\node_modules\\supports-preserve-symlinks-flag'
256 silly reify ]
257 silly reify mark retired [
257 silly reify   'C:\\Users\\kgh\\Documents\\Codex\\2026-08-06\\https-arcadiais-pages-dev-https-arcadiais\\node_modules\\supports-color'
257 silly reify ]
258 silly reify mark retired [
258 silly reify   'C:\\Users\\kgh\\Documents\\Codex\\2026-08-06\\https-arcadiais-pages-dev-https-arcadiais\\node_modules\\terser'
258 silly reify ]
259 silly reify mark retired [
259 silly reify   'C:\\Users\\kgh\\Documents\\Codex\\2026-08-06\\https-arcadiais-pages-dev-https-arcadiais\\node_modules\\tailwindcss'
259 silly reify ]
260 silly reify mark retired [
260 silly reify   'C:\\Users\\kgh\\Documents\\Codex\\2026-08-06\\https-arcadiais-pages-dev-https-arcadiais\\node_modules\\tapable'
260 silly reify ]
261 silly reify mark retired [
261 silly reify   'C:\\Users\\kgh\\Documents\\Codex\\2026-08-06\\https-arcadiais-pages-dev-https-arcadiais\\node_modules\\tiny-inflate'
261 silly reify ]
262 silly reify mark retired [
262 silly reify   'C:\\Users\\kgh\\Documents\\Codex\\2026-08-06\\https-arcadiais-pages-dev-https-arcadiais\\node_modules\\terser-webpack-plugin'
262 silly reify ]
263 silly reify mark retired [
263 silly reify   'C:\\Users\\kgh\\Documents\\Codex\\2026-08-06\\https-arcadiais-pages-dev-https-arcadiais\\node_modules\\tinyglobby'
263 silly reify ]
264 silly reify mark retired [
264 silly reify   'C:\\Users\\kgh\\Documents\\Codex\\2026-08-06\\https-arcadiais-pages-dev-https-arcadiais\\node_modules\\to-regex-range'
264 silly reify ]
265 silly reify mark retired [
265 silly reify   'C:\\Users\\kgh\\Documents\\Codex\\2026-08-06\\https-arcadiais-pages-dev-https-arcadiais\\node_modules\\ts-api-utils'
265 silly reify ]
266 silly reify mark retired [
266 silly reify   'C:\\Users\\kgh\\Documents\\Codex\\2026-08-06\\https-arcadiais-pages-dev-https-arcadiais\\node_modules\\tslib'
266 silly reify ]
267 silly reify mark retired [
267 silly reify   'C:\\Users\\kgh\\Documents\\Codex\\2026-08-06\\https-arcadiais-pages-dev-https-arcadiais\\node_modules\\tsx'
267 silly reify ]
268 silly reify mark retired [
268 silly reify   'C:\\Users\\kgh\\Documents\\Codex\\2026-08-06\\https-arcadiais-pages-dev-https-arcadiais\\node_modules\\turbo-stream'
268 silly reify ]
269 silly reify mark retired [
269 silly reify   'C:\\Users\\kgh\\Documents\\Codex\\2026-08-06\\https-arcadiais-pages-dev-https-arcadiais\\node_modules\\type-check'
269 silly reify ]
270 silly reify mark retired [
270 silly reify   'C:\\Users\\kgh\\Documents\\Codex\\2026-08-06\\https-arcadiais-pages-dev-https-arcadiais\\node_modules\\typed-array-byte-offset'
270 silly reify ]
271 silly reify mark retired [
271 silly reify   'C:\\Users\\kgh\\Documents\\Codex\\2026-08-06\\https-arcadiais-pages-dev-https-arcadiais\\node_modules\\typed-array-byte-length'
271 silly reify ]
272 silly reify mark retired [
272 silly reify   'C:\\Users\\kgh\\Documents\\Codex\\2026-08-06\\https-arcadiais-pages-dev-https-arcadiais\\node_modules\\typed-array-buffer'
272 silly reify ]
273 silly reify mark retired [
273 silly reify   'C:\\Users\\kgh\\Documents\\Codex\\2026-08-06\\https-arcadiais-pages-dev-https-arcadiais\\node_modules\\typed-array-length'
273 silly reify ]
274 silly reify mark retired [
274 silly reify   'C:\\Users\\kgh\\Documents\\Codex\\2026-08-06\\https-arcadiais-pages-dev-https-arcadiais\\node_modules\\typescript-eslint'
274 silly reify ]
275 silly reify mark retired [
275 silly reify   'C:\\Users\\kgh\\Documents\\Codex\\2026-08-06\\https-arcadiais-pages-dev-https-arcadiais\\node_modules\\undici'
275 silly reify ]
276 silly reify mark retired [
276 silly reify   'C:\\Users\\kgh\\Documents\\Codex\\2026-08-06\\https-arcadiais-pages-dev-https-arcadiais\\node_modules\\unbox-primitive'
276 silly reify ]
277 silly reify mark retired [
277 silly reify   'C:\\Users\\kgh\\Documents\\Codex\\2026-08-06\\https-arcadiais-pages-dev-https-arcadiais\\node_modules\\unenv'
277 silly reify ]
278 silly reify mark retired [
278 silly reify   'C:\\Users\\kgh\\Documents\\Codex\\2026-08-06\\https-arcadiais-pages-dev-https-arcadiais\\node_modules\\unicode-trie'
278 silly reify ]
279 silly reify mark retired [
279 silly reify   'C:\\Users\\kgh\\Documents\\Codex\\2026-08-06\\https-arcadiais-pages-dev-https-arcadiais\\node_modules\\update-browserslist-db'
279 silly reify ]
280 silly reify mark retired [
280 silly reify   'C:\\Users\\kgh\\Documents\\Codex\\2026-08-06\\https-arcadiais-pages-dev-https-arcadiais\\node_modules\\unpic'
280 silly reify ]
281 silly reify mark retired [
281 silly reify   'C:\\Users\\kgh\\Documents\\Codex\\2026-08-06\\https-arcadiais-pages-dev-https-arcadiais\\node_modules\\uri-js'
281 silly reify ]
282 silly reify mark retired [
282 silly reify   'C:\\Users\\kgh\\Documents\\Codex\\2026-08-06\\https-arcadiais-pages-dev-https-arcadiais\\node_modules\\vite'
282 silly reify ]
283 silly reify mark retired [
283 silly reify   'C:\\Users\\kgh\\Documents\\Codex\\2026-08-06\\https-arcadiais-pages-dev-https-arcadiais\\node_modules\\vinext'
283 silly reify ]
284 silly reify mark retired [
284 silly reify   'C:\\Users\\kgh\\Documents\\Codex\\2026-08-06\\https-arcadiais-pages-dev-https-arcadiais\\node_modules\\vite-plugin-commonjs'
284 silly reify ]
285 silly reify mark retired [
285 silly reify   'C:\\Users\\kgh\\Documents\\Codex\\2026-08-06\\https-arcadiais-pages-dev-https-arcadiais\\node_modules\\vite-plugin-dynamic-import'
285 silly reify ]
286 silly reify mark retired [
286 silly reify   'C:\\Users\\kgh\\Documents\\Codex\\2026-08-06\\https-arcadiais-pages-dev-https-arcadiais\\node_modules\\watchpack'
286 silly reify ]
287 silly reify mark retired [
287 silly reify   'C:\\Users\\kgh\\Documents\\Codex\\2026-08-06\\https-arcadiais-pages-dev-https-arcadiais\\node_modules\\webpack'
287 silly reify ]
288 silly reify mark retired [
288 silly reify   'C:\\Users\\kgh\\Documents\\Codex\\2026-08-06\\https-arcadiais-pages-dev-https-arcadiais\\node_modules\\web-vitals'
288 silly reify ]
289 silly reify mark retired [
289 silly reify   'C:\\Users\\kgh\\Documents\\Codex\\2026-08-06\\https-arcadiais-pages-dev-https-arcadiais\\node_modules\\webpack-sources'
289 silly reify ]
290 silly reify mark retired [
290 silly reify   'C:\\Users\\kgh\\Documents\\Codex\\2026-08-06\\https-arcadiais-pages-dev-https-arcadiais\\node_modules\\which-boxed-primitive'
290 silly reify ]
291 silly reify mark retired [
291 silly reify   'C:\\Users\\kgh\\Documents\\Codex\\2026-08-06\\https-arcadiais-pages-dev-https-arcadiais\\node_modules\\which-collection'
291 silly reify ]
292 silly reify mark retired [
292 silly reify   'C:\\Users\\kgh\\Documents\\Codex\\2026-08-06\\https-arcadiais-pages-dev-https-arcadiais\\node_modules\\which-builtin-type'
292 silly reify ]
293 silly reify mark retired [
293 silly reify   'C:\\Users\\kgh\\Documents\\Codex\\2026-08-06\\https-arcadiais-pages-dev-https-arcadiais\\node_modules\\vitefu'
293 silly reify ]
294 silly reify mark retired [
294 silly reify   'C:\\Users\\kgh\\Documents\\Codex\\2026-08-06\\https-arcadiais-pages-dev-https-arcadiais\\node_modules\\word-wrap'
294 silly reify ]
295 silly reify mark retired [
295 silly reify   'C:\\Users\\kgh\\Documents\\Codex\\2026-08-06\\https-arcadiais-pages-dev-https-arcadiais\\node_modules\\which-typed-array'
295 silly reify ]
296 silly reify mark retired [
296 silly reify   'C:\\Users\\kgh\\Documents\\Codex\\2026-08-06\\https-arcadiais-pages-dev-https-arcadiais\\node_modules\\wrangler'
296 silly reify ]
297 silly reify mark retired [
297 silly reify   'C:\\Users\\kgh\\Documents\\Codex\\2026-08-06\\https-arcadiais-pages-dev-https-arcadiais\\node_modules\\yallist'
297 silly reify ]
298 silly reify mark retired [
298 silly reify   'C:\\Users\\kgh\\Documents\\Codex\\2026-08-06\\https-arcadiais-pages-dev-https-arcadiais\\node_modules\\workerd'
298 silly reify ]
299 silly reify mark retired [
299 silly reify   'C:\\Users\\kgh\\Documents\\Codex\\2026-08-06\\https-arcadiais-pages-dev-https-arcadiais\\node_modules\\ws'
299 silly reify ]
300 silly reify mark retired [
300 silly reify   'C:\\Users\\kgh\\Documents\\Codex\\2026-08-06\\https-arcadiais-pages-dev-https-arcadiais\\node_modules\\yocto-queue'
300 silly reify ]
301 silly reify mark retired [
301 silly reify   'C:\\Users\\kgh\\Documents\\Codex\\2026-08-06\\https-arcadiais-pages-dev-https-arcadiais\\node_modules\\youch-core'
301 silly reify ]
302 silly reify mark retired [
302 silly reify   'C:\\Users\\kgh\\Documents\\Codex\\2026-08-06\\https-arcadiais-pages-dev-https-arcadiais\\node_modules\\yoga-layout'
302 silly reify ]
303 silly reify mark retired [
303 silly reify   'C:\\Users\\kgh\\Documents\\Codex\\2026-08-06\\https-arcadiais-pages-dev-https-arcadiais\\node_modules\\@babel\\code-frame'
303 silly reify ]
304 silly reify mark retired [
304 silly reify   'C:\\Users\\kgh\\Documents\\Codex\\2026-08-06\\https-arcadiais-pages-dev-https-arcadiais\\node_modules\\youch'
304 silly reify ]
305 silly reify mark retired [
305 silly reify   'C:\\Users\\kgh\\Documents\\Codex\\2026-08-06\\https-arcadiais-pages-dev-https-arcadiais\\node_modules\\@babel\\compat-data'
305 silly reify ]
306 silly reify mark retired [
306 silly reify   'C:\\Users\\kgh\\Documents\\Codex\\2026-08-06\\https-arcadiais-pages-dev-https-arcadiais\\node_modules\\zod-validation-error'
306 silly reify ]
307 silly reify mark retired [
307 silly reify   'C:\\Users\\kgh\\Documents\\Codex\\2026-08-06\\https-arcadiais-pages-dev-https-arcadiais\\node_modules\\zod'
307 silly reify ]
308 silly reify mark retired [
308 silly reify   'C:\\Users\\kgh\\Documents\\Codex\\2026-08-06\\https-arcadiais-pages-dev-https-arcadiais\\node_modules\\@babel\\core'
308 silly reify ]
309 silly reify mark retired [
309 silly reify   'C:\\Users\\kgh\\Documents\\Codex\\2026-08-06\\https-arcadiais-pages-dev-https-arcadiais\\node_modules\\@babel\\generator'
309 silly reify ]
310 silly reify mark retired [
310 silly reify   'C:\\Users\\kgh\\Documents\\Codex\\2026-08-06\\https-arcadiais-pages-dev-https-arcadiais\\node_modules\\@babel\\helper-globals'
310 silly reify ]
311 silly reify mark retired [
311 silly reify   'C:\\Users\\kgh\\Documents\\Codex\\2026-08-06\\https-arcadiais-pages-dev-https-arcadiais\\node_modules\\@babel\\helper-compilation-targets'
311 silly reify ]
312 silly reify mark retired [
312 silly reify   'C:\\Users\\kgh\\Documents\\Codex\\2026-08-06\\https-arcadiais-pages-dev-https-arcadiais\\node_modules\\@babel\\helper-module-imports'
312 silly reify ]
313 silly reify mark retired [
313 silly reify   'C:\\Users\\kgh\\Documents\\Codex\\2026-08-06\\https-arcadiais-pages-dev-https-arcadiais\\node_modules\\@babel\\helper-module-transforms'
313 silly reify ]
314 silly reify mark retired [
314 silly reify   'C:\\Users\\kgh\\Documents\\Codex\\2026-08-06\\https-arcadiais-pages-dev-https-arcadiais\\node_modules\\@babel\\helper-string-parser'
314 silly reify ]
315 silly reify mark retired [
315 silly reify   'C:\\Users\\kgh\\Documents\\Codex\\2026-08-06\\https-arcadiais-pages-dev-https-arcadiais\\node_modules\\@babel\\helper-validator-option'
315 silly reify ]
316 silly reify mark retired [
316 silly reify   'C:\\Users\\kgh\\Documents\\Codex\\2026-08-06\\https-arcadiais-pages-dev-https-arcadiais\\node_modules\\@babel\\helper-validator-identifier'
316 silly reify ]
317 silly reify mark retired [
317 silly reify   'C:\\Users\\kgh\\Documents\\Codex\\2026-08-06\\https-arcadiais-pages-dev-https-arcadiais\\node_modules\\@babel\\helpers'
317 silly reify ]
318 silly reify mark retired [
318 silly reify   'C:\\Users\\kgh\\Documents\\Codex\\2026-08-06\\https-arcadiais-pages-dev-https-arcadiais\\node_modules\\@babel\\parser'
318 silly reify ]
319 silly reify mark retired [
319 silly reify   'C:\\Users\\kgh\\Documents\\Codex\\2026-08-06\\https-arcadiais-pages-dev-https-arcadiais\\node_modules\\@babel\\traverse'
319 silly reify ]
320 silly reify mark retired [
320 silly reify   'C:\\Users\\kgh\\Documents\\Codex\\2026-08-06\\https-arcadiais-pages-dev-https-arcadiais\\node_modules\\@babel\\types'
320 silly reify ]
321 silly reify mark retired [
321 silly reify   'C:\\Users\\kgh\\Documents\\Codex\\2026-08-06\\https-arcadiais-pages-dev-https-arcadiais\\node_modules\\@babel\\template'
321 silly reify ]
322 silly reify mark retired [
322 silly reify   'C:\\Users\\kgh\\Documents\\Codex\\2026-08-06\\https-arcadiais-pages-dev-https-arcadiais\\node_modules\\@cloudflare\\kv-asset-handler'
322 silly reify ]
323 silly reify mark retired [
323 silly reify   'C:\\Users\\kgh\\Documents\\Codex\\2026-08-06\\https-arcadiais-pages-dev-https-arcadiais\\node_modules\\@alloc\\quick-lru'
323 silly reify ]
324 silly reify mark retired [
324 silly reify   'C:\\Users\\kgh\\Documents\\Codex\\2026-08-06\\https-arcadiais-pages-dev-https-arcadiais\\node_modules\\@cspotcode\\source-map-support'
324 silly reify ]
325 silly reify mark retired [
325 silly reify   'C:\\Users\\kgh\\Documents\\Codex\\2026-08-06\\https-arcadiais-pages-dev-https-arcadiais\\node_modules\\@cloudflare\\unenv-preset'
325 silly reify ]
326 silly reify mark retired [
326 silly reify   'C:\\Users\\kgh\\Documents\\Codex\\2026-08-06\\https-arcadiais-pages-dev-https-arcadiais\\node_modules\\@drizzle-team\\brocli'
326 silly reify ]
327 silly reify mark retired [
327 silly reify   'C:\\Users\\kgh\\Documents\\Codex\\2026-08-06\\https-arcadiais-pages-dev-https-arcadiais\\node_modules\\@cloudflare\\workerd-windows-64'
327 silly reify ]
328 silly reify mark retired [
328 silly reify   'C:\\Users\\kgh\\Documents\\Codex\\2026-08-06\\https-arcadiais-pages-dev-https-arcadiais\\node_modules\\@emnapi\\runtime'
328 silly reify ]
329 silly reify mark retired [
329 silly reify   'C:\\Users\\kgh\\Documents\\Codex\\2026-08-06\\https-arcadiais-pages-dev-https-arcadiais\\node_modules\\@esbuild-kit\\esm-loader'
329 silly reify ]
330 silly reify mark retired [
330 silly reify   'C:\\Users\\kgh\\Documents\\Codex\\2026-08-06\\https-arcadiais-pages-dev-https-arcadiais\\node_modules\\@cloudflare\\vite-plugin'
330 silly reify ]
331 silly reify mark retired [
331 silly reify   'C:\\Users\\kgh\\Documents\\Codex\\2026-08-06\\https-arcadiais-pages-dev-https-arcadiais\\node_modules\\@esbuild-kit\\core-utils'
331 silly reify ]
332 silly reify mark retired [
332 silly reify   'C:\\Users\\kgh\\Documents\\Codex\\2026-08-06\\https-arcadiais-pages-dev-https-arcadiais\\node_modules\\@eslint-community\\eslint-utils'
332 silly reify ]
333 silly reify mark retired [
333 silly reify   'C:\\Users\\kgh\\Documents\\Codex\\2026-08-06\\https-arcadiais-pages-dev-https-arcadiais\\node_modules\\@eslint-community\\regexpp'
333 silly reify ]
334 silly reify mark retired [
334 silly reify   'C:\\Users\\kgh\\Documents\\Codex\\2026-08-06\\https-arcadiais-pages-dev-https-arcadiais\\node_modules\\@esbuild\\win32-x64'
334 silly reify ]
335 silly reify mark retired [
335 silly reify   'C:\\Users\\kgh\\Documents\\Codex\\2026-08-06\\https-arcadiais-pages-dev-https-arcadiais\\node_modules\\@eslint\\config-array'
335 silly reify ]
336 silly reify mark retired [
336 silly reify   'C:\\Users\\kgh\\Documents\\Codex\\2026-08-06\\https-arcadiais-pages-dev-https-arcadiais\\node_modules\\@eslint\\core'
336 silly reify ]
337 silly reify mark retired [
337 silly reify   'C:\\Users\\kgh\\Documents\\Codex\\2026-08-06\\https-arcadiais-pages-dev-https-arcadiais\\node_modules\\@eslint\\config-helpers'
337 silly reify ]
338 silly reify mark retired [
338 silly reify   'C:\\Users\\kgh\\Documents\\Codex\\2026-08-06\\https-arcadiais-pages-dev-https-arcadiais\\node_modules\\@eslint\\eslintrc'
338 silly reify ]
339 silly reify mark retired [
339 silly reify   'C:\\Users\\kgh\\Documents\\Codex\\2026-08-06\\https-arcadiais-pages-dev-https-arcadiais\\node_modules\\@eslint\\object-schema'
339 silly reify ]
340 silly reify mark retired [
340 silly reify   'C:\\Users\\kgh\\Documents\\Codex\\2026-08-06\\https-arcadiais-pages-dev-https-arcadiais\\node_modules\\@eslint\\plugin-kit'
340 silly reify ]
341 silly reify mark retired [
341 silly reify   'C:\\Users\\kgh\\Documents\\Codex\\2026-08-06\\https-arcadiais-pages-dev-https-arcadiais\\node_modules\\@eslint\\js'
341 silly reify ]
342 silly reify mark retired [
342 silly reify   'C:\\Users\\kgh\\Documents\\Codex\\2026-08-06\\https-arcadiais-pages-dev-https-arcadiais\\node_modules\\@humanwhocodes\\module-importer'
342 silly reify ]
343 silly reify mark retired [
343 silly reify   'C:\\Users\\kgh\\Documents\\Codex\\2026-08-06\\https-arcadiais-pages-dev-https-arcadiais\\node_modules\\@humanfs\\node'
343 silly reify ]
344 silly reify mark retired [
344 silly reify   'C:\\Users\\kgh\\Documents\\Codex\\2026-08-06\\https-arcadiais-pages-dev-https-arcadiais\\node_modules\\@humanfs\\core'
344 silly reify ]
345 silly reify mark retired [
345 silly reify   'C:\\Users\\kgh\\Documents\\Codex\\2026-08-06\\https-arcadiais-pages-dev-https-arcadiais\\node_modules\\@humanfs\\types'
345 silly reify ]
346 silly reify mark retired [
346 silly reify   'C:\\Users\\kgh\\Documents\\Codex\\2026-08-06\\https-arcadiais-pages-dev-https-arcadiais\\node_modules\\@humanwhocodes\\retry'
346 silly reify ]
347 silly reify mark retired [
347 silly reify   'C:\\Users\\kgh\\Documents\\Codex\\2026-08-06\\https-arcadiais-pages-dev-https-arcadiais\\node_modules\\@jridgewell\\gen-mapping'
347 silly reify ]
348 silly reify mark retired [
348 silly reify   'C:\\Users\\kgh\\Documents\\Codex\\2026-08-06\\https-arcadiais-pages-dev-https-arcadiais\\node_modules\\@jridgewell\\remapping'
348 silly reify ]
349 silly reify mark retired [
349 silly reify   'C:\\Users\\kgh\\Documents\\Codex\\2026-08-06\\https-arcadiais-pages-dev-https-arcadiais\\node_modules\\@img\\colour'
349 silly reify ]
350 silly reify mark retired [
350 silly reify   'C:\\Users\\kgh\\Documents\\Codex\\2026-08-06\\https-arcadiais-pages-dev-https-arcadiais\\node_modules\\@img\\sharp-win32-x64'
350 silly reify ]
351 silly reify mark retired [
351 silly reify   'C:\\Users\\kgh\\Documents\\Codex\\2026-08-06\\https-arcadiais-pages-dev-https-arcadiais\\node_modules\\@jridgewell\\resolve-uri'
351 silly reify ]
352 silly reify mark retired [
352 silly reify   'C:\\Users\\kgh\\Documents\\Codex\\2026-08-06\\https-arcadiais-pages-dev-https-arcadiais\\node_modules\\@jridgewell\\sourcemap-codec'
352 silly reify ]
353 silly reify mark retired [
353 silly reify   'C:\\Users\\kgh\\Documents\\Codex\\2026-08-06\\https-arcadiais-pages-dev-https-arcadiais\\node_modules\\@jridgewell\\trace-mapping'
353 silly reify ]
354 silly reify mark retired [
354 silly reify   'C:\\Users\\kgh\\Documents\\Codex\\2026-08-06\\https-arcadiais-pages-dev-https-arcadiais\\node_modules\\@jridgewell\\source-map'
354 silly reify ]
355 silly reify mark retired [
355 silly reify   'C:\\Users\\kgh\\Documents\\Codex\\2026-08-06\\https-arcadiais-pages-dev-https-arcadiais\\node_modules\\@next\\eslint-plugin-next'
355 silly reify ]
356 silly reify mark retired [
356 silly reify   'C:\\Users\\kgh\\Documents\\Codex\\2026-08-06\\https-arcadiais-pages-dev-https-arcadiais\\node_modules\\@oxc-project\\types'
356 silly reify ]
357 silly reify mark retired [
357 silly reify   'C:\\Users\\kgh\\Documents\\Codex\\2026-08-06\\https-arcadiais-pages-dev-https-arcadiais\\node_modules\\@poppinss\\colors'
357 silly reify ]
358 silly reify mark retired [
358 silly reify   'C:\\Users\\kgh\\Documents\\Codex\\2026-08-06\\https-arcadiais-pages-dev-https-arcadiais\\node_modules\\@nodelib\\fs.stat'
358 silly reify ]
359 silly reify mark retired [
359 silly reify   'C:\\Users\\kgh\\Documents\\Codex\\2026-08-06\\https-arcadiais-pages-dev-https-arcadiais\\node_modules\\@nodelib\\fs.scandir'
359 silly reify ]
360 silly reify mark retired [
360 silly reify   'C:\\Users\\kgh\\Documents\\Codex\\2026-08-06\\https-arcadiais-pages-dev-https-arcadiais\\node_modules\\@poppinss\\dumper'
360 silly reify ]
361 silly reify mark retired [
361 silly reify   'C:\\Users\\kgh\\Documents\\Codex\\2026-08-06\\https-arcadiais-pages-dev-https-arcadiais\\node_modules\\@nodelib\\fs.walk'
361 silly reify ]
362 silly reify mark retired [
362 silly reify   'C:\\Users\\kgh\\Documents\\Codex\\2026-08-06\\https-arcadiais-pages-dev-https-arcadiais\\node_modules\\@poppinss\\exception'
362 silly reify ]
363 silly reify mark retired [
363 silly reify   'C:\\Users\\kgh\\Documents\\Codex\\2026-08-06\\https-arcadiais-pages-dev-https-arcadiais\\node_modules\\@resvg\\resvg-wasm'
363 silly reify ]
364 silly reify mark retired [
364 silly reify   'C:\\Users\\kgh\\Documents\\Codex\\2026-08-06\\https-arcadiais-pages-dev-https-arcadiais\\node_modules\\@rolldown\\pluginutils'
364 silly reify ]
365 silly reify mark retired [
365 silly reify   'C:\\Users\\kgh\\Documents\\Codex\\2026-08-06\\https-arcadiais-pages-dev-https-arcadiais\\node_modules\\@rolldown\\binding-win32-x64-msvc'
365 silly reify ]
366 silly reify mark retired [
366 silly reify   'C:\\Users\\kgh\\Documents\\Codex\\2026-08-06\\https-arcadiais-pages-dev-https-arcadiais\\node_modules\\@sindresorhus\\is'
366 silly reify ]
367 silly reify mark retired [
367 silly reify   'C:\\Users\\kgh\\Documents\\Codex\\2026-08-06\\https-arcadiais-pages-dev-https-arcadiais\\node_modules\\@shuding\\opentype.js'
367 silly reify ]
368 silly reify mark retired [
368 silly reify   'C:\\Users\\kgh\\Documents\\Codex\\2026-08-06\\https-arcadiais-pages-dev-https-arcadiais\\node_modules\\@tailwindcss\\oxide'
368 silly reify ]
369 silly reify mark retired [
369 silly reify   'C:\\Users\\kgh\\Documents\\Codex\\2026-08-06\\https-arcadiais-pages-dev-https-arcadiais\\node_modules\\@tailwindcss\\oxide-win32-x64-msvc'
369 silly reify ]
370 silly reify mark retired [
370 silly reify   'C:\\Users\\kgh\\Documents\\Codex\\2026-08-06\\https-arcadiais-pages-dev-https-arcadiais\\node_modules\\@tailwindcss\\node'
370 silly reify ]
371 silly reify mark retired [
371 silly reify   'C:\\Users\\kgh\\Documents\\Codex\\2026-08-06\\https-arcadiais-pages-dev-https-arcadiais\\node_modules\\@speed-highlight\\core'
371 silly reify ]
372 silly reify mark retired [
372 silly reify   'C:\\Users\\kgh\\Documents\\Codex\\2026-08-06\\https-arcadiais-pages-dev-https-arcadiais\\node_modules\\@tailwindcss\\postcss'
372 silly reify ]
373 silly reify mark retired [
373 silly reify   'C:\\Users\\kgh\\Documents\\Codex\\2026-08-06\\https-arcadiais-pages-dev-https-arcadiais\\node_modules\\@typescript-eslint\\eslint-plugin'
373 silly reify ]
374 silly reify mark retired [
374 silly reify   'C:\\Users\\kgh\\Documents\\Codex\\2026-08-06\\https-arcadiais-pages-dev-https-arcadiais\\node_modules\\@typescript-eslint\\project-service'
374 silly reify ]
375 silly reify mark retired [
375 silly reify   'C:\\Users\\kgh\\Documents\\Codex\\2026-08-06\\https-arcadiais-pages-dev-https-arcadiais\\node_modules\\@typescript-eslint\\scope-manager'
375 silly reify ]
376 silly reify mark retired [
376 silly reify   'C:\\Users\\kgh\\Documents\\Codex\\2026-08-06\\https-arcadiais-pages-dev-https-arcadiais\\node_modules\\@typescript-eslint\\parser'
376 silly reify ]
377 silly reify mark retired [
377 silly reify   'C:\\Users\\kgh\\Documents\\Codex\\2026-08-06\\https-arcadiais-pages-dev-https-arcadiais\\node_modules\\@typescript-eslint\\tsconfig-utils'
377 silly reify ]
378 silly reify mark retired [
378 silly reify   'C:\\Users\\kgh\\Documents\\Codex\\2026-08-06\\https-arcadiais-pages-dev-https-arcadiais\\node_modules\\@typescript-eslint\\type-utils'
378 silly reify ]
379 silly reify mark retired [
379 silly reify   'C:\\Users\\kgh\\Documents\\Codex\\2026-08-06\\https-arcadiais-pages-dev-https-arcadiais\\node_modules\\@typescript-eslint\\types'
379 silly reify ]
380 silly reify mark retired [
380 silly reify   'C:\\Users\\kgh\\Documents\\Codex\\2026-08-06\\https-arcadiais-pages-dev-https-arcadiais\\node_modules\\@typescript-eslint\\typescript-estree'
380 silly reify ]
381 silly reify mark retired [
381 silly reify   'C:\\Users\\kgh\\Documents\\Codex\\2026-08-06\\https-arcadiais-pages-dev-https-arcadiais\\node_modules\\@typescript-eslint\\utils'
381 silly reify ]
382 silly reify mark retired [
382 silly reify   'C:\\Users\\kgh\\Documents\\Codex\\2026-08-06\\https-arcadiais-pages-dev-https-arcadiais\\node_modules\\@typescript-eslint\\visitor-keys'
382 silly reify ]
383 silly reify mark retired [
383 silly reify   'C:\\Users\\kgh\\Documents\\Codex\\2026-08-06\\https-arcadiais-pages-dev-https-arcadiais\\node_modules\\@types\\eslint-scope'
383 silly reify ]
384 silly reify mark retired [
384 silly reify   'C:\\Users\\kgh\\Documents\\Codex\\2026-08-06\\https-arcadiais-pages-dev-https-arcadiais\\node_modules\\@types\\eslint'
384 silly reify ]
385 silly reify mark retired [
385 silly reify   'C:\\Users\\kgh\\Documents\\Codex\\2026-08-06\\https-arcadiais-pages-dev-https-arcadiais\\node_modules\\@types\\estree'
385 silly reify ]
386 silly reify mark retired [
386 silly reify   'C:\\Users\\kgh\\Documents\\Codex\\2026-08-06\\https-arcadiais-pages-dev-https-arcadiais\\node_modules\\@types\\json-schema'
386 silly reify ]
387 silly reify mark retired [
387 silly reify   'C:\\Users\\kgh\\Documents\\Codex\\2026-08-06\\https-arcadiais-pages-dev-https-arcadiais\\node_modules\\@unpic\\core'
387 silly reify ]
388 silly reify mark retired [
388 silly reify   'C:\\Users\\kgh\\Documents\\Codex\\2026-08-06\\https-arcadiais-pages-dev-https-arcadiais\\node_modules\\@unpic\\react'
388 silly reify ]
389 silly reify mark retired [
389 silly reify   'C:\\Users\\kgh\\Documents\\Codex\\2026-08-06\\https-arcadiais-pages-dev-https-arcadiais\\node_modules\\@types\\node'
389 silly reify ]
390 silly reify mark retired [
390 silly reify   'C:\\Users\\kgh\\Documents\\Codex\\2026-08-06\\https-arcadiais-pages-dev-https-arcadiais\\node_modules\\@types\\react-dom'
390 silly reify ]
391 silly reify mark retired [
391 silly reify   'C:\\Users\\kgh\\Documents\\Codex\\2026-08-06\\https-arcadiais-pages-dev-https-arcadiais\\node_modules\\@vercel\\og'
391 silly reify ]
392 silly reify mark retired [
392 silly reify   'C:\\Users\\kgh\\Documents\\Codex\\2026-08-06\\https-arcadiais-pages-dev-https-arcadiais\\node_modules\\@vinext\\types'
392 silly reify ]
393 silly reify mark retired [
393 silly reify   'C:\\Users\\kgh\\Documents\\Codex\\2026-08-06\\https-arcadiais-pages-dev-https-arcadiais\\node_modules\\@webassemblyjs\\ast'
393 silly reify ]
394 silly reify mark retired [
394 silly reify   'C:\\Users\\kgh\\Documents\\Codex\\2026-08-06\\https-arcadiais-pages-dev-https-arcadiais\\node_modules\\@vitejs\\plugin-react'
394 silly reify ]
395 silly reify mark retired [
395 silly reify   'C:\\Users\\kgh\\Documents\\Codex\\2026-08-06\\https-arcadiais-pages-dev-https-arcadiais\\node_modules\\@webassemblyjs\\floating-point-hex-parser'
395 silly reify ]
396 silly reify mark retired [
396 silly reify   'C:\\Users\\kgh\\Documents\\Codex\\2026-08-06\\https-arcadiais-pages-dev-https-arcadiais\\node_modules\\@webassemblyjs\\helper-api-error'
396 silly reify ]
397 silly reify mark retired [
397 silly reify   'C:\\Users\\kgh\\Documents\\Codex\\2026-08-06\\https-arcadiais-pages-dev-https-arcadiais\\node_modules\\@webassemblyjs\\helper-buffer'
397 silly reify ]
398 silly reify mark retired [
398 silly reify   'C:\\Users\\kgh\\Documents\\Codex\\2026-08-06\\https-arcadiais-pages-dev-https-arcadiais\\node_modules\\@vitejs\\plugin-rsc'
398 silly reify ]
399 silly reify mark retired [
399 silly reify   'C:\\Users\\kgh\\Documents\\Codex\\2026-08-06\\https-arcadiais-pages-dev-https-arcadiais\\node_modules\\@webassemblyjs\\helper-wasm-bytecode'
399 silly reify ]
400 silly reify mark retired [
400 silly reify   'C:\\Users\\kgh\\Documents\\Codex\\2026-08-06\\https-arcadiais-pages-dev-https-arcadiais\\node_modules\\@webassemblyjs\\helper-numbers'
400 silly reify ]
401 silly reify mark retired [
401 silly reify   'C:\\Users\\kgh\\Documents\\Codex\\2026-08-06\\https-arcadiais-pages-dev-https-arcadiais\\node_modules\\@webassemblyjs\\helper-wasm-section'
401 silly reify ]
402 silly reify mark retired [
402 silly reify   'C:\\Users\\kgh\\Documents\\Codex\\2026-08-06\\https-arcadiais-pages-dev-https-arcadiais\\node_modules\\@webassemblyjs\\ieee754'
402 silly reify ]
403 silly reify mark retired [
403 silly reify   'C:\\Users\\kgh\\Documents\\Codex\\2026-08-06\\https-arcadiais-pages-dev-https-arcadiais\\node_modules\\@webassemblyjs\\leb128'
403 silly reify ]
404 silly reify mark retired [
404 silly reify   'C:\\Users\\kgh\\Documents\\Codex\\2026-08-06\\https-arcadiais-pages-dev-https-arcadiais\\node_modules\\@webassemblyjs\\wasm-edit'
404 silly reify ]
405 silly reify mark retired [
405 silly reify   'C:\\Users\\kgh\\Documents\\Codex\\2026-08-06\\https-arcadiais-pages-dev-https-arcadiais\\node_modules\\@webassemblyjs\\utf8'
405 silly reify ]
406 silly reify mark retired [
406 silly reify   'C:\\Users\\kgh\\Documents\\Codex\\2026-08-06\\https-arcadiais-pages-dev-https-arcadiais\\node_modules\\@webassemblyjs\\wasm-gen'
406 silly reify ]
407 silly reify mark retired [
407 silly reify   'C:\\Users\\kgh\\Documents\\Codex\\2026-08-06\\https-arcadiais-pages-dev-https-arcadiais\\node_modules\\@xtuc\\ieee754'
407 silly reify ]
408 silly reify mark retired [
408 silly reify   'C:\\Users\\kgh\\Documents\\Codex\\2026-08-06\\https-arcadiais-pages-dev-https-arcadiais\\node_modules\\@webassemblyjs\\wasm-parser'
408 silly reify ]
409 silly reify mark retired [
409 silly reify   'C:\\Users\\kgh\\Documents\\Codex\\2026-08-06\\https-arcadiais-pages-dev-https-arcadiais\\node_modules\\@xtuc\\long'
409 silly reify ]
410 silly reify mark retired [
410 silly reify   'C:\\Users\\kgh\\Documents\\Codex\\2026-08-06\\https-arcadiais-pages-dev-https-arcadiais\\node_modules\\@webassemblyjs\\wasm-opt'
410 silly reify ]
411 silly reify mark retired [
411 silly reify   'C:\\Users\\kgh\\Documents\\Codex\\2026-08-06\\https-arcadiais-pages-dev-https-arcadiais\\node_modules\\@webassemblyjs\\wast-printer'
411 silly reify ]
412 silly reify mark retired [
412 silly reify   'C:\\Users\\kgh\\Documents\\Codex\\2026-08-06\\https-arcadiais-pages-dev-https-arcadiais\\node_modules\\typescript',
412 silly reify   'C:\\Users\\kgh\\Documents\\Codex\\2026-08-06\\https-arcadiais-pages-dev-https-arcadiais\\node_modules\\.bin\\tsc',
412 silly reify   'C:\\Users\\kgh\\Documents\\Codex\\2026-08-06\\https-arcadiais-pages-dev-https-arcadiais\\node_modules\\.bin\\tsc.cmd',
412 silly reify   'C:\\Users\\kgh\\Documents\\Codex\\2026-08-06\\https-arcadiais-pages-dev-https-arcadiais\\node_modules\\.bin\\tsc.ps1',
412 silly reify   'C:\\Users\\kgh\\Documents\\Codex\\2026-08-06\\https-arcadiais-pages-dev-https-arcadiais\\node_modules\\.bin\\tsserver',
412 silly reify   'C:\\Users\\kgh\\Documents\\Codex\\2026-08-06\\https-arcadiais-pages-dev-https-arcadiais\\node_modules\\.bin\\tsserver.cmd',
412 silly reify   'C:\\Users\\kgh\\Documents\\Codex\\2026-08-06\\https-arcadiais-pages-dev-https-arcadiais\\node_modules\\.bin\\tsserver.ps1'
412 silly reify ]
413 silly reify mark retired [
413 silly reify   'C:\\Users\\kgh\\Documents\\Codex\\2026-08-06\\https-arcadiais-pages-dev-https-arcadiais\\node_modules\\which',
413 silly reify   'C:\\Users\\kgh\\Documents\\Codex\\2026-08-06\\https-arcadiais-pages-dev-https-arcadiais\\node_modules\\.bin\\node-which',
413 silly reify   'C:\\Users\\kgh\\Documents\\Codex\\2026-08-06\\https-arcadiais-pages-dev-https-arcadiais\\node_modules\\.bin\\node-which.cmd',
413 silly reify   'C:\\Users\\kgh\\Documents\\Codex\\2026-08-06\\https-arcadiais-pages-dev-https-arcadiais\\node_modules\\.bin\\node-which.ps1'
413 silly reify ]
414 silly reify moves {
414 silly reify   'C:\\Users\\kgh\\Documents\\Codex\\2026-08-06\\https-arcadiais-pages-dev-https-arcadiais\\node_modules\\acorn': 'C:\\Users\\kgh\\Documents\\Codex\\2026-08-06\\https-arcadiais-pages-dev-https-arcadiais\\node_modules\\.acorn-Aa0xNZ9s',
414 silly reify   'C:\\Users\\kgh\\Documents\\Codex\\2026-08-06\\https-arcadiais-pages-dev-https-arcadiais\\node_modules\\acorn-import-phases': 'C:\\Users\\kgh\\Documents\\Codex\\2026-08-06\\https-arcadiais-pages-dev-https-arcadiais\\node_modules\\.acorn-import-phases-vqROkhaF',
414 silly reify   'C:\\Users\\kgh\\Documents\\Codex\\2026-08-06\\https-arcadiais-pages-dev-https-arcadiais\\node_modules\\acorn-jsx': 'C:\\Users\\kgh\\Documents\\Codex\\2026-08-06\\https-arcadiais-pages-dev-https-arcadiais\\node_modules\\.acorn-jsx-WBwMiR9B',
414 silly reify   'C:\\Users\\kgh\\Documents\\Codex\\2026-08-06\\https-arcadiais-pages-dev-https-arcadiais\\node_modules\\ajv-formats': 'C:\\Users\\kgh\\Documents\\Codex\\2026-08-06\\https-arcadiais-pages-dev-https-arcadiais\\node_modules\\.ajv-formats-ZIy5bid2',
414 silly reify   'C:\\Users\\kgh\\Documents\\Codex\\2026-08-06\\https-arcadiais-pages-dev-https-arcadiais\\node_modules\\acorn-loose': 'C:\\Users\\kgh\\Documents\\Codex\\2026-08-06\\https-arcadiais-pages-dev-https-arcadiais\\node_modules\\.acorn-loose-W5SB7yyt',
414 silly reify   'C:\\Users\\kgh\\Documents\\Codex\\2026-08-06\\https-arcadiais-pages-dev-https-arcadiais\\node_modules\\ajv': 'C:\\Users\\kgh\\Documents\\Codex\\2026-08-06\\https-arcadiais-pages-dev-https-arcadiais\\node_modules\\.ajv-f2dP3NWj',
414 silly reify   'C:\\Users\\kgh\\Documents\\Codex\\2026-08-06\\https-arcadiais-pages-dev-https-arcadiais\\node_modules\\argparse': 'C:\\Users\\kgh\\Documents\\Codex\\2026-08-06\\https-arcadiais-pages-dev-https-arcadiais\\node_modules\\.argparse-bcb0MmF6',
414 silly reify   'C:\\Users\\kgh\\Documents\\Codex\\2026-08-06\\https-arcadiais-pages-dev-https-arcadiais\\node_modules\\array-includes': 'C:\\Users\\kgh\\Documents\\Codex\\2026-08-06\\https-arcadiais-pages-dev-https-arcadiais\\node_modules\\.array-includes-pY3JvoFz',
414 silly reify   'C:\\Users\\kgh\\Documents\\Codex\\2026-08-06\\https-arcadiais-pages-dev-https-arcadiais\\node_modules\\array-buffer-byte-length': 'C:\\Users\\kgh\\Documents\\Codex\\2026-08-06\\https-arcadiais-pages-dev-https-arcadiais\\node_modules\\.array-buffer-byte-length-BYWUe9il',
414 silly reify   'C:\\Users\\kgh\\Documents\\Codex\\2026-08-06\\https-arcadiais-pages-dev-https-arcadiais\\node_modules\\aria-query': 'C:\\Users\\kgh\\Documents\\Codex\\2026-08-06\\https-arcadiais-pages-dev-https-arcadiais\\node_modules\\.aria-query-LVqQwmLU',
414 silly reify   'C:\\Users\\kgh\\Documents\\Codex\\2026-08-06\\https-arcadiais-pages-dev-https-arcadiais\\node_modules\\array.prototype.findlast': 'C:\\Users\\kgh\\Documents\\Codex\\2026-08-06\\https-arcadiais-pages-dev-https-arcadiais\\node_modules\\.array.prototype.findlast-tHeW3NuM',
414 silly reify   'C:\\Users\\kgh\\Documents\\Codex\\2026-08-06\\https-arcadiais-pages-dev-https-arcadiais\\node_modules\\array.prototype.flat': 'C:\\Users\\kgh\\Documents\\Codex\\2026-08-06\\https-arcadiais-pages-dev-https-arcadiais\\node_modules\\.array.prototype.flat-vo6nPPkB',
414 silly reify   'C:\\Users\\kgh\\Documents\\Codex\\2026-08-06\\https-arcadiais-pages-dev-https-arcadiais\\node_modules\\array.prototype.tosorted': 'C:\\Users\\kgh\\Documents\\Codex\\2026-08-06\\https-arcadiais-pages-dev-https-arcadiais\\node_modules\\.array.prototype.tosorted-JjKajdWB',
414 silly reify   'C:\\Users\\kgh\\Documents\\Codex\\2026-08-06\\https-arcadiais-pages-dev-https-arcadiais\\node_modules\\array.prototype.flatmap': 'C:\\Users\\kgh\\Documents\\Codex\\2026-08-06\\https-arcadiais-pages-dev-https-arcadiais\\node_modules\\.array.prototype.flatmap-XZX6dhJt',
414 silly reify   'C:\\Users\\kgh\\Documents\\Codex\\2026-08-06\\https-arcadiais-pages-dev-https-arcadiais\\node_modules\\available-typed-arrays': 'C:\\Users\\kgh\\Documents\\Codex\\2026-08-06\\https-arcadiais-pages-dev-https-arcadiais\\node_modules\\.available-typed-arrays-hdu6cwlc',
414 silly reify   'C:\\Users\\kgh\\Documents\\Codex\\2026-08-06\\https-arcadiais-pages-dev-https-arcadiais\\node_modules\\arraybuffer.prototype.slice': 'C:\\Users\\kgh\\Documents\\Codex\\2026-08-06\\https-arcadiais-pages-dev-https-arcadiais\\node_modules\\.arraybuffer.prototype.slice-KiNeIvRg',
414 silly reify   'C:\\Users\\kgh\\Documents\\Codex\\2026-08-06\\https-arcadiais-pages-dev-https-arcadiais\\node_modules\\async-function': 'C:\\Users\\kgh\\Documents\\Codex\\2026-08-06\\https-arcadiais-pages-dev-https-arcadiais\\node_modules\\.async-function-X0H0ipQh',
414 silly reify   'C:\\Users\\kgh\\Documents\\Codex\\2026-08-06\\https-arcadiais-pages-dev-https-arcadiais\\node_modules\\axobject-query': 'C:\\Users\\kgh\\Documents\\Codex\\2026-08-06\\https-arcadiais-pages-dev-https-arcadiais\\node_modules\\.axobject-query-C2i7KT7E',
414 silly reify   'C:\\Users\\kgh\\Documents\\Codex\\2026-08-06\\https-arcadiais-pages-dev-https-arcadiais\\node_modules\\ast-types-flow': 'C:\\Users\\kgh\\Documents\\Codex\\2026-08-06\\https-arcadiais-pages-dev-https-arcadiais\\node_modules\\.ast-types-flow-OA1BpD2E',
414 silly reify   'C:\\Users\\kgh\\Documents\\Codex\\2026-08-06\\https-arcadiais-pages-dev-https-arcadiais\\node_modules\\base64-js': 'C:\\Users\\kgh\\Documents\\Codex\\2026-08-06\\https-arcadiais-pages-dev-https-arcadiais\\node_modules\\.base64-js-jE9mXXZl',
414 silly reify   'C:\\Users\\kgh\\Documents\\Codex\\2026-08-06\\https-arcadiais-pages-dev-https-arcadiais\\node_modules\\axe-core': 'C:\\Users\\kgh\\Documents\\Codex\\2026-08-06\\https-arcadiais-pages-dev-https-arcadiais\\node_modules\\.axe-core-G7BUzyp0',
414 silly reify   'C:\\Users\\kgh\\Documents\\Codex\\2026-08-06\\https-arcadiais-pages-dev-https-arcadiais\\node_modules\\blake3-wasm': 'C:\\Users\\kgh\\Documents\\Codex\\2026-08-06\\https-arcadiais-pages-dev-https-arcadiais\\node_modules\\.blake3-wasm-h2LoRI9c',
414 silly reify   'C:\\Users\\kgh\\Documents\\Codex\\2026-08-06\\https-arcadiais-pages-dev-https-arcadiais\\node_modules\\brace-expansion': 'C:\\Users\\kgh\\Documents\\Codex\\2026-08-06\\https-arcadiais-pages-dev-https-arcadiais\\node_modules\\.brace-expansion-1ViQE3gh',
414 silly reify   'C:\\Users\\kgh\\Documents\\Codex\\2026-08-06\\https-arcadiais-pages-dev-https-arcadiais\\node_modules\\baseline-browser-mapping': 'C:\\Users\\kgh\\Documents\\Codex\\2026-08-06\\https-arcadiais-pages-dev-https-arcadiais\\node_modules\\.baseline-browser-mapping-KuPEpEoz',
414 silly reify   'C:\\Users\\kgh\\Documents\\Codex\\2026-08-06\\https-arcadiais-pages-dev-https-arcadiais\\node_modules\\braces': 'C:\\Users\\kgh\\Documents\\Codex\\2026-08-06\\https-arcadiais-pages-dev-https-arcadiais\\node_modules\\.braces-aFmnLvnA',
414 silly reify   'C:\\Users\\kgh\\Documents\\Codex\\2026-08-06\\https-arcadiais-pages-dev-https-arcadiais\\node_modules\\buffer-from': 'C:\\Users\\kgh\\Documents\\Codex\\2026-08-06\\https-arcadiais-pages-dev-https-arcadiais\\node_modules\\.buffer-from-ZCgswPVa',
414 silly reify   'C:\\Users\\kgh\\Documents\\Codex\\2026-08-06\\https-arcadiais-pages-dev-https-arcadiais\\node_modules\\call-bind': 'C:\\Users\\kgh\\Documents\\Codex\\2026-08-06\\https-arcadiais-pages-dev-https-arcadiais\\node_modules\\.call-bind-YjXeeRsj',
414 silly reify   'C:\\Users\\kgh\\Documents\\Codex\\2026-08-06\\https-arcadiais-pages-dev-https-arcadiais\\node_modules\\browserslist': 'C:\\Users\\kgh\\Documents\\Codex\\2026-08-06\\https-arcadiais-pages-dev-https-arcadiais\\node_modules\\.browserslist-idSmvDtq',
414 silly reify   'C:\\Users\\kgh\\Documents\\Codex\\2026-08-06\\https-arcadiais-pages-dev-https-arcadiais\\node_modules\\caniuse-lite': 'C:\\Users\\kgh\\Documents\\Codex\\2026-08-06\\https-arcadiais-pages-dev-https-arcadiais\\node_modules\\.caniuse-lite-9tSBbtL2',
414 silly reify   'C:\\Users\\kgh\\Documents\\Codex\\2026-08-06\\https-arcadiais-pages-dev-https-arcadiais\\node_modules\\callsites': 'C:\\Users\\kgh\\Documents\\Codex\\2026-08-06\\https-arcadiais-pages-dev-https-arcadiais\\node_modules\\.callsites-s8ljVuL5',
414 silly reify   'C:\\Users\\kgh\\Documents\\Codex\\2026-08-06\\https-arcadiais-pages-dev-https-arcadiais\\node_modules\\camelize': 'C:\\Users\\kgh\\Documents\\Codex\\2026-08-06\\https-arcadiais-pages-dev-https-arcadiais\\node_modules\\.camelize-eqPECW85',
414 silly reify   'C:\\Users\\kgh\\Documents\\Codex\\2026-08-06\\https-arcadiais-pages-dev-https-arcadiais\\node_modules\\chrome-trace-event': 'C:\\Users\\kgh\\Documents\\Codex\\2026-08-06\\https-arcadiais-pages-dev-https-arcadiais\\node_modules\\.chrome-trace-event-ZGNBw9ao',
414 silly reify   'C:\\Users\\kgh\\Documents\\Codex\\2026-08-06\\https-arcadiais-pages-dev-https-arcadiais\\node_modules\\chalk': 'C:\\Users\\kgh\\Documents\\Codex\\2026-08-06\\https-arcadiais-pages-dev-https-arcadiais\\node_modules\\.chalk-SKEtdzxF',
414 silly reify   'C:\\Users\\kgh\\Documents\\Codex\\2026-08-06\\https-arcadiais-pages-dev-https-arcadiais\\node_modules\\concat-map': 'C:\\Users\\kgh\\Documents\\Codex\\2026-08-06\\https-arcadiais-pages-dev-https-arcadiais\\node_modules\\.concat-map-SouHtxHF',
414 silly reify   'C:\\Users\\kgh\\Documents\\Codex\\2026-08-06\\https-arcadiais-pages-dev-https-arcadiais\\node_modules\\commander': 'C:\\Users\\kgh\\Documents\\Codex\\2026-08-06\\https-arcadiais-pages-dev-https-arcadiais\\node_modules\\.commander-izAzXM59',
414 silly reify   'C:\\Users\\kgh\\Documents\\Codex\\2026-08-06\\https-arcadiais-pages-dev-https-arcadiais\\node_modules\\cookie': 'C:\\Users\\kgh\\Documents\\Codex\\2026-08-06\\https-arcadiais-pages-dev-https-arcadiais\\node_modules\\.cookie-L7V2UT5q',
414 silly reify   'C:\\Users\\kgh\\Documents\\Codex\\2026-08-06\\https-arcadiais-pages-dev-https-arcadiais\\node_modules\\convert-source-map': 'C:\\Users\\kgh\\Documents\\Codex\\2026-08-06\\https-arcadiais-pages-dev-https-arcadiais\\node_modules\\.convert-source-map-erO1I0jL',
414 silly reify   'C:\\Users\\kgh\\Documents\\Codex\\2026-08-06\\https-arcadiais-pages-dev-https-arcadiais\\node_modules\\css-color-keywords': 'C:\\Users\\kgh\\Documents\\Codex\\2026-08-06\\https-arcadiais-pages-dev-https-arcadiais\\node_modules\\.css-color-keywords-o7iTVL69',
414 silly reify   'C:\\Users\\kgh\\Documents\\Codex\\2026-08-06\\https-arcadiais-pages-dev-https-arcadiais\\node_modules\\css-background-parser': 'C:\\Users\\kgh\\Documents\\Codex\\2026-08-06\\https-arcadiais-pages-dev-https-arcadiais\\node_modules\\.css-background-parser-6FMzhXeU',
414 silly reify   'C:\\Users\\kgh\\Documents\\Codex\\2026-08-06\\https-arcadiais-pages-dev-https-arcadiais\\node_modules\\css-box-shadow': 'C:\\Users\\kgh\\Documents\\Codex\\2026-08-06\\https-arcadiais-pages-dev-https-arcadiais\\node_modules\\.css-box-shadow-Ywor7WKy',
414 silly reify   'C:\\Users\\kgh\\Documents\\Codex\\2026-08-06\\https-arcadiais-pages-dev-https-arcadiais\\node_modules\\css-to-react-native': 'C:\\Users\\kgh\\Documents\\Codex\\2026-08-06\\https-arcadiais-pages-dev-https-arcadiais\\node_modules\\.css-to-react-native-DaOodr7q',
414 silly reify   'C:\\Users\\kgh\\Documents\\Codex\\2026-08-06\\https-arcadiais-pages-dev-https-arcadiais\\node_modules\\css-gradient-parser': 'C:\\Users\\kgh\\Documents\\Codex\\2026-08-06\\https-arcadiais-pages-dev-https-arcadiais\\node_modules\\.css-gradient-parser-XwvoA2kn',
414 silly reify   'C:\\Users\\kgh\\Documents\\Codex\\2026-08-06\\https-arcadiais-pages-dev-https-arcadiais\\node_modules\\damerau-levenshtein': 'C:\\Users\\kgh\\Documents\\Codex\\2026-08-06\\https-arcadiais-pages-dev-https-arcadiais\\node_modules\\.damerau-levenshtein-Nrc8sjj7',
414 silly reify   'C:\\Users\\kgh\\Documents\\Codex\\2026-08-06\\https-arcadiais-pages-dev-https-arcadiais\\node_modules\\data-view-byte-length': 'C:\\Users\\kgh\\Documents\\Codex\\2026-08-06\\https-arcadiais-pages-dev-https-arcadiais\\node_modules\\.data-view-byte-length-Ymmi9nKr',
414 silly reify   'C:\\Users\\kgh\\Documents\\Codex\\2026-08-06\\https-arcadiais-pages-dev-https-arcadiais\\node_modules\\data-view-buffer': 'C:\\Users\\kgh\\Documents\\Codex\\2026-08-06\\https-arcadiais-pages-dev-https-arcadiais\\node_modules\\.data-view-buffer-JLgVJb9R',
414 silly reify   'C:\\Users\\kgh\\Documents\\Codex\\2026-08-06\\https-arcadiais-pages-dev-https-arcadiais\\node_modules\\deep-is': 'C:\\Users\\kgh\\Documents\\Codex\\2026-08-06\\https-arcadiais-pages-dev-https-arcadiais\\node_modules\\.deep-is-TLM54EBV',
414 silly reify   'C:\\Users\\kgh\\Documents\\Codex\\2026-08-06\\https-arcadiais-pages-dev-https-arcadiais\\node_modules\\data-view-byte-offset': 'C:\\Users\\kgh\\Documents\\Codex\\2026-08-06\\https-arcadiais-pages-dev-https-arcadiais\\node_modules\\.data-view-byte-offset-kKIjleYf',
414 silly reify   'C:\\Users\\kgh\\Documents\\Codex\\2026-08-06\\https-arcadiais-pages-dev-https-arcadiais\\node_modules\\define-data-property': 'C:\\Users\\kgh\\Documents\\Codex\\2026-08-06\\https-arcadiais-pages-dev-https-arcadiais\\node_modules\\.define-data-property-n1X2gSq2',
414 silly reify   'C:\\Users\\kgh\\Documents\\Codex\\2026-08-06\\https-arcadiais-pages-dev-https-arcadiais\\node_modules\\define-properties': 'C:\\Users\\kgh\\Documents\\Codex\\2026-08-06\\https-arcadiais-pages-dev-https-arcadiais\\node_modules\\.define-properties-qoGCHZh7',
414 silly reify   'C:\\Users\\kgh\\Documents\\Codex\\2026-08-06\\https-arcadiais-pages-dev-https-arcadiais\\node_modules\\doctrine': 'C:\\Users\\kgh\\Documents\\Codex\\2026-08-06\\https-arcadiais-pages-dev-https-arcadiais\\node_modules\\.doctrine-9fk8HEET',
414 silly reify   'C:\\Users\\kgh\\Documents\\Codex\\2026-08-06\\https-arcadiais-pages-dev-https-arcadiais\\node_modules\\detect-libc': 'C:\\Users\\kgh\\Documents\\Codex\\2026-08-06\\https-arcadiais-pages-dev-https-arcadiais\\node_modules\\.detect-libc-8asuiiJ4',
414 silly reify   'C:\\Users\\kgh\\Documents\\Codex\\2026-08-06\\https-arcadiais-pages-dev-https-arcadiais\\node_modules\\drizzle-kit': 'C:\\Users\\kgh\\Documents\\Codex\\2026-08-06\\https-arcadiais-pages-dev-https-arcadiais\\node_modules\\.drizzle-kit-fNxJu6j5',
414 silly reify   'C:\\Users\\kgh\\Documents\\Codex\\2026-08-06\\https-arcadiais-pages-dev-https-arcadiais\\node_modules\\electron-to-chromium': 'C:\\Users\\kgh\\Documents\\Codex\\2026-08-06\\https-arcadiais-pages-dev-https-arcadiais\\node_modules\\.electron-to-chromium-pdEexrcb',
414 silly reify   'C:\\Users\\kgh\\Documents\\Codex\\2026-08-06\\https-arcadiais-pages-dev-https-arcadiais\\node_modules\\drizzle-orm': 'C:\\Users\\kgh\\Documents\\Codex\\2026-08-06\\https-arcadiais-pages-dev-https-arcadiais\\node_modules\\.drizzle-orm-ZDYoIWoj',
414 silly reify   'C:\\Users\\kgh\\Documents\\Codex\\2026-08-06\\https-arcadiais-pages-dev-https-arcadiais\\node_modules\\emoji-regex-xs': 'C:\\Users\\kgh\\Documents\\Codex\\2026-08-06\\https-arcadiais-pages-dev-https-arcadiais\\node_modules\\.emoji-regex-xs-PEkN7JvL',
414 silly reify   'C:\\Users\\kgh\\Documents\\Codex\\2026-08-06\\https-arcadiais-pages-dev-https-arcadiais\\node_modules\\enhanced-resolve': 'C:\\Users\\kgh\\Documents\\Codex\\2026-08-06\\https-arcadiais-pages-dev-https-arcadiais\\node_modules\\.enhanced-resolve-DsLnLn6y',
414 silly reify   'C:\\Users\\kgh\\Documents\\Codex\\2026-08-06\\https-arcadiais-pages-dev-https-arcadiais\\node_modules\\error-stack-parser-es': 'C:\\Users\\kgh\\Documents\\Codex\\2026-08-06\\https-arcadiais-pages-dev-https-arcadiais\\node_modules\\.error-stack-parser-es-KHJRnTWd',
414 silly reify   'C:\\Users\\kgh\\Documents\\Codex\\2026-08-06\\https-arcadiais-pages-dev-https-arcadiais\\node_modules\\es-abstract': 'C:\\Users\\kgh\\Documents\\Codex\\2026-08-06\\https-arcadiais-pages-dev-https-arcadiais\\node_modules\\.es-abstract-HmoywR4E',
414 silly reify   'C:\\Users\\kgh\\Documents\\Codex\\2026-08-06\\https-arcadiais-pages-dev-https-arcadiais\\node_modules\\es-module-lexer': 'C:\\Users\\kgh\\Documents\\Codex\\2026-08-06\\https-arcadiais-pages-dev-https-arcadiais\\node_modules\\.es-module-lexer-oX8bILFT',
414 silly reify   'C:\\Users\\kgh\\Documents\\Codex\\2026-08-06\\https-arcadiais-pages-dev-https-arcadiais\\node_modules\\es-iterator-helpers': 'C:\\Users\\kgh\\Documents\\Codex\\2026-08-06\\https-arcadiais-pages-dev-https-arcadiais\\node_modules\\.es-iterator-helpers-kOVpKTKq',
414 silly reify   'C:\\Users\\kgh\\Documents\\Codex\\2026-08-06\\https-arcadiais-pages-dev-https-arcadiais\\node_modules\\es-set-tostringtag': 'C:\\Users\\kgh\\Documents\\Codex\\2026-08-06\\https-arcadiais-pages-dev-https-arcadiais\\node_modules\\.es-set-tostringtag-DtzqzG1k',
414 silly reify   'C:\\Users\\kgh\\Documents\\Codex\\2026-08-06\\https-arcadiais-pages-dev-https-arcadiais\\node_modules\\es-to-primitive': 'C:\\Users\\kgh\\Documents\\Codex\\2026-08-06\\https-arcadiais-pages-dev-https-arcadiais\\node_modules\\.es-to-primitive-puWq9NBF',
414 silly reify   'C:\\Users\\kgh\\Documents\\Codex\\2026-08-06\\https-arcadiais-pages-dev-https-arcadiais\\node_modules\\es-shim-unscopables': 'C:\\Users\\kgh\\Documents\\Codex\\2026-08-06\\https-arcadiais-pages-dev-https-arcadiais\\node_modules\\.es-shim-unscopables-JjtOI0U9',
414 silly reify   'C:\\Users\\kgh\\Documents\\Codex\\2026-08-06\\https-arcadiais-pages-dev-https-arcadiais\\node_modules\\esbuild': 'C:\\Users\\kgh\\Documents\\Codex\\2026-08-06\\https-arcadiais-pages-dev-https-arcadiais\\node_modules\\.esbuild-j2QjAWDA',
414 silly reify   'C:\\Users\\kgh\\Documents\\Codex\\2026-08-06\\https-arcadiais-pages-dev-https-arcadiais\\node_modules\\escalade': 'C:\\Users\\kgh\\Documents\\Codex\\2026-08-06\\https-arcadiais-pages-dev-https-arcadiais\\node_modules\\.escalade-mjSo7K7r',
414 silly reify   'C:\\Users\\kgh\\Documents\\Codex\\2026-08-06\\https-arcadiais-pages-dev-https-arcadiais\\node_modules\\escape-string-regexp': 'C:\\Users\\kgh\\Documents\\Codex\\2026-08-06\\https-arcadiais-pages-dev-https-arcadiais\\node_modules\\.escape-string-regexp-YzEeQh2m',
414 silly reify   'C:\\Users\\kgh\\Documents\\Codex\\2026-08-06\\https-arcadiais-pages-dev-https-arcadiais\\node_modules\\eslint': 'C:\\Users\\kgh\\Documents\\Codex\\2026-08-06\\https-arcadiais-pages-dev-https-arcadiais\\node_modules\\.eslint-2x7ZyfXN',
414 silly reify   'C:\\Users\\kgh\\Documents\\Codex\\2026-08-06\\https-arcadiais-pages-dev-https-arcadiais\\node_modules\\eslint-plugin-jsx-a11y': 'C:\\Users\\kgh\\Documents\\Codex\\2026-08-06\\https-arcadiais-pages-dev-https-arcadiais\\node_modules\\.eslint-plugin-jsx-a11y-CaAYGUPy',
414 silly reify   'C:\\Users\\kgh\\Documents\\Codex\\2026-08-06\\https-arcadiais-pages-dev-https-arcadiais\\node_modules\\eslint-plugin-react': 'C:\\Users\\kgh\\Documents\\Codex\\2026-08-06\\https-arcadiais-pages-dev-https-arcadiais\\node_modules\\.eslint-plugin-react-DOZHCvB4',
414 silly reify   'C:\\Users\\kgh\\Documents\\Codex\\2026-08-06\\https-arcadiais-pages-dev-https-arcadiais\\node_modules\\eslint-plugin-react-hooks': 'C:\\Users\\kgh\\Documents\\Codex\\2026-08-06\\https-arcadiais-pages-dev-https-arcadiais\\node_modules\\.eslint-plugin-react-hooks-BBys453f',
414 silly reify   'C:\\Users\\kgh\\Documents\\Codex\\2026-08-06\\https-arcadiais-pages-dev-https-arcadiais\\node_modules\\eslint-visitor-keys': 'C:\\Users\\kgh\\Documents\\Codex\\2026-08-06\\https-arcadiais-pages-dev-https-arcadiais\\node_modules\\.eslint-visitor-keys-SEuOCsla',
414 silly reify   'C:\\Users\\kgh\\Documents\\Codex\\2026-08-06\\https-arcadiais-pages-dev-https-arcadiais\\node_modules\\esquery': 'C:\\Users\\kgh\\Documents\\Codex\\2026-08-06\\https-arcadiais-pages-dev-https-arcadiais\\node_modules\\.esquery-fi5FA2sQ',
414 silly reify   'C:\\Users\\kgh\\Documents\\Codex\\2026-08-06\\https-arcadiais-pages-dev-https-arcadiais\\node_modules\\espree': 'C:\\Users\\kgh\\Documents\\Codex\\2026-08-06\\https-arcadiais-pages-dev-https-arcadiais\\node_modules\\.espree-jxOqERis',
414 silly reify   'C:\\Users\\kgh\\Documents\\Codex\\2026-08-06\\https-arcadiais-pages-dev-https-arcadiais\\node_modules\\eslint-scope': 'C:\\Users\\kgh\\Documents\\Codex\\2026-08-06\\https-arcadiais-pages-dev-https-arcadiais\\node_modules\\.eslint-scope-CCISnjOu',
414 silly reify   'C:\\Users\\kgh\\Documents\\Codex\\2026-08-06\\https-arcadiais-pages-dev-https-arcadiais\\node_modules\\estraverse': 'C:\\Users\\kgh\\Documents\\Codex\\2026-08-06\\https-arcadiais-pages-dev-https-arcadiais\\node_modules\\.estraverse-xXtwKu08',
414 silly reify   'C:\\Users\\kgh\\Documents\\Codex\\2026-08-06\\https-arcadiais-pages-dev-https-arcadiais\\node_modules\\estree-walker': 'C:\\Users\\kgh\\Documents\\Codex\\2026-08-06\\https-arcadiais-pages-dev-https-arcadiais\\node_modules\\.estree-walker-yiXPH8sK',
414 silly reify   'C:\\Users\\kgh\\Documents\\Codex\\2026-08-06\\https-arcadiais-pages-dev-https-arcadiais\\node_modules\\esrecurse': 'C:\\Users\\kgh\\Documents\\Codex\\2026-08-06\\https-arcadiais-pages-dev-https-arcadiais\\node_modules\\.esrecurse-kS1VNjTG',
414 silly reify   'C:\\Users\\kgh\\Documents\\Codex\\2026-08-06\\https-arcadiais-pages-dev-https-arcadiais\\node_modules\\events': 'C:\\Users\\kgh\\Documents\\Codex\\2026-08-06\\https-arcadiais-pages-dev-https-arcadiais\\node_modules\\.events-Jr1Sjjby',
414 silly reify   'C:\\Users\\kgh\\Documents\\Codex\\2026-08-06\\https-arcadiais-pages-dev-https-arcadiais\\node_modules\\esutils': 'C:\\Users\\kgh\\Documents\\Codex\\2026-08-06\\https-arcadiais-pages-dev-https-arcadiais\\node_modules\\.esutils-S0HvvIo4',
414 silly reify   'C:\\Users\\kgh\\Documents\\Codex\\2026-08-06\\https-arcadiais-pages-dev-https-arcadiais\\node_modules\\fast-json-stable-stringify': 'C:\\Users\\kgh\\Documents\\Codex\\2026-08-06\\https-arcadiais-pages-dev-https-arcadiais\\node_modules\\.fast-json-stable-stringify-rgsZqd51',
414 silly reify   'C:\\Users\\kgh\\Documents\\Codex\\2026-08-06\\https-arcadiais-pages-dev-https-arcadiais\\node_modules\\fast-glob': 'C:\\Users\\kgh\\Documents\\Codex\\2026-08-06\\https-arcadiais-pages-dev-https-arcadiais\\node_modules\\.fast-glob-fSBCKUcc',
414 silly reify   'C:\\Users\\kgh\\Documents\\Codex\\2026-08-06\\https-arcadiais-pages-dev-https-arcadiais\\node_modules\\fast-uri': 'C:\\Users\\kgh\\Documents\\Codex\\2026-08-06\\https-arcadiais-pages-dev-https-arcadiais\\node_modules\\.fast-uri-RBwBguJw',
414 silly reify   'C:\\Users\\kgh\\Documents\\Codex\\2026-08-06\\https-arcadiais-pages-dev-https-arcadiais\\node_modules\\fastq': 'C:\\Users\\kgh\\Documents\\Codex\\2026-08-06\\https-arcadiais-pages-dev-https-arcadiais\\node_modules\\.fastq-belg4bDs',
414 silly reify   'C:\\Users\\kgh\\Documents\\Codex\\2026-08-06\\https-arcadiais-pages-dev-https-arcadiais\\node_modules\\fflate': 'C:\\Users\\kgh\\Documents\\Codex\\2026-08-06\\https-arcadiais-pages-dev-https-arcadiais\\node_modules\\.fflate-83XaoUtf',
414 silly reify   'C:\\Users\\kgh\\Documents\\Codex\\2026-08-06\\https-arcadiais-pages-dev-https-arcadiais\\node_modules\\fast-levenshtein': 'C:\\Users\\kgh\\Documents\\Codex\\2026-08-06\\https-arcadiais-pages-dev-https-arcadiais\\node_modules\\.fast-levenshtein-esQUaAZK',
414 silly reify   'C:\\Users\\kgh\\Documents\\Codex\\2026-08-06\\https-arcadiais-pages-dev-https-arcadiais\\node_modules\\file-entry-cache': 'C:\\Users\\kgh\\Documents\\Codex\\2026-08-06\\https-arcadiais-pages-dev-https-arcadiais\\node_modules\\.file-entry-cache-EjQsoACS',
414 silly reify   'C:\\Users\\kgh\\Documents\\Codex\\2026-08-06\\https-arcadiais-pages-dev-https-arcadiais\\node_modules\\find-up': 'C:\\Users\\kgh\\Documents\\Codex\\2026-08-06\\https-arcadiais-pages-dev-https-arcadiais\\node_modules\\.find-up-BBcnNoNd',
414 silly reify   'C:\\Users\\kgh\\Documents\\Codex\\2026-08-06\\https-arcadiais-pages-dev-https-arcadiais\\node_modules\\fill-range': 'C:\\Users\\kgh\\Documents\\Codex\\2026-08-06\\https-arcadiais-pages-dev-https-arcadiais\\node_modules\\.fill-range-IarRTRkU',
414 silly reify   'C:\\Users\\kgh\\Documents\\Codex\\2026-08-06\\https-arcadiais-pages-dev-https-arcadiais\\node_modules\\flatted': 'C:\\Users\\kgh\\Documents\\Codex\\2026-08-06\\https-arcadiais-pages-dev-https-arcadiais\\node_modules\\.flatted-5HOUDZ4y',
414 silly reify   'C:\\Users\\kgh\\Documents\\Codex\\2026-08-06\\https-arcadiais-pages-dev-https-arcadiais\\node_modules\\flat-cache': 'C:\\Users\\kgh\\Documents\\Codex\\2026-08-06\\https-arcadiais-pages-dev-https-arcadiais\\node_modules\\.flat-cache-bE6KrAgt',
414 silly reify   'C:\\Users\\kgh\\Documents\\Codex\\2026-08-06\\https-arcadiais-pages-dev-https-arcadiais\\node_modules\\for-each': 'C:\\Users\\kgh\\Documents\\Codex\\2026-08-06\\https-arcadiais-pages-dev-https-arcadiais\\node_modules\\.for-each-2b4HdbXp',
414 silly reify   'C:\\Users\\kgh\\Documents\\Codex\\2026-08-06\\https-arcadiais-pages-dev-https-arcadiais\\node_modules\\function.prototype.name': 'C:\\Users\\kgh\\Documents\\Codex\\2026-08-06\\https-arcadiais-pages-dev-https-arcadiais\\node_modules\\.function.prototype.name-Tgw2c0oE',
414 silly reify   'C:\\Users\\kgh\\Documents\\Codex\\2026-08-06\\https-arcadiais-pages-dev-https-arcadiais\\node_modules\\gensync': 'C:\\Users\\kgh\\Documents\\Codex\\2026-08-06\\https-arcadiais-pages-dev-https-arcadiais\\node_modules\\.gensync-O3Mcl04S',
414 silly reify   'C:\\Users\\kgh\\Documents\\Codex\\2026-08-06\\https-arcadiais-pages-dev-https-arcadiais\\node_modules\\generator-function': 'C:\\Users\\kgh\\Documents\\Codex\\2026-08-06\\https-arcadiais-pages-dev-https-arcadiais\\node_modules\\.generator-function-Jdg8sqxI',
414 silly reify   'C:\\Users\\kgh\\Documents\\Codex\\2026-08-06\\https-arcadiais-pages-dev-https-arcadiais\\node_modules\\functions-have-names': 'C:\\Users\\kgh\\Documents\\Codex\\2026-08-06\\https-arcadiais-pages-dev-https-arcadiais\\node_modules\\.functions-have-names-lqNgJH2X',
414 silly reify   'C:\\Users\\kgh\\Documents\\Codex\\2026-08-06\\https-arcadiais-pages-dev-https-arcadiais\\node_modules\\get-symbol-description': 'C:\\Users\\kgh\\Documents\\Codex\\2026-08-06\\https-arcadiais-pages-dev-https-arcadiais\\node_modules\\.get-symbol-description-yhD0oIt3',
414 silly reify   'C:\\Users\\kgh\\Documents\\Codex\\2026-08-06\\https-arcadiais-pages-dev-https-arcadiais\\node_modules\\get-tsconfig': 'C:\\Users\\kgh\\Documents\\Codex\\2026-08-06\\https-arcadiais-pages-dev-https-arcadiais\\node_modules\\.get-tsconfig-v1mkSFyD',
414 silly reify   'C:\\Users\\kgh\\Documents\\Codex\\2026-08-06\\https-arcadiais-pages-dev-https-arcadiais\\node_modules\\glob-to-regexp': 'C:\\Users\\kgh\\Documents\\Codex\\2026-08-06\\https-arcadiais-pages-dev-https-arcadiais\\node_modules\\.glob-to-regexp-baCSByDa',
414 silly reify   'C:\\Users\\kgh\\Documents\\Codex\\2026-08-06\\https-arcadiais-pages-dev-https-arcadiais\\node_modules\\glob-parent': 'C:\\Users\\kgh\\Documents\\Codex\\2026-08-06\\https-arcadiais-pages-dev-https-arcadiais\\node_modules\\.glob-parent-Z8T3HV2H',
414 silly reify   'C:\\Users\\kgh\\Documents\\Codex\\2026-08-06\\https-arcadiais-pages-dev-https-arcadiais\\node_modules\\globals': 'C:\\Users\\kgh\\Documents\\Codex\\2026-08-06\\https-arcadiais-pages-dev-https-arcadiais\\node_modules\\.globals-OL5Q8dWO',
414 silly reify   'C:\\Users\\kgh\\Documents\\Codex\\2026-08-06\\https-arcadiais-pages-dev-https-arcadiais\\node_modules\\globalthis': 'C:\\Users\\kgh\\Documents\\Codex\\2026-08-06\\https-arcadiais-pages-dev-https-arcadiais\\node_modules\\.globalthis-Xriea3O8',
414 silly reify   'C:\\Users\\kgh\\Documents\\Codex\\2026-08-06\\https-arcadiais-pages-dev-https-arcadiais\\node_modules\\has-flag': 'C:\\Users\\kgh\\Documents\\Codex\\2026-08-06\\https-arcadiais-pages-dev-https-arcadiais\\node_modules\\.has-flag-Kuori7Sy',
414 silly reify   'C:\\Users\\kgh\\Documents\\Codex\\2026-08-06\\https-arcadiais-pages-dev-https-arcadiais\\node_modules\\graceful-fs': 'C:\\Users\\kgh\\Documents\\Codex\\2026-08-06\\https-arcadiais-pages-dev-https-arcadiais\\node_modules\\.graceful-fs-dUWt2BG6',
414 silly reify   'C:\\Users\\kgh\\Documents\\Codex\\2026-08-06\\https-arcadiais-pages-dev-https-arcadiais\\node_modules\\has-property-descriptors': 'C:\\Users\\kgh\\Documents\\Codex\\2026-08-06\\https-arcadiais-pages-dev-https-arcadiais\\node_modules\\.has-property-descriptors-onZ2C6g0',
414 silly reify   'C:\\Users\\kgh\\Documents\\Codex\\2026-08-06\\https-arcadiais-pages-dev-https-arcadiais\\node_modules\\has-bigints': 'C:\\Users\\kgh\\Documents\\Codex\\2026-08-06\\https-arcadiais-pages-dev-https-arcadiais\\node_modules\\.has-bigints-Rj6ZUgU2',
414 silly reify   'C:\\Users\\kgh\\Documents\\Codex\\2026-08-06\\https-arcadiais-pages-dev-https-arcadiais\\node_modules\\has-proto': 'C:\\Users\\kgh\\Documents\\Codex\\2026-08-06\\https-arcadiais-pages-dev-https-arcadiais\\node_modules\\.has-proto-2EUX9DxU',
414 silly reify   'C:\\Users\\kgh\\Documents\\Codex\\2026-08-06\\https-arcadiais-pages-dev-https-arcadiais\\node_modules\\has-tostringtag': 'C:\\Users\\kgh\\Documents\\Codex\\2026-08-06\\https-arcadiais-pages-dev-https-arcadiais\\node_modules\\.has-tostringtag-Y7XkEcDU',
414 silly reify   'C:\\Users\\kgh\\Documents\\Codex\\2026-08-06\\https-arcadiais-pages-dev-https-arcadiais\\node_modules\\hermes-estree': 'C:\\Users\\kgh\\Documents\\Codex\\2026-08-06\\https-arcadiais-pages-dev-https-arcadiais\\node_modules\\.hermes-estree-hczMEhZ9',
414 silly reify   'C:\\Users\\kgh\\Documents\\Codex\\2026-08-06\\https-arcadiais-pages-dev-https-arcadiais\\node_modules\\hasown': 'C:\\Users\\kgh\\Documents\\Codex\\2026-08-06\\https-arcadiais-pages-dev-https-arcadiais\\node_modules\\.hasown-zV2XVdZQ',
414 silly reify   'C:\\Users\\kgh\\Documents\\Codex\\2026-08-06\\https-arcadiais-pages-dev-https-arcadiais\\node_modules\\hermes-parser': 'C:\\Users\\kgh\\Documents\\Codex\\2026-08-06\\https-arcadiais-pages-dev-https-arcadiais\\node_modules\\.hermes-parser-JwjJIw2S',
414 silly reify   'C:\\Users\\kgh\\Documents\\Codex\\2026-08-06\\https-arcadiais-pages-dev-https-arcadiais\\node_modules\\hex-rgb': 'C:\\Users\\kgh\\Documents\\Codex\\2026-08-06\\https-arcadiais-pages-dev-https-arcadiais\\node_modules\\.hex-rgb-pMvMSbOo',
414 silly reify   'C:\\Users\\kgh\\Documents\\Codex\\2026-08-06\\https-arcadiais-pages-dev-https-arcadiais\\node_modules\\ignore': 'C:\\Users\\kgh\\Documents\\Codex\\2026-08-06\\https-arcadiais-pages-dev-https-arcadiais\\node_modules\\.ignore-ZaBFagaw',
414 silly reify   'C:\\Users\\kgh\\Documents\\Codex\\2026-08-06\\https-arcadiais-pages-dev-https-arcadiais\\node_modules\\imurmurhash': 'C:\\Users\\kgh\\Documents\\Codex\\2026-08-06\\https-arcadiais-pages-dev-https-arcadiais\\node_modules\\.imurmurhash-ZEEiG95z',
414 silly reify   'C:\\Users\\kgh\\Documents\\Codex\\2026-08-06\\https-arcadiais-pages-dev-https-arcadiais\\node_modules\\import-fresh': 'C:\\Users\\kgh\\Documents\\Codex\\2026-08-06\\https-arcadiais-pages-dev-https-arcadiais\\node_modules\\.import-fresh-GDIF8oKq',
414 silly reify   'C:\\Users\\kgh\\Documents\\Codex\\2026-08-06\\https-arcadiais-pages-dev-https-arcadiais\\node_modules\\image-size': 'C:\\Users\\kgh\\Documents\\Codex\\2026-08-06\\https-arcadiais-pages-dev-https-arcadiais\\node_modules\\.image-size-lzBtFelq',
414 silly reify   'C:\\Users\\kgh\\Documents\\Codex\\2026-08-06\\https-arcadiais-pages-dev-https-arcadiais\\node_modules\\ipaddr.js': 'C:\\Users\\kgh\\Documents\\Codex\\2026-08-06\\https-arcadiais-pages-dev-https-arcadiais\\node_modules\\.ipaddr.js-jaH8upT2',
414 silly reify   'C:\\Users\\kgh\\Documents\\Codex\\2026-08-06\\https-arcadiais-pages-dev-https-arcadiais\\node_modules\\is-array-buffer': 'C:\\Users\\kgh\\Documents\\Codex\\2026-08-06\\https-arcadiais-pages-dev-https-arcadiais\\node_modules\\.is-array-buffer-RSteEK9f',
414 silly reify   'C:\\Users\\kgh\\Documents\\Codex\\2026-08-06\\https-arcadiais-pages-dev-https-arcadiais\\node_modules\\internal-slot': 'C:\\Users\\kgh\\Documents\\Codex\\2026-08-06\\https-arcadiais-pages-dev-https-arcadiais\\node_modules\\.internal-slot-1PVq6Zun',
414 silly reify   'C:\\Users\\kgh\\Documents\\Codex\\2026-08-06\\https-arcadiais-pages-dev-https-arcadiais\\node_modules\\is-async-function': 'C:\\Users\\kgh\\Documents\\Codex\\2026-08-06\\https-arcadiais-pages-dev-https-arcadiais\\node_modules\\.is-async-function-RXk7Tm3m',
414 silly reify   'C:\\Users\\kgh\\Documents\\Codex\\2026-08-06\\https-arcadiais-pages-dev-https-arcadiais\\node_modules\\is-boolean-object': 'C:\\Users\\kgh\\Documents\\Codex\\2026-08-06\\https-arcadiais-pages-dev-https-arcadiais\\node_modules\\.is-boolean-object-TxYZ7Yhx',
414 silly reify   'C:\\Users\\kgh\\Documents\\Codex\\2026-08-06\\https-arcadiais-pages-dev-https-arcadiais\\node_modules\\is-core-module': 'C:\\Users\\kgh\\Documents\\Codex\\2026-08-06\\https-arcadiais-pages-dev-https-arcadiais\\node_modules\\.is-core-module-jzkTkFH1',
414 silly reify   'C:\\Users\\kgh\\Documents\\Codex\\2026-08-06\\https-arcadiais-pages-dev-https-arcadiais\\node_modules\\is-callable': 'C:\\Users\\kgh\\Documents\\Codex\\2026-08-06\\https-arcadiais-pages-dev-https-arcadiais\\node_modules\\.is-callable-sNTq55Zu',
414 silly reify   'C:\\Users\\kgh\\Documents\\Codex\\2026-08-06\\https-arcadiais-pages-dev-https-arcadiais\\node_modules\\is-bigint': 'C:\\Users\\kgh\\Documents\\Codex\\2026-08-06\\https-arcadiais-pages-dev-https-arcadiais\\node_modules\\.is-bigint-Yq0vYd78',
414 silly reify   'C:\\Users\\kgh\\Documents\\Codex\\2026-08-06\\https-arcadiais-pages-dev-https-arcadiais\\node_modules\\is-data-view': 'C:\\Users\\kgh\\Documents\\Codex\\2026-08-06\\https-arcadiais-pages-dev-https-arcadiais\\node_modules\\.is-data-view-Hrs7NWCu',
414 silly reify   'C:\\Users\\kgh\\Documents\\Codex\\2026-08-06\\https-arcadiais-pages-dev-https-arcadiais\\node_modules\\is-generator-function': 'C:\\Users\\kgh\\Documents\\Codex\\2026-08-06\\https-arcadiais-pages-dev-https-arcadiais\\node_modules\\.is-generator-function-Vzl1j28s',
414 silly reify   'C:\\Users\\kgh\\Documents\\Codex\\2026-08-06\\https-arcadiais-pages-dev-https-arcadiais\\node_modules\\is-finalizationregistry': 'C:\\Users\\kgh\\Documents\\Codex\\2026-08-06\\https-arcadiais-pages-dev-https-arcadiais\\node_modules\\.is-finalizationregistry-a56OBm9I',
414 silly reify   'C:\\Users\\kgh\\Documents\\Codex\\2026-08-06\\https-arcadiais-pages-dev-https-arcadiais\\node_modules\\is-extglob': 'C:\\Users\\kgh\\Documents\\Codex\\2026-08-06\\https-arcadiais-pages-dev-https-arcadiais\\node_modules\\.is-extglob-vfUVj28l',
414 silly reify   'C:\\Users\\kgh\\Documents\\Codex\\2026-08-06\\https-arcadiais-pages-dev-https-arcadiais\\node_modules\\is-date-object': 'C:\\Users\\kgh\\Documents\\Codex\\2026-08-06\\https-arcadiais-pages-dev-https-arcadiais\\node_modules\\.is-date-object-Zfnv8qbw',
414 silly reify   'C:\\Users\\kgh\\Documents\\Codex\\2026-08-06\\https-arcadiais-pages-dev-https-arcadiais\\node_modules\\is-negative-zero': 'C:\\Users\\kgh\\Documents\\Codex\\2026-08-06\\https-arcadiais-pages-dev-https-arcadiais\\node_modules\\.is-negative-zero-c0eip3Ok',
414 silly reify   'C:\\Users\\kgh\\Documents\\Codex\\2026-08-06\\https-arcadiais-pages-dev-https-arcadiais\\node_modules\\is-number': 'C:\\Users\\kgh\\Documents\\Codex\\2026-08-06\\https-arcadiais-pages-dev-https-arcadiais\\node_modules\\.is-number-4e1SNi4B',
414 silly reify   'C:\\Users\\kgh\\Documents\\Codex\\2026-08-06\\https-arcadiais-pages-dev-https-arcadiais\\node_modules\\is-map': 'C:\\Users\\kgh\\Documents\\Codex\\2026-08-06\\https-arcadiais-pages-dev-https-arcadiais\\node_modules\\.is-map-0fNBIaTT',
414 silly reify   'C:\\Users\\kgh\\Documents\\Codex\\2026-08-06\\https-arcadiais-pages-dev-https-arcadiais\\node_modules\\is-glob': 'C:\\Users\\kgh\\Documents\\Codex\\2026-08-06\\https-arcadiais-pages-dev-https-arcadiais\\node_modules\\.is-glob-nGx3Mygb',
414 silly reify   'C:\\Users\\kgh\\Documents\\Codex\\2026-08-06\\https-arcadiais-pages-dev-https-arcadiais\\node_modules\\is-number-object': 'C:\\Users\\kgh\\Documents\\Codex\\2026-08-06\\https-arcadiais-pages-dev-https-arcadiais\\node_modules\\.is-number-object-q0a8WGPJ',
414 silly reify   'C:\\Users\\kgh\\Documents\\Codex\\2026-08-06\\https-arcadiais-pages-dev-https-arcadiais\\node_modules\\is-shared-array-buffer': 'C:\\Users\\kgh\\Documents\\Codex\\2026-08-06\\https-arcadiais-pages-dev-https-arcadiais\\node_modules\\.is-shared-array-buffer-2WyBp12N',
414 silly reify   'C:\\Users\\kgh\\Documents\\Codex\\2026-08-06\\https-arcadiais-pages-dev-https-arcadiais\\node_modules\\is-string': 'C:\\Users\\kgh\\Documents\\Codex\\2026-08-06\\https-arcadiais-pages-dev-https-arcadiais\\node_modules\\.is-string-rQ2P3jQI',
414 silly reify   'C:\\Users\\kgh\\Documents\\Codex\\2026-08-06\\https-arcadiais-pages-dev-https-arcadiais\\node_modules\\is-regex': 'C:\\Users\\kgh\\Documents\\Codex\\2026-08-06\\https-arcadiais-pages-dev-https-arcadiais\\node_modules\\.is-regex-7QhNAruw',
414 silly reify   'C:\\Users\\kgh\\Documents\\Codex\\2026-08-06\\https-arcadiais-pages-dev-https-arcadiais\\node_modules\\is-set': 'C:\\Users\\kgh\\Documents\\Codex\\2026-08-06\\https-arcadiais-pages-dev-https-arcadiais\\node_modules\\.is-set-LQk9yDgl',
414 silly reify   'C:\\Users\\kgh\\Documents\\Codex\\2026-08-06\\https-arcadiais-pages-dev-https-arcadiais\\node_modules\\is-typed-array': 'C:\\Users\\kgh\\Documents\\Codex\\2026-08-06\\https-arcadiais-pages-dev-https-arcadiais\\node_modules\\.is-typed-array-XIX0tnyZ',
414 silly reify   'C:\\Users\\kgh\\Documents\\Codex\\2026-08-06\\https-arcadiais-pages-dev-https-arcadiais\\node_modules\\is-symbol': 'C:\\Users\\kgh\\Documents\\Codex\\2026-08-06\\https-arcadiais-pages-dev-https-arcadiais\\node_modules\\.is-symbol-gMr41vNm',
414 silly reify   'C:\\Users\\kgh\\Documents\\Codex\\2026-08-06\\https-arcadiais-pages-dev-https-arcadiais\\node_modules\\is-weakmap': 'C:\\Users\\kgh\\Documents\\Codex\\2026-08-06\\https-arcadiais-pages-dev-https-arcadiais\\node_modules\\.is-weakmap-zkuG2uP0',
414 silly reify   'C:\\Users\\kgh\\Documents\\Codex\\2026-08-06\\https-arcadiais-pages-dev-https-arcadiais\\node_modules\\is-weakref': 'C:\\Users\\kgh\\Documents\\Codex\\2026-08-06\\https-arcadiais-pages-dev-https-arcadiais\\node_modules\\.is-weakref-rAmWYNwL',
414 silly reify   'C:\\Users\\kgh\\Documents\\Codex\\2026-08-06\\https-arcadiais-pages-dev-https-arcadiais\\node_modules\\is-weakset': 'C:\\Users\\kgh\\Documents\\Codex\\2026-08-06\\https-arcadiais-pages-dev-https-arcadiais\\node_modules\\.is-weakset-voSDSV5F',
414 silly reify   'C:\\Users\\kgh\\Documents\\Codex\\2026-08-06\\https-arcadiais-pages-dev-https-arcadiais\\node_modules\\isarray': 'C:\\Users\\kgh\\Documents\\Codex\\2026-08-06\\https-arcadiais-pages-dev-https-arcadiais\\node_modules\\.isarray-ewJHPE9S',
414 silly reify   'C:\\Users\\kgh\\Documents\\Codex\\2026-08-06\\https-arcadiais-pages-dev-https-arcadiais\\node_modules\\iterator.prototype': 'C:\\Users\\kgh\\Documents\\Codex\\2026-08-06\\https-arcadiais-pages-dev-https-arcadiais\\node_modules\\.iterator.prototype-vPeXOYSe',
414 silly reify   'C:\\Users\\kgh\\Documents\\Codex\\2026-08-06\\https-arcadiais-pages-dev-https-arcadiais\\node_modules\\js-tokens': 'C:\\Users\\kgh\\Documents\\Codex\\2026-08-06\\https-arcadiais-pages-dev-https-arcadiais\\node_modules\\.js-tokens-eGH8ZFnJ',
414 silly reify   'C:\\Users\\kgh\\Documents\\Codex\\2026-08-06\\https-arcadiais-pages-dev-https-arcadiais\\node_modules\\jest-worker': 'C:\\Users\\kgh\\Documents\\Codex\\2026-08-06\\https-arcadiais-pages-dev-https-arcadiais\\node_modules\\.jest-worker-jGzyQXuH',
414 silly reify   'C:\\Users\\kgh\\Documents\\Codex\\2026-08-06\\https-arcadiais-pages-dev-https-arcadiais\\node_modules\\jiti': 'C:\\Users\\kgh\\Documents\\Codex\\2026-08-06\\https-arcadiais-pages-dev-https-arcadiais\\node_modules\\.jiti-9oYiX27L',
414 silly reify   'C:\\Users\\kgh\\Documents\\Codex\\2026-08-06\\https-arcadiais-pages-dev-https-arcadiais\\node_modules\\js-yaml': 'C:\\Users\\kgh\\Documents\\Codex\\2026-08-06\\https-arcadiais-pages-dev-https-arcadiais\\node_modules\\.js-yaml-oK2W8MNe',
414 silly reify   'C:\\Users\\kgh\\Documents\\Codex\\2026-08-06\\https-arcadiais-pages-dev-https-arcadiais\\node_modules\\json-buffer': 'C:\\Users\\kgh\\Documents\\Codex\\2026-08-06\\https-arcadiais-pages-dev-https-arcadiais\\node_modules\\.json-buffer-B2nW5lcU',
414 silly reify   'C:\\Users\\kgh\\Documents\\Codex\\2026-08-06\\https-arcadiais-pages-dev-https-arcadiais\\node_modules\\json-stable-stringify-without-jsonify': 'C:\\Users\\kgh\\Documents\\Codex\\2026-08-06\\https-arcadiais-pages-dev-https-arcadiais\\node_modules\\.json-stable-stringify-without-jsonify-t2xIxtyz',
414 silly reify   'C:\\Users\\kgh\\Documents\\Codex\\2026-08-06\\https-arcadiais-pages-dev-https-arcadiais\\node_modules\\jsesc': 'C:\\Users\\kgh\\Documents\\Codex\\2026-08-06\\https-arcadiais-pages-dev-https-arcadiais\\node_modules\\.jsesc-2i072CgQ',
414 silly reify   'C:\\Users\\kgh\\Documents\\Codex\\2026-08-06\\https-arcadiais-pages-dev-https-arcadiais\\node_modules\\json-schema-traverse': 'C:\\Users\\kgh\\Documents\\Codex\\2026-08-06\\https-arcadiais-pages-dev-https-arcadiais\\node_modules\\.json-schema-traverse-H0POBypb',
414 silly reify   'C:\\Users\\kgh\\Documents\\Codex\\2026-08-06\\https-arcadiais-pages-dev-https-arcadiais\\node_modules\\json5': 'C:\\Users\\kgh\\Documents\\Codex\\2026-08-06\\https-arcadiais-pages-dev-https-arcadiais\\node_modules\\.json5-f2HrCZPD',
414 silly reify   'C:\\Users\\kgh\\Documents\\Codex\\2026-08-06\\https-arcadiais-pages-dev-https-arcadiais\\node_modules\\jsx-ast-utils': 'C:\\Users\\kgh\\Documents\\Codex\\2026-08-06\\https-arcadiais-pages-dev-https-arcadiais\\node_modules\\.jsx-ast-utils-gUG4KXRW',
414 silly reify   'C:\\Users\\kgh\\Documents\\Codex\\2026-08-06\\https-arcadiais-pages-dev-https-arcadiais\\node_modules\\kleur': 'C:\\Users\\kgh\\Documents\\Codex\\2026-08-06\\https-arcadiais-pages-dev-https-arcadiais\\node_modules\\.kleur-XxEORtup',
414 silly reify   'C:\\Users\\kgh\\Documents\\Codex\\2026-08-06\\https-arcadiais-pages-dev-https-arcadiais\\node_modules\\keyv': 'C:\\Users\\kgh\\Documents\\Codex\\2026-08-06\\https-arcadiais-pages-dev-https-arcadiais\\node_modules\\.keyv-0la5q1mo',
414 silly reify   'C:\\Users\\kgh\\Documents\\Codex\\2026-08-06\\https-arcadiais-pages-dev-https-arcadiais\\node_modules\\language-tags': 'C:\\Users\\kgh\\Documents\\Codex\\2026-08-06\\https-arcadiais-pages-dev-https-arcadiais\\node_modules\\.language-tags-7CggGvuA',
414 silly reify   'C:\\Users\\kgh\\Documents\\Codex\\2026-08-06\\https-arcadiais-pages-dev-https-arcadiais\\node_modules\\language-subtag-registry': 'C:\\Users\\kgh\\Documents\\Codex\\2026-08-06\\https-arcadiais-pages-dev-https-arcadiais\\node_modules\\.language-subtag-registry-N815khuU',
414 silly reify   'C:\\Users\\kgh\\Documents\\Codex\\2026-08-06\\https-arcadiais-pages-dev-https-arcadiais\\node_modules\\levn': 'C:\\Users\\kgh\\Documents\\Codex\\2026-08-06\\https-arcadiais-pages-dev-https-arcadiais\\node_modules\\.levn-7E5hwjdf',
414 silly reify   'C:\\Users\\kgh\\Documents\\Codex\\2026-08-06\\https-arcadiais-pages-dev-https-arcadiais\\node_modules\\lightningcss': 'C:\\Users\\kgh\\Documents\\Codex\\2026-08-06\\https-arcadiais-pages-dev-https-arcadiais\\node_modules\\.lightningcss-KQdrPq19',
414 silly reify   'C:\\Users\\kgh\\Documents\\Codex\\2026-08-06\\https-arcadiais-pages-dev-https-arcadiais\\node_modules\\lightningcss-win32-x64-msvc': 'C:\\Users\\kgh\\Documents\\Codex\\2026-08-06\\https-arcadiais-pages-dev-https-arcadiais\\node_modules\\.lightningcss-win32-x64-msvc-L0wllw8L',
414 silly reify   'C:\\Users\\kgh\\Documents\\Codex\\2026-08-06\\https-arcadiais-pages-dev-https-arcadiais\\node_modules\\locate-path': 'C:\\Users\\kgh\\Documents\\Codex\\2026-08-06\\https-arcadiais-pages-dev-https-arcadiais\\node_modules\\.locate-path-JnotbhFe',
414 silly reify   'C:\\Users\\kgh\\Documents\\Codex\\2026-08-06\\https-arcadiais-pages-dev-https-arcadiais\\node_modules\\loader-runner': 'C:\\Users\\kgh\\Documents\\Codex\\2026-08-06\\https-arcadiais-pages-dev-https-arcadiais\\node_modules\\.loader-runner-9l1Uv8Eq',
414 silly reify   'C:\\Users\\kgh\\Documents\\Codex\\2026-08-06\\https-arcadiais-pages-dev-https-arcadiais\\node_modules\\lodash.merge': 'C:\\Users\\kgh\\Documents\\Codex\\2026-08-06\\https-arcadiais-pages-dev-https-arcadiais\\node_modules\\.lodash.merge-cpwQxisG',
414 silly reify   'C:\\Users\\kgh\\Documents\\Codex\\2026-08-06\\https-arcadiais-pages-dev-https-arcadiais\\node_modules\\linebreak': 'C:\\Users\\kgh\\Documents\\Codex\\2026-08-06\\https-arcadiais-pages-dev-https-arcadiais\\node_modules\\.linebreak-3gK5kGe7',
414 silly reify   'C:\\Users\\kgh\\Documents\\Codex\\2026-08-06\\https-arcadiais-pages-dev-https-arcadiais\\node_modules\\lru-cache': 'C:\\Users\\kgh\\Documents\\Codex\\2026-08-06\\https-arcadiais-pages-dev-https-arcadiais\\node_modules\\.lru-cache-3B0idJVi',
414 silly reify   'C:\\Users\\kgh\\Documents\\Codex\\2026-08-06\\https-arcadiais-pages-dev-https-arcadiais\\node_modules\\magic-string': 'C:\\Users\\kgh\\Documents\\Codex\\2026-08-06\\https-arcadiais-pages-dev-https-arcadiais\\node_modules\\.magic-string-eyIvKVjz',
414 silly reify   'C:\\Users\\kgh\\Documents\\Codex\\2026-08-06\\https-arcadiais-pages-dev-https-arcadiais\\node_modules\\loose-envify': 'C:\\Users\\kgh\\Documents\\Codex\\2026-08-06\\https-arcadiais-pages-dev-https-arcadiais\\node_modules\\.loose-envify-RaQNud1u',
414 silly reify   'C:\\Users\\kgh\\Documents\\Codex\\2026-08-06\\https-arcadiais-pages-dev-https-arcadiais\\node_modules\\micromatch': 'C:\\Users\\kgh\\Documents\\Codex\\2026-08-06\\https-arcadiais-pages-dev-https-arcadiais\\node_modules\\.micromatch-NTPbrU3b',
414 silly reify   'C:\\Users\\kgh\\Documents\\Codex\\2026-08-06\\https-arcadiais-pages-dev-https-arcadiais\\node_modules\\merge-stream': 'C:\\Users\\kgh\\Documents\\Codex\\2026-08-06\\https-arcadiais-pages-dev-https-arcadiais\\node_modules\\.merge-stream-bSQtMvDv',
414 silly reify   'C:\\Users\\kgh\\Documents\\Codex\\2026-08-06\\https-arcadiais-pages-dev-https-arcadiais\\node_modules\\merge2': 'C:\\Users\\kgh\\Documents\\Codex\\2026-08-06\\https-arcadiais-pages-dev-https-arcadiais\\node_modules\\.merge2-1F9DypiD',
414 silly reify   'C:\\Users\\kgh\\Documents\\Codex\\2026-08-06\\https-arcadiais-pages-dev-https-arcadiais\\node_modules\\minimatch': 'C:\\Users\\kgh\\Documents\\Codex\\2026-08-06\\https-arcadiais-pages-dev-https-arcadiais\\node_modules\\.minimatch-EHkA2ROQ',
414 silly reify   'C:\\Users\\kgh\\Documents\\Codex\\2026-08-06\\https-arcadiais-pages-dev-https-arcadiais\\node_modules\\miniflare': 'C:\\Users\\kgh\\Documents\\Codex\\2026-08-06\\https-arcadiais-pages-dev-https-arcadiais\\node_modules\\.miniflare-KqChK0Gt',
414 silly reify   'C:\\Users\\kgh\\Documents\\Codex\\2026-08-06\\https-arcadiais-pages-dev-https-arcadiais\\node_modules\\nanoid': 'C:\\Users\\kgh\\Documents\\Codex\\2026-08-06\\https-arcadiais-pages-dev-https-arcadiais\\node_modules\\.nanoid-BICL5yEI',
414 silly reify   'C:\\Users\\kgh\\Documents\\Codex\\2026-08-06\\https-arcadiais-pages-dev-https-arcadiais\\node_modules\\neo-async': 'C:\\Users\\kgh\\Documents\\Codex\\2026-08-06\\https-arcadiais-pages-dev-https-arcadiais\\node_modules\\.neo-async-WVQa3ugL',
414 silly reify   'C:\\Users\\kgh\\Documents\\Codex\\2026-08-06\\https-arcadiais-pages-dev-https-arcadiais\\node_modules\\natural-compare': 'C:\\Users\\kgh\\Documents\\Codex\\2026-08-06\\https-arcadiais-pages-dev-https-arcadiais\\node_modules\\.natural-compare-SNtLqt3b',
414 silly reify   'C:\\Users\\kgh\\Documents\\Codex\\2026-08-06\\https-arcadiais-pages-dev-https-arcadiais\\node_modules\\node-exports-info': 'C:\\Users\\kgh\\Documents\\Codex\\2026-08-06\\https-arcadiais-pages-dev-https-arcadiais\\node_modules\\.node-exports-info-peBuHQNn',
414 silly reify   'C:\\Users\\kgh\\Documents\\Codex\\2026-08-06\\https-arcadiais-pages-dev-https-arcadiais\\node_modules\\node-releases': 'C:\\Users\\kgh\\Documents\\Codex\\2026-08-06\\https-arcadiais-pages-dev-https-arcadiais\\node_modules\\.node-releases-0yTWbmtC',
414 silly reify   'C:\\Users\\kgh\\Documents\\Codex\\2026-08-06\\https-arcadiais-pages-dev-https-arcadiais\\node_modules\\object.assign': 'C:\\Users\\kgh\\Documents\\Codex\\2026-08-06\\https-arcadiais-pages-dev-https-arcadiais\\node_modules\\.object.assign-Df9OorRY',
414 silly reify   'C:\\Users\\kgh\\Documents\\Codex\\2026-08-06\\https-arcadiais-pages-dev-https-arcadiais\\node_modules\\object.entries': 'C:\\Users\\kgh\\Documents\\Codex\\2026-08-06\\https-arcadiais-pages-dev-https-arcadiais\\node_modules\\.object.entries-OpLwrFmT',
414 silly reify   'C:\\Users\\kgh\\Documents\\Codex\\2026-08-06\\https-arcadiais-pages-dev-https-arcadiais\\node_modules\\object-keys': 'C:\\Users\\kgh\\Documents\\Codex\\2026-08-06\\https-arcadiais-pages-dev-https-arcadiais\\node_modules\\.object-keys-jjo6enJN',
414 silly reify   'C:\\Users\\kgh\\Documents\\Codex\\2026-08-06\\https-arcadiais-pages-dev-https-arcadiais\\node_modules\\object.fromentries': 'C:\\Users\\kgh\\Documents\\Codex\\2026-08-06\\https-arcadiais-pages-dev-https-arcadiais\\node_modules\\.object.fromentries-otTBqY0e',
414 silly reify   'C:\\Users\\kgh\\Documents\\Codex\\2026-08-06\\https-arcadiais-pages-dev-https-arcadiais\\node_modules\\object.values': 'C:\\Users\\kgh\\Documents\\Codex\\2026-08-06\\https-arcadiais-pages-dev-https-arcadiais\\node_modules\\.object.values-F5G351Lj',
414 silly reify   'C:\\Users\\kgh\\Documents\\Codex\\2026-08-06\\https-arcadiais-pages-dev-https-arcadiais\\node_modules\\optionator': 'C:\\Users\\kgh\\Documents\\Codex\\2026-08-06\\https-arcadiais-pages-dev-https-arcadiais\\node_modules\\.optionator-q0lS9UsP',
414 silly reify   'C:\\Users\\kgh\\Documents\\Codex\\2026-08-06\\https-arcadiais-pages-dev-https-arcadiais\\node_modules\\own-keys': 'C:\\Users\\kgh\\Documents\\Codex\\2026-08-06\\https-arcadiais-pages-dev-https-arcadiais\\node_modules\\.own-keys-MbjytSJm',
414 silly reify   'C:\\Users\\kgh\\Documents\\Codex\\2026-08-06\\https-arcadiais-pages-dev-https-arcadiais\\node_modules\\p-limit': 'C:\\Users\\kgh\\Documents\\Codex\\2026-08-06\\https-arcadiais-pages-dev-https-arcadiais\\node_modules\\.p-limit-HLR1fFVC',
414 silly reify   'C:\\Users\\kgh\\Documents\\Codex\\2026-08-06\\https-arcadiais-pages-dev-https-arcadiais\\node_modules\\p-locate': 'C:\\Users\\kgh\\Documents\\Codex\\2026-08-06\\https-arcadiais-pages-dev-https-arcadiais\\node_modules\\.p-locate-PghrJNsY',
414 silly reify   'C:\\Users\\kgh\\Documents\\Codex\\2026-08-06\\https-arcadiais-pages-dev-https-arcadiais\\node_modules\\pako': 'C:\\Users\\kgh\\Documents\\Codex\\2026-08-06\\https-arcadiais-pages-dev-https-arcadiais\\node_modules\\.pako-bIDDhDeY',
414 silly reify   'C:\\Users\\kgh\\Documents\\Codex\\2026-08-06\\https-arcadiais-pages-dev-https-arcadiais\\node_modules\\parent-module': 'C:\\Users\\kgh\\Documents\\Codex\\2026-08-06\\https-arcadiais-pages-dev-https-arcadiais\\node_modules\\.parent-module-3efZVqOw',
414 silly reify   'C:\\Users\\kgh\\Documents\\Codex\\2026-08-06\\https-arcadiais-pages-dev-https-arcadiais\\node_modules\\parse-css-color': 'C:\\Users\\kgh\\Documents\\Codex\\2026-08-06\\https-arcadiais-pages-dev-https-arcadiais\\node_modules\\.parse-css-color-MkAws8XF',
414 silly reify   'C:\\Users\\kgh\\Documents\\Codex\\2026-08-06\\https-arcadiais-pages-dev-https-arcadiais\\node_modules\\path-exists': 'C:\\Users\\kgh\\Documents\\Codex\\2026-08-06\\https-arcadiais-pages-dev-https-arcadiais\\node_modules\\.path-exists-rU9G20rK',
414 silly reify   'C:\\Users\\kgh\\Documents\\Codex\\2026-08-06\\https-arcadiais-pages-dev-https-arcadiais\\node_modules\\path-parse': 'C:\\Users\\kgh\\Documents\\Codex\\2026-08-06\\https-arcadiais-pages-dev-https-arcadiais\\node_modules\\.path-parse-QQMrdSra',
414 silly reify   'C:\\Users\\kgh\\Documents\\Codex\\2026-08-06\\https-arcadiais-pages-dev-https-arcadiais\\node_modules\\path-to-regexp': 'C:\\Users\\kgh\\Documents\\Codex\\2026-08-06\\https-arcadiais-pages-dev-https-arcadiais\\node_modules\\.path-to-regexp-EMEDbthd',
414 silly reify   'C:\\Users\\kgh\\Documents\\Codex\\2026-08-06\\https-arcadiais-pages-dev-https-arcadiais\\node_modules\\picocolors': 'C:\\Users\\kgh\\Documents\\Codex\\2026-08-06\\https-arcadiais-pages-dev-https-arcadiais\\node_modules\\.picocolors-bMAMmO2L',
414 silly reify   'C:\\Users\\kgh\\Documents\\Codex\\2026-08-06\\https-arcadiais-pages-dev-https-arcadiais\\node_modules\\pathe': 'C:\\Users\\kgh\\Documents\\Codex\\2026-08-06\\https-arcadiais-pages-dev-https-arcadiais\\node_modules\\.pathe-uTWCJ1BA',
414 silly reify   'C:\\Users\\kgh\\Documents\\Codex\\2026-08-06\\https-arcadiais-pages-dev-https-arcadiais\\node_modules\\possible-typed-array-names': 'C:\\Users\\kgh\\Documents\\Codex\\2026-08-06\\https-arcadiais-pages-dev-https-arcadiais\\node_modules\\.possible-typed-array-names-DY1g1gqt',
414 silly reify   'C:\\Users\\kgh\\Documents\\Codex\\2026-08-06\\https-arcadiais-pages-dev-https-arcadiais\\node_modules\\postcss': 'C:\\Users\\kgh\\Documents\\Codex\\2026-08-06\\https-arcadiais-pages-dev-https-arcadiais\\node_modules\\.postcss-6uewWzYv',
414 silly reify   'C:\\Users\\kgh\\Documents\\Codex\\2026-08-06\\https-arcadiais-pages-dev-https-arcadiais\\node_modules\\picomatch': 'C:\\Users\\kgh\\Documents\\Codex\\2026-08-06\\https-arcadiais-pages-dev-https-arcadiais\\node_modules\\.picomatch-ZLroDNGK',
414 silly reify   'C:\\Users\\kgh\\Documents\\Codex\\2026-08-06\\https-arcadiais-pages-dev-https-arcadiais\\node_modules\\postcss-value-parser': 'C:\\Users\\kgh\\Documents\\Codex\\2026-08-06\\https-arcadiais-pages-dev-https-arcadiais\\node_modules\\.postcss-value-parser-E59MpMbJ',
414 silly reify   'C:\\Users\\kgh\\Documents\\Codex\\2026-08-06\\https-arcadiais-pages-dev-https-arcadiais\\node_modules\\prelude-ls': 'C:\\Users\\kgh\\Documents\\Codex\\2026-08-06\\https-arcadiais-pages-dev-https-arcadiais\\node_modules\\.prelude-ls-IU9gXbWM',
414 silly reify   'C:\\Users\\kgh\\Documents\\Codex\\2026-08-06\\https-arcadiais-pages-dev-https-arcadiais\\node_modules\\prop-types': 'C:\\Users\\kgh\\Documents\\Codex\\2026-08-06\\https-arcadiais-pages-dev-https-arcadiais\\node_modules\\.prop-types-ralCayAj',
414 silly reify   'C:\\Users\\kgh\\Documents\\Codex\\2026-08-06\\https-arcadiais-pages-dev-https-arcadiais\\node_modules\\punycode': 'C:\\Users\\kgh\\Documents\\Codex\\2026-08-06\\https-arcadiais-pages-dev-https-arcadiais\\node_modules\\.punycode-8O9ZeZKJ',
414 silly reify   'C:\\Users\\kgh\\Documents\\Codex\\2026-08-06\\https-arcadiais-pages-dev-https-arcadiais\\node_modules\\react': 'C:\\Users\\kgh\\Documents\\Codex\\2026-08-06\\https-arcadiais-pages-dev-https-arcadiais\\node_modules\\.react-PKnQqoUf',
414 silly reify   'C:\\Users\\kgh\\Documents\\Codex\\2026-08-06\\https-arcadiais-pages-dev-https-arcadiais\\node_modules\\queue-microtask': 'C:\\Users\\kgh\\Documents\\Codex\\2026-08-06\\https-arcadiais-pages-dev-https-arcadiais\\node_modules\\.queue-microtask-bLlnSnu6',
414 silly reify   'C:\\Users\\kgh\\Documents\\Codex\\2026-08-06\\https-arcadiais-pages-dev-https-arcadiais\\node_modules\\react-dom': 'C:\\Users\\kgh\\Documents\\Codex\\2026-08-06\\https-arcadiais-pages-dev-https-arcadiais\\node_modules\\.react-dom-ZkFyuGae',
414 silly reify   'C:\\Users\\kgh\\Documents\\Codex\\2026-08-06\\https-arcadiais-pages-dev-https-arcadiais\\node_modules\\react-loading-skeleton': 'C:\\Users\\kgh\\Documents\\Codex\\2026-08-06\\https-arcadiais-pages-dev-https-arcadiais\\node_modules\\.react-loading-skeleton-dc8OIqyG',
414 silly reify   'C:\\Users\\kgh\\Documents\\Codex\\2026-08-06\\https-arcadiais-pages-dev-https-arcadiais\\node_modules\\react-is': 'C:\\Users\\kgh\\Documents\\Codex\\2026-08-06\\https-arcadiais-pages-dev-https-arcadiais\\node_modules\\.react-is-1kxX4msC',
414 silly reify   'C:\\Users\\kgh\\Documents\\Codex\\2026-08-06\\https-arcadiais-pages-dev-https-arcadiais\\node_modules\\reflect.getprototypeof': 'C:\\Users\\kgh\\Documents\\Codex\\2026-08-06\\https-arcadiais-pages-dev-https-arcadiais\\node_modules\\.reflect.getprototypeof-bYAmhrhm',
414 silly reify   'C:\\Users\\kgh\\Documents\\Codex\\2026-08-06\\https-arcadiais-pages-dev-https-arcadiais\\node_modules\\regexp.prototype.flags': 'C:\\Users\\kgh\\Documents\\Codex\\2026-08-06\\https-arcadiais-pages-dev-https-arcadiais\\node_modules\\.regexp.prototype.flags-T4cmAsQ8',
414 silly reify   'C:\\Users\\kgh\\Documents\\Codex\\2026-08-06\\https-arcadiais-pages-dev-https-arcadiais\\node_modules\\react-server-dom-webpack': 'C:\\Users\\kgh\\Documents\\Codex\\2026-08-06\\https-arcadiais-pages-dev-https-arcadiais\\node_modules\\.react-server-dom-webpack-tg9ymTTl',
414 silly reify   'C:\\Users\\kgh\\Documents\\Codex\\2026-08-06\\https-arcadiais-pages-dev-https-arcadiais\\node_modules\\resolve': 'C:\\Users\\kgh\\Documents\\Codex\\2026-08-06\\https-arcadiais-pages-dev-https-arcadiais\\node_modules\\.resolve-cLADY8wS',
414 silly reify   'C:\\Users\\kgh\\Documents\\Codex\\2026-08-06\\https-arcadiais-pages-dev-https-arcadiais\\node_modules\\resolve-from': 'C:\\Users\\kgh\\Documents\\Codex\\2026-08-06\\https-arcadiais-pages-dev-https-arcadiais\\node_modules\\.resolve-from-HY1EgsUw',
414 silly reify   'C:\\Users\\kgh\\Documents\\Codex\\2026-08-06\\https-arcadiais-pages-dev-https-arcadiais\\node_modules\\reusify': 'C:\\Users\\kgh\\Documents\\Codex\\2026-08-06\\https-arcadiais-pages-dev-https-arcadiais\\node_modules\\.reusify-XflEpBCC',
414 silly reify   'C:\\Users\\kgh\\Documents\\Codex\\2026-08-06\\https-arcadiais-pages-dev-https-arcadiais\\node_modules\\rolldown': 'C:\\Users\\kgh\\Documents\\Codex\\2026-08-06\\https-arcadiais-pages-dev-https-arcadiais\\node_modules\\.rolldown-ZvhuWt1G',
414 silly reify   'C:\\Users\\kgh\\Documents\\Codex\\2026-08-06\\https-arcadiais-pages-dev-https-arcadiais\\node_modules\\run-parallel': 'C:\\Users\\kgh\\Documents\\Codex\\2026-08-06\\https-arcadiais-pages-dev-https-arcadiais\\node_modules\\.run-parallel-f87wRdsH',
414 silly reify   'C:\\Users\\kgh\\Documents\\Codex\\2026-08-06\\https-arcadiais-pages-dev-https-arcadiais\\node_modules\\safe-array-concat': 'C:\\Users\\kgh\\Documents\\Codex\\2026-08-06\\https-arcadiais-pages-dev-https-arcadiais\\node_modules\\.safe-array-concat-HygQcN4k',
414 silly reify   'C:\\Users\\kgh\\Documents\\Codex\\2026-08-06\\https-arcadiais-pages-dev-https-arcadiais\\node_modules\\safe-push-apply': 'C:\\Users\\kgh\\Documents\\Codex\\2026-08-06\\https-arcadiais-pages-dev-https-arcadiais\\node_modules\\.safe-push-apply-DyhFWsUw',
414 silly reify   'C:\\Users\\kgh\\Documents\\Codex\\2026-08-06\\https-arcadiais-pages-dev-https-arcadiais\\node_modules\\safe-regex-test': 'C:\\Users\\kgh\\Documents\\Codex\\2026-08-06\\https-arcadiais-pages-dev-https-arcadiais\\node_modules\\.safe-regex-test-6iYeA35E',
414 silly reify   'C:\\Users\\kgh\\Documents\\Codex\\2026-08-06\\https-arcadiais-pages-dev-https-arcadiais\\node_modules\\schema-utils': 'C:\\Users\\kgh\\Documents\\Codex\\2026-08-06\\https-arcadiais-pages-dev-https-arcadiais\\node_modules\\.schema-utils-ZDkVIbBZ',
414 silly reify   'C:\\Users\\kgh\\Documents\\Codex\\2026-08-06\\https-arcadiais-pages-dev-https-arcadiais\\node_modules\\satori': 'C:\\Users\\kgh\\Documents\\Codex\\2026-08-06\\https-arcadiais-pages-dev-https-arcadiais\\node_modules\\.satori-lkJ2Tdmy',
414 silly reify   'C:\\Users\\kgh\\Documents\\Codex\\2026-08-06\\https-arcadiais-pages-dev-https-arcadiais\\node_modules\\semver': 'C:\\Users\\kgh\\Documents\\Codex\\2026-08-06\\https-arcadiais-pages-dev-https-arcadiais\\node_modules\\.semver-VSFHpXRW',
414 silly reify   'C:\\Users\\kgh\\Documents\\Codex\\2026-08-06\\https-arcadiais-pages-dev-https-arcadiais\\node_modules\\scheduler': 'C:\\Users\\kgh\\Documents\\Codex\\2026-08-06\\https-arcadiais-pages-dev-https-arcadiais\\node_modules\\.scheduler-kwXm8FGr',
414 silly reify   'C:\\Users\\kgh\\Documents\\Codex\\2026-08-06\\https-arcadiais-pages-dev-https-arcadiais\\node_modules\\set-function-length': 'C:\\Users\\kgh\\Documents\\Codex\\2026-08-06\\https-arcadiais-pages-dev-https-arcadiais\\node_modules\\.set-function-length-Pv07ZFh8',
414 silly reify   'C:\\Users\\kgh\\Documents\\Codex\\2026-08-06\\https-arcadiais-pages-dev-https-arcadiais\\node_modules\\sharp': 'C:\\Users\\kgh\\Documents\\Codex\\2026-08-06\\https-arcadiais-pages-dev-https-arcadiais\\node_modules\\.sharp-HW8NeKRd',
414 silly reify   'C:\\Users\\kgh\\Documents\\Codex\\2026-08-06\\https-arcadiais-pages-dev-https-arcadiais\\node_modules\\set-proto': 'C:\\Users\\kgh\\Documents\\Codex\\2026-08-06\\https-arcadiais-pages-dev-https-arcadiais\\node_modules\\.set-proto-KRK7Sna5',
414 silly reify   'C:\\Users\\kgh\\Documents\\Codex\\2026-08-06\\https-arcadiais-pages-dev-https-arcadiais\\node_modules\\set-function-name': 'C:\\Users\\kgh\\Documents\\Codex\\2026-08-06\\https-arcadiais-pages-dev-https-arcadiais\\node_modules\\.set-function-name-sJcy7ULw',
414 silly reify   'C:\\Users\\kgh\\Documents\\Codex\\2026-08-06\\https-arcadiais-pages-dev-https-arcadiais\\node_modules\\side-channel-list': 'C:\\Users\\kgh\\Documents\\Codex\\2026-08-06\\https-arcadiais-pages-dev-https-arcadiais\\node_modules\\.side-channel-list-MQF93iX4',
414 silly reify   'C:\\Users\\kgh\\Documents\\Codex\\2026-08-06\\https-arcadiais-pages-dev-https-arcadiais\\node_modules\\source-map': 'C:\\Users\\kgh\\Documents\\Codex\\2026-08-06\\https-arcadiais-pages-dev-https-arcadiais\\node_modules\\.source-map-qVStQOZG',
414 silly reify   'C:\\Users\\kgh\\Documents\\Codex\\2026-08-06\\https-arcadiais-pages-dev-https-arcadiais\\node_modules\\source-map-js': 'C:\\Users\\kgh\\Documents\\Codex\\2026-08-06\\https-arcadiais-pages-dev-https-arcadiais\\node_modules\\.source-map-js-rM44Ac8b',
414 silly reify   'C:\\Users\\kgh\\Documents\\Codex\\2026-08-06\\https-arcadiais-pages-dev-https-arcadiais\\node_modules\\source-map-support': 'C:\\Users\\kgh\\Documents\\Codex\\2026-08-06\\https-arcadiais-pages-dev-https-arcadiais\\node_modules\\.source-map-support-QdQT3zWd',
414 silly reify   'C:\\Users\\kgh\\Documents\\Codex\\2026-08-06\\https-arcadiais-pages-dev-https-arcadiais\\node_modules\\srvx': 'C:\\Users\\kgh\\Documents\\Codex\\2026-08-06\\https-arcadiais-pages-dev-https-arcadiais\\node_modules\\.srvx-X2ahzBYk',
414 silly reify   'C:\\Users\\kgh\\Documents\\Codex\\2026-08-06\\https-arcadiais-pages-dev-https-arcadiais\\node_modules\\stop-iteration-iterator': 'C:\\Users\\kgh\\Documents\\Codex\\2026-08-06\\https-arcadiais-pages-dev-https-arcadiais\\node_modules\\.stop-iteration-iterator-PeRQOpCO',
414 silly reify   'C:\\Users\\kgh\\Documents\\Codex\\2026-08-06\\https-arcadiais-pages-dev-https-arcadiais\\node_modules\\string.prototype.codepointat': 'C:\\Users\\kgh\\Documents\\Codex\\2026-08-06\\https-arcadiais-pages-dev-https-arcadiais\\node_modules\\.string.prototype.codepointat-fr0GZF8o',
414 silly reify   'C:\\Users\\kgh\\Documents\\Codex\\2026-08-06\\https-arcadiais-pages-dev-https-arcadiais\\node_modules\\string.prototype.includes': 'C:\\Users\\kgh\\Documents\\Codex\\2026-08-06\\https-arcadiais-pages-dev-https-arcadiais\\node_modules\\.string.prototype.includes-HmQltrV9',
414 silly reify   'C:\\Users\\kgh\\Documents\\Codex\\2026-08-06\\https-arcadiais-pages-dev-https-arcadiais\\node_modules\\string.prototype.matchall': 'C:\\Users\\kgh\\Documents\\Codex\\2026-08-06\\https-arcadiais-pages-dev-https-arcadiais\\node_modules\\.string.prototype.matchall-czDQfruQ',
414 silly reify   'C:\\Users\\kgh\\Documents\\Codex\\2026-08-06\\https-arcadiais-pages-dev-https-arcadiais\\node_modules\\string.prototype.trim': 'C:\\Users\\kgh\\Documents\\Codex\\2026-08-06\\https-arcadiais-pages-dev-https-arcadiais\\node_modules\\.string.prototype.trim-fYLgVg9H',
414 silly reify   'C:\\Users\\kgh\\Documents\\Codex\\2026-08-06\\https-arcadiais-pages-dev-https-arcadiais\\node_modules\\string.prototype.trimend': 'C:\\Users\\kgh\\Documents\\Codex\\2026-08-06\\https-arcadiais-pages-dev-https-arcadiais\\node_modules\\.string.prototype.trimend-cfRSOGye',
414 silly reify   'C:\\Users\\kgh\\Documents\\Codex\\2026-08-06\\https-arcadiais-pages-dev-https-arcadiais\\node_modules\\string.prototype.trimstart': 'C:\\Users\\kgh\\Documents\\Codex\\2026-08-06\\https-arcadiais-pages-dev-https-arcadiais\\node_modules\\.string.prototype.trimstart-sqWhLdy5',
414 silly reify   'C:\\Users\\kgh\\Documents\\Codex\\2026-08-06\\https-arcadiais-pages-dev-https-arcadiais\\node_modules\\strip-literal': 'C:\\Users\\kgh\\Documents\\Codex\\2026-08-06\\https-arcadiais-pages-dev-https-arcadiais\\node_modules\\.strip-literal-WW2KIMYy',
414 silly reify   'C:\\Users\\kgh\\Documents\\Codex\\2026-08-06\\https-arcadiais-pages-dev-https-arcadiais\\node_modules\\string.prototype.repeat': 'C:\\Users\\kgh\\Documents\\Codex\\2026-08-06\\https-arcadiais-pages-dev-https-arcadiais\\node_modules\\.string.prototype.repeat-5wNLgKmz',
414 silly reify   'C:\\Users\\kgh\\Documents\\Codex\\2026-08-06\\https-arcadiais-pages-dev-https-arcadiais\\node_modules\\strip-json-comments': 'C:\\Users\\kgh\\Documents\\Codex\\2026-08-06\\https-arcadiais-pages-dev-https-arcadiais\\node_modules\\.strip-json-comments-QhkShG7g',
414 silly reify   'C:\\Users\\kgh\\Documents\\Codex\\2026-08-06\\https-arcadiais-pages-dev-https-arcadiais\\node_modules\\supports-preserve-symlinks-flag': 'C:\\Users\\kgh\\Documents\\Codex\\2026-08-06\\https-arcadiais-pages-dev-https-arcadiais\\node_modules\\.supports-preserve-symlinks-flag-OmdEyhD1',
414 silly reify   'C:\\Users\\kgh\\Documents\\Codex\\2026-08-06\\https-arcadiais-pages-dev-https-arcadiais\\node_modules\\supports-color': 'C:\\Users\\kgh\\Documents\\Codex\\2026-08-06\\https-arcadiais-pages-dev-https-arcadiais\\node_modules\\.supports-color-WLyMixNx',
414 silly reify   'C:\\Users\\kgh\\Documents\\Codex\\2026-08-06\\https-arcadiais-pages-dev-https-arcadiais\\node_modules\\terser': 'C:\\Users\\kgh\\Documents\\Codex\\2026-08-06\\https-arcadiais-pages-dev-https-arcadiais\\node_modules\\.terser-kW43ZfRS',
414 silly reify   'C:\\Users\\kgh\\Documents\\Codex\\2026-08-06\\https-arcadiais-pages-dev-https-arcadiais\\node_modules\\tailwindcss': 'C:\\Users\\kgh\\Documents\\Codex\\2026-08-06\\https-arcadiais-pages-dev-https-arcadiais\\node_modules\\.tailwindcss-alRyrWkB',
414 silly reify   'C:\\Users\\kgh\\Documents\\Codex\\2026-08-06\\https-arcadiais-pages-dev-https-arcadiais\\node_modules\\tapable': 'C:\\Users\\kgh\\Documents\\Codex\\2026-08-06\\https-arcadiais-pages-dev-https-arcadiais\\node_modules\\.tapable-ytEqWgMc',
414 silly reify   'C:\\Users\\kgh\\Documents\\Codex\\2026-08-06\\https-arcadiais-pages-dev-https-arcadiais\\node_modules\\tiny-inflate': 'C:\\Users\\kgh\\Documents\\Codex\\2026-08-06\\https-arcadiais-pages-dev-https-arcadiais\\node_modules\\.tiny-inflate-ifkcci9P',
414 silly reify   'C:\\Users\\kgh\\Documents\\Codex\\2026-08-06\\https-arcadiais-pages-dev-https-arcadiais\\node_modules\\terser-webpack-plugin': 'C:\\Users\\kgh\\Documents\\Codex\\2026-08-06\\https-arcadiais-pages-dev-https-arcadiais\\node_modules\\.terser-webpack-plugin-ST6K9bfn',
414 silly reify   'C:\\Users\\kgh\\Documents\\Codex\\2026-08-06\\https-arcadiais-pages-dev-https-arcadiais\\node_modules\\tinyglobby': 'C:\\Users\\kgh\\Documents\\Codex\\2026-08-06\\https-arcadiais-pages-dev-https-arcadiais\\node_modules\\.tinyglobby-UnTUyr98',
414 silly reify   'C:\\Users\\kgh\\Documents\\Codex\\2026-08-06\\https-arcadiais-pages-dev-https-arcadiais\\node_modules\\to-regex-range': 'C:\\Users\\kgh\\Documents\\Codex\\2026-08-06\\https-arcadiais-pages-dev-https-arcadiais\\node_modules\\.to-regex-range-SxTdzbnj',
414 silly reify   'C:\\Users\\kgh\\Documents\\Codex\\2026-08-06\\https-arcadiais-pages-dev-https-arcadiais\\node_modules\\ts-api-utils': 'C:\\Users\\kgh\\Documents\\Codex\\2026-08-06\\https-arcadiais-pages-dev-https-arcadiais\\node_modules\\.ts-api-utils-sUaMhluh',
414 silly reify   'C:\\Users\\kgh\\Documents\\Codex\\2026-08-06\\https-arcadiais-pages-dev-https-arcadiais\\node_modules\\tslib': 'C:\\Users\\kgh\\Documents\\Codex\\2026-08-06\\https-arcadiais-pages-dev-https-arcadiais\\node_modules\\.tslib-Xx6VZyUa',
414 silly reify   'C:\\Users\\kgh\\Documents\\Codex\\2026-08-06\\https-arcadiais-pages-dev-https-arcadiais\\node_modules\\tsx': 'C:\\Users\\kgh\\Documents\\Codex\\2026-08-06\\https-arcadiais-pages-dev-https-arcadiais\\node_modules\\.tsx-u78lF14G',
414 silly reify   'C:\\Users\\kgh\\Documents\\Codex\\2026-08-06\\https-arcadiais-pages-dev-https-arcadiais\\node_modules\\turbo-stream': 'C:\\Users\\kgh\\Documents\\Codex\\2026-08-06\\https-arcadiais-pages-dev-https-arcadiais\\node_modules\\.turbo-stream-vtmUKN44',
414 silly reify   'C:\\Users\\kgh\\Documents\\Codex\\2026-08-06\\https-arcadiais-pages-dev-https-arcadiais\\node_modules\\type-check': 'C:\\Users\\kgh\\Documents\\Codex\\2026-08-06\\https-arcadiais-pages-dev-https-arcadiais\\node_modules\\.type-check-UGxuFvu3',
414 silly reify   'C:\\Users\\kgh\\Documents\\Codex\\2026-08-06\\https-arcadiais-pages-dev-https-arcadiais\\node_modules\\typed-array-byte-offset': 'C:\\Users\\kgh\\Documents\\Codex\\2026-08-06\\https-arcadiais-pages-dev-https-arcadiais\\node_modules\\.typed-array-byte-offset-DZA6CceY',
414 silly reify   'C:\\Users\\kgh\\Documents\\Codex\\2026-08-06\\https-arcadiais-pages-dev-https-arcadiais\\node_modules\\typed-array-byte-length': 'C:\\Users\\kgh\\Documents\\Codex\\2026-08-06\\https-arcadiais-pages-dev-https-arcadiais\\node_modules\\.typed-array-byte-length-FRKHD8gS',
414 silly reify   'C:\\Users\\kgh\\Documents\\Codex\\2026-08-06\\https-arcadiais-pages-dev-https-arcadiais\\node_modules\\typed-array-buffer': 'C:\\Users\\kgh\\Documents\\Codex\\2026-08-06\\https-arcadiais-pages-dev-https-arcadiais\\node_modules\\.typed-array-buffer-LcEduai8',
414 silly reify   'C:\\Users\\kgh\\Documents\\Codex\\2026-08-06\\https-arcadiais-pages-dev-https-arcadiais\\node_modules\\typed-array-length': 'C:\\Users\\kgh\\Documents\\Codex\\2026-08-06\\https-arcadiais-pages-dev-https-arcadiais\\node_modules\\.typed-array-length-rJwpU93S',
414 silly reify   'C:\\Users\\kgh\\Documents\\Codex\\2026-08-06\\https-arcadiais-pages-dev-https-arcadiais\\node_modules\\typescript-eslint': 'C:\\Users\\kgh\\Documents\\Codex\\2026-08-06\\https-arcadiais-pages-dev-https-arcadiais\\node_modules\\.typescript-eslint-dYhpDwY0',
414 silly reify   'C:\\Users\\kgh\\Documents\\Codex\\2026-08-06\\https-arcadiais-pages-dev-https-arcadiais\\node_modules\\undici': 'C:\\Users\\kgh\\Documents\\Codex\\2026-08-06\\https-arcadiais-pages-dev-https-arcadiais\\node_modules\\.undici-ulqDbCm5',
414 silly reify   'C:\\Users\\kgh\\Documents\\Codex\\2026-08-06\\https-arcadiais-pages-dev-https-arcadiais\\node_modules\\unbox-primitive': 'C:\\Users\\kgh\\Documents\\Codex\\2026-08-06\\https-arcadiais-pages-dev-https-arcadiais\\node_modules\\.unbox-primitive-sstJjPm9',
414 silly reify   'C:\\Users\\kgh\\Documents\\Codex\\2026-08-06\\https-arcadiais-pages-dev-https-arcadiais\\node_modules\\unenv': 'C:\\Users\\kgh\\Documents\\Codex\\2026-08-06\\https-arcadiais-pages-dev-https-arcadiais\\node_modules\\.unenv-An2fZY4C',
414 silly reify   'C:\\Users\\kgh\\Documents\\Codex\\2026-08-06\\https-arcadiais-pages-dev-https-arcadiais\\node_modules\\unicode-trie': 'C:\\Users\\kgh\\Documents\\Codex\\2026-08-06\\https-arcadiais-pages-dev-https-arcadiais\\node_modules\\.unicode-trie-PycK9GiZ',
414 silly reify   'C:\\Users\\kgh\\Documents\\Codex\\2026-08-06\\https-arcadiais-pages-dev-https-arcadiais\\node_modules\\update-browserslist-db': 'C:\\Users\\kgh\\Documents\\Codex\\2026-08-06\\https-arcadiais-pages-dev-https-arcadiais\\node_modules\\.update-browserslist-db-1fhXtvrn',
414 silly reify   'C:\\Users\\kgh\\Documents\\Codex\\2026-08-06\\https-arcadiais-pages-dev-https-arcadiais\\node_modules\\unpic': 'C:\\Users\\kgh\\Documents\\Codex\\2026-08-06\\https-arcadiais-pages-dev-https-arcadiais\\node_modules\\.unpic-Consoasj',
414 silly reify   'C:\\Users\\kgh\\Documents\\Codex\\2026-08-06\\https-arcadiais-pages-dev-https-arcadiais\\node_modules\\uri-js': 'C:\\Users\\kgh\\Documents\\Codex\\2026-08-06\\https-arcadiais-pages-dev-https-arcadiais\\node_modules\\.uri-js-XlJgho61',
414 silly reify   'C:\\Users\\kgh\\Documents\\Codex\\2026-08-06\\https-arcadiais-pages-dev-https-arcadiais\\node_modules\\vite': 'C:\\Users\\kgh\\Documents\\Codex\\2026-08-06\\https-arcadiais-pages-dev-https-arcadiais\\node_modules\\.vite-VOgV96a2',
414 silly reify   'C:\\Users\\kgh\\Documents\\Codex\\2026-08-06\\https-arcadiais-pages-dev-https-arcadiais\\node_modules\\vinext': 'C:\\Users\\kgh\\Documents\\Codex\\2026-08-06\\https-arcadiais-pages-dev-https-arcadiais\\node_modules\\.vinext-mANyhBLd',
414 silly reify   'C:\\Users\\kgh\\Documents\\Codex\\2026-08-06\\https-arcadiais-pages-dev-https-arcadiais\\node_modules\\vite-plugin-commonjs': 'C:\\Users\\kgh\\Documents\\Codex\\2026-08-06\\https-arcadiais-pages-dev-https-arcadiais\\node_modules\\.vite-plugin-commonjs-diBzwJpn',
414 silly reify   'C:\\Users\\kgh\\Documents\\Codex\\2026-08-06\\https-arcadiais-pages-dev-https-arcadiais\\node_modules\\vite-plugin-dynamic-import': 'C:\\Users\\kgh\\Documents\\Codex\\2026-08-06\\https-arcadiais-pages-dev-https-arcadiais\\node_modules\\.vite-plugin-dynamic-import-mkrbU6om',
414 silly reify   'C:\\Users\\kgh\\Documents\\Codex\\2026-08-06\\https-arcadiais-pages-dev-https-arcadiais\\node_modules\\watchpack': 'C:\\Users\\kgh\\Documents\\Codex\\2026-08-06\\https-arcadiais-pages-dev-https-arcadiais\\node_modules\\.watchpack-Hsnq8jc2',
414 silly reify   'C:\\Users\\kgh\\Documents\\Codex\\2026-08-06\\https-arcadiais-pages-dev-https-arcadiais\\node_modules\\webpack': 'C:\\Users\\kgh\\Documents\\Codex\\2026-08-06\\https-arcadiais-pages-dev-https-arcadiais\\node_modules\\.webpack-m9axGBIR',
414 silly reify   'C:\\Users\\kgh\\Documents\\Codex\\2026-08-06\\https-arcadiais-pages-dev-https-arcadiais\\node_modules\\web-vitals': 'C:\\Users\\kgh\\Documents\\Codex\\2026-08-06\\https-arcadiais-pages-dev-https-arcadiais\\node_modules\\.web-vitals-euHdcGPW',
414 silly reify   'C:\\Users\\kgh\\Documents\\Codex\\2026-08-06\\https-arcadiais-pages-dev-https-arcadiais\\node_modules\\webpack-sources': 'C:\\Users\\kgh\\Documents\\Codex\\2026-08-06\\https-arcadiais-pages-dev-https-arcadiais\\node_modules\\.webpack-sources-pazQIRB2',
414 silly reify   'C:\\Users\\kgh\\Documents\\Codex\\2026-08-06\\https-arcadiais-pages-dev-https-arcadiais\\node_modules\\which-boxed-primitive': 'C:\\Users\\kgh\\Documents\\Codex\\2026-08-06\\https-arcadiais-pages-dev-https-arcadiais\\node_modules\\.which-boxed-primitive-hTiHxJFC',
414 silly reify   'C:\\Users\\kgh\\Documents\\Codex\\2026-08-06\\https-arcadiais-pages-dev-https-arcadiais\\node_modules\\which-collection': 'C:\\Users\\kgh\\Documents\\Codex\\2026-08-06\\https-arcadiais-pages-dev-https-arcadiais\\node_modules\\.which-collection-35quOWlN',
414 silly reify   'C:\\Users\\kgh\\Documents\\Codex\\2026-08-06\\https-arcadiais-pages-dev-https-arcadiais\\node_modules\\which-builtin-type': 'C:\\Users\\kgh\\Documents\\Codex\\2026-08-06\\https-arcadiais-pages-dev-https-arcadiais\\node_modules\\.which-builtin-type-Bhx4f16C',
414 silly reify   'C:\\Users\\kgh\\Documents\\Codex\\2026-08-06\\https-arcadiais-pages-dev-https-arcadiais\\node_modules\\vitefu': 'C:\\Users\\kgh\\Documents\\Codex\\2026-08-06\\https-arcadiais-pages-dev-https-arcadiais\\node_modules\\.vitefu-z9QGVknw',
414 silly reify   'C:\\Users\\kgh\\Documents\\Codex\\2026-08-06\\https-arcadiais-pages-dev-https-arcadiais\\node_modules\\word-wrap': 'C:\\Users\\kgh\\Documents\\Codex\\2026-08-06\\https-arcadiais-pages-dev-https-arcadiais\\node_modules\\.word-wrap-Cmu26y8L',
414 silly reify   'C:\\Users\\kgh\\Documents\\Codex\\2026-08-06\\https-arcadiais-pages-dev-https-arcadiais\\node_modules\\which-typed-array': 'C:\\Users\\kgh\\Documents\\Codex\\2026-08-06\\https-arcadiais-pages-dev-https-arcadiais\\node_modules\\.which-typed-array-HrpQyNM2',
414 silly reify   'C:\\Users\\kgh\\Documents\\Codex\\2026-08-06\\https-arcadiais-pages-dev-https-arcadiais\\node_modules\\wrangler': 'C:\\Users\\kgh\\Documents\\Codex\\2026-08-06\\https-arcadiais-pages-dev-https-arcadiais\\node_modules\\.wrangler-lHakByXb',
414 silly reify   'C:\\Users\\kgh\\Documents\\Codex\\2026-08-06\\https-arcadiais-pages-dev-https-arcadiais\\node_modules\\yallist': 'C:\\Users\\kgh\\Documents\\Codex\\2026-08-06\\https-arcadiais-pages-dev-https-arcadiais\\node_modules\\.yallist-9ayL2JpZ',
414 silly reify   'C:\\Users\\kgh\\Documents\\Codex\\2026-08-06\\https-arcadiais-pages-dev-https-arcadiais\\node_modules\\workerd': 'C:\\Users\\kgh\\Documents\\Codex\\2026-08-06\\https-arcadiais-pages-dev-https-arcadiais\\node_modules\\.workerd-F6FpjzaD',
414 silly reify   'C:\\Users\\kgh\\Documents\\Codex\\2026-08-06\\https-arcadiais-pages-dev-https-arcadiais\\node_modules\\ws': 'C:\\Users\\kgh\\Documents\\Codex\\2026-08-06\\https-arcadiais-pages-dev-https-arcadiais\\node_modules\\.ws-dwHwQqRa',
414 silly reify   'C:\\Users\\kgh\\Documents\\Codex\\2026-08-06\\https-arcadiais-pages-dev-https-arcadiais\\node_modules\\yocto-queue': 'C:\\Users\\kgh\\Documents\\Codex\\2026-08-06\\https-arcadiais-pages-dev-https-arcadiais\\node_modules\\.yocto-queue-kt16OQNm',
414 silly reify   'C:\\Users\\kgh\\Documents\\Codex\\2026-08-06\\https-arcadiais-pages-dev-https-arcadiais\\node_modules\\youch-core': 'C:\\Users\\kgh\\Documents\\Codex\\2026-08-06\\https-arcadiais-pages-dev-https-arcadiais\\node_modules\\.youch-core-7EmXMSdV',
414 silly reify   'C:\\Users\\kgh\\Documents\\Codex\\2026-08-06\\https-arcadiais-pages-dev-https-arcadiais\\node_modules\\yoga-layout': 'C:\\Users\\kgh\\Documents\\Codex\\2026-08-06\\https-arcadiais-pages-dev-https-arcadiais\\node_modules\\.yoga-layout-TH1KwNLn',
414 silly reify   'C:\\Users\\kgh\\Documents\\Codex\\2026-08-06\\https-arcadiais-pages-dev-https-arcadiais\\node_modules\\@babel\\code-frame': 'C:\\Users\\kgh\\Documents\\Codex\\2026-08-06\\https-arcadiais-pages-dev-https-arcadiais\\node_modules\\@babel\\.code-frame-1KeH6JAM',
414 silly reify   'C:\\Users\\kgh\\Documents\\Codex\\2026-08-06\\https-arcadiais-pages-dev-https-arcadiais\\node_modules\\youch': 'C:\\Users\\kgh\\Documents\\Codex\\2026-08-06\\https-arcadiais-pages-dev-https-arcadiais\\node_modules\\.youch-84X1iZBa',
414 silly reify   'C:\\Users\\kgh\\Documents\\Codex\\2026-08-06\\https-arcadiais-pages-dev-https-arcadiais\\node_modules\\@babel\\compat-data': 'C:\\Users\\kgh\\Documents\\Codex\\2026-08-06\\https-arcadiais-pages-dev-https-arcadiais\\node_modules\\@babel\\.compat-data-oSEepGVP',
414 silly reify   'C:\\Users\\kgh\\Documents\\Codex\\2026-08-06\\https-arcadiais-pages-dev-https-arcadiais\\node_modules\\zod-validation-error': 'C:\\Users\\kgh\\Documents\\Codex\\2026-08-06\\https-arcadiais-pages-dev-https-arcadiais\\node_modules\\.zod-validation-error-IhdTBZgl',
414 silly reify   'C:\\Users\\kgh\\Documents\\Codex\\2026-08-06\\https-arcadiais-pages-dev-https-arcadiais\\node_modules\\zod': 'C:\\Users\\kgh\\Documents\\Codex\\2026-08-06\\https-arcadiais-pages-dev-https-arcadiais\\node_modules\\.zod-kkAxsyUQ',
414 silly reify   'C:\\Users\\kgh\\Documents\\Codex\\2026-08-06\\https-arcadiais-pages-dev-https-arcadiais\\node_modules\\@babel\\core': 'C:\\Users\\kgh\\Documents\\Codex\\2026-08-06\\https-arcadiais-pages-dev-https-arcadiais\\node_modules\\@babel\\.core-v6ruEgcp',
414 silly reify   'C:\\Users\\kgh\\Documents\\Codex\\2026-08-06\\https-arcadiais-pages-dev-https-arcadiais\\node_modules\\@babel\\generator': 'C:\\Users\\kgh\\Documents\\Codex\\2026-08-06\\https-arcadiais-pages-dev-https-arcadiais\\node_modules\\@babel\\.generator-LCLpQrql',
414 silly reify   'C:\\Users\\kgh\\Documents\\Codex\\2026-08-06\\https-arcadiais-pages-dev-https-arcadiais\\node_modules\\@babel\\helper-globals': 'C:\\Users\\kgh\\Documents\\Codex\\2026-08-06\\https-arcadiais-pages-dev-https-arcadiais\\node_modules\\@babel\\.helper-globals-1VxiNJkm',
414 silly reify   'C:\\Users\\kgh\\Documents\\Codex\\2026-08-06\\https-arcadiais-pages-dev-https-arcadiais\\node_modules\\@babel\\helper-compilation-targets': 'C:\\Users\\kgh\\Documents\\Codex\\2026-08-06\\https-arcadiais-pages-dev-https-arcadiais\\node_modules\\@babel\\.helper-compilation-targets-hPpoJJA2',
414 silly reify   'C:\\Users\\kgh\\Documents\\Codex\\2026-08-06\\https-arcadiais-pages-dev-https-arcadiais\\node_modules\\@babel\\helper-module-imports': 'C:\\Users\\kgh\\Documents\\Codex\\2026-08-06\\https-arcadiais-pages-dev-https-arcadiais\\node_modules\\@babel\\.helper-module-imports-522f16EK',
414 silly reify   'C:\\Users\\kgh\\Documents\\Codex\\2026-08-06\\https-arcadiais-pages-dev-https-arcadiais\\node_modules\\@babel\\helper-module-transforms': 'C:\\Users\\kgh\\Documents\\Codex\\2026-08-06\\https-arcadiais-pages-dev-https-arcadiais\\node_modules\\@babel\\.helper-module-transforms-fuIWTLdL',
414 silly reify   'C:\\Users\\kgh\\Documents\\Codex\\2026-08-06\\https-arcadiais-pages-dev-https-arcadiais\\node_modules\\@babel\\helper-string-parser': 'C:\\Users\\kgh\\Documents\\Codex\\2026-08-06\\https-arcadiais-pages-dev-https-arcadiais\\node_modules\\@babel\\.helper-string-parser-YamK7j4P',
414 silly reify   'C:\\Users\\kgh\\Documents\\Codex\\2026-08-06\\https-arcadiais-pages-dev-https-arcadiais\\node_modules\\@babel\\helper-validator-option': 'C:\\Users\\kgh\\Documents\\Codex\\2026-08-06\\https-arcadiais-pages-dev-https-arcadiais\\node_modules\\@babel\\.helper-validator-option-wO6S1GPg',
414 silly reify   'C:\\Users\\kgh\\Documents\\Codex\\2026-08-06\\https-arcadiais-pages-dev-https-arcadiais\\node_modules\\@babel\\helper-validator-identifier': 'C:\\Users\\kgh\\Documents\\Codex\\2026-08-06\\https-arcadiais-pages-dev-https-arcadiais\\node_modules\\@babel\\.helper-validator-identifier-TS4OkDyF',
414 silly reify   'C:\\Users\\kgh\\Documents\\Codex\\2026-08-06\\https-arcadiais-pages-dev-https-arcadiais\\node_modules\\@babel\\helpers': 'C:\\Users\\kgh\\Documents\\Codex\\2026-08-06\\https-arcadiais-pages-dev-https-arcadiais\\node_modules\\@babel\\.helpers-47iUkHDL',
414 silly reify   'C:\\Users\\kgh\\Documents\\Codex\\2026-08-06\\https-arcadiais-pages-dev-https-arcadiais\\node_modules\\@babel\\parser': 'C:\\Users\\kgh\\Documents\\Codex\\2026-08-06\\https-arcadiais-pages-dev-https-arcadiais\\node_modules\\@babel\\.parser-qH5whjbV',
414 silly reify   'C:\\Users\\kgh\\Documents\\Codex\\2026-08-06\\https-arcadiais-pages-dev-https-arcadiais\\node_modules\\@babel\\traverse': 'C:\\Users\\kgh\\Documents\\Codex\\2026-08-06\\https-arcadiais-pages-dev-https-arcadiais\\node_modules\\@babel\\.traverse-kT15LjSN',
414 silly reify   'C:\\Users\\kgh\\Documents\\Codex\\2026-08-06\\https-arcadiais-pages-dev-https-arcadiais\\node_modules\\@babel\\types': 'C:\\Users\\kgh\\Documents\\Codex\\2026-08-06\\https-arcadiais-pages-dev-https-arcadiais\\node_modules\\@babel\\.types-JAW9x4Hw',
414 silly reify   'C:\\Users\\kgh\\Documents\\Codex\\2026-08-06\\https-arcadiais-pages-dev-https-arcadiais\\node_modules\\@babel\\template': 'C:\\Users\\kgh\\Documents\\Codex\\2026-08-06\\https-arcadiais-pages-dev-https-arcadiais\\node_modules\\@babel\\.template-BSe03cuT',
414 silly reify   'C:\\Users\\kgh\\Documents\\Codex\\2026-08-06\\https-arcadiais-pages-dev-https-arcadiais\\node_modules\\@cloudflare\\kv-asset-handler': 'C:\\Users\\kgh\\Documents\\Codex\\2026-08-06\\https-arcadiais-pages-dev-https-arcadiais\\node_modules\\@cloudflare\\.kv-asset-handler-jGmmhsQ0',
414 silly reify   'C:\\Users\\kgh\\Documents\\Codex\\2026-08-06\\https-arcadiais-pages-dev-https-arcadiais\\node_modules\\@alloc\\quick-lru': 'C:\\Users\\kgh\\Documents\\Codex\\2026-08-06\\https-arcadiais-pages-dev-https-arcadiais\\node_modules\\@alloc\\.quick-lru-ZyXp4sHs',
414 silly reify   'C:\\Users\\kgh\\Documents\\Codex\\2026-08-06\\https-arcadiais-pages-dev-https-arcadiais\\node_modules\\@cspotcode\\source-map-support': 'C:\\Users\\kgh\\Documents\\Codex\\2026-08-06\\https-arcadiais-pages-dev-https-arcadiais\\node_modules\\@cspotcode\\.source-map-support-JtO6drN5',
414 silly reify   'C:\\Users\\kgh\\Documents\\Codex\\2026-08-06\\https-arcadiais-pages-dev-https-arcadiais\\node_modules\\@cloudflare\\unenv-preset': 'C:\\Users\\kgh\\Documents\\Codex\\2026-08-06\\https-arcadiais-pages-dev-https-arcadiais\\node_modules\\@cloudflare\\.unenv-preset-fk9BTZE1',
414 silly reify   'C:\\Users\\kgh\\Documents\\Codex\\2026-08-06\\https-arcadiais-pages-dev-https-arcadiais\\node_modules\\@drizzle-team\\brocli': 'C:\\Users\\kgh\\Documents\\Codex\\2026-08-06\\https-arcadiais-pages-dev-https-arcadiais\\node_modules\\@drizzle-team\\.brocli-qzyMxXXw',
414 silly reify   'C:\\Users\\kgh\\Documents\\Codex\\2026-08-06\\https-arcadiais-pages-dev-https-arcadiais\\node_modules\\@cloudflare\\workerd-windows-64': 'C:\\Users\\kgh\\Documents\\Codex\\2026-08-06\\https-arcadiais-pages-dev-https-arcadiais\\node_modules\\@cloudflare\\.workerd-windows-64-FXXxP7Fd',
414 silly reify   'C:\\Users\\kgh\\Documents\\Codex\\2026-08-06\\https-arcadiais-pages-dev-https-arcadiais\\node_modules\\@emnapi\\runtime': 'C:\\Users\\kgh\\Documents\\Codex\\2026-08-06\\https-arcadiais-pages-dev-https-arcadiais\\node_modules\\@emnapi\\.runtime-VH67GkJY',
414 silly reify   'C:\\Users\\kgh\\Documents\\Codex\\2026-08-06\\https-arcadiais-pages-dev-https-arcadiais\\node_modules\\@esbuild-kit\\esm-loader': 'C:\\Users\\kgh\\Documents\\Codex\\2026-08-06\\https-arcadiais-pages-dev-https-arcadiais\\node_modules\\@esbuild-kit\\.esm-loader-wFbGXB0w',
414 silly reify   'C:\\Users\\kgh\\Documents\\Codex\\2026-08-06\\https-arcadiais-pages-dev-https-arcadiais\\node_modules\\@cloudflare\\vite-plugin': 'C:\\Users\\kgh\\Documents\\Codex\\2026-08-06\\https-arcadiais-pages-dev-https-arcadiais\\node_modules\\@cloudflare\\.vite-plugin-k3sSPnDr',
414 silly reify   'C:\\Users\\kgh\\Documents\\Codex\\2026-08-06\\https-arcadiais-pages-dev-https-arcadiais\\node_modules\\@esbuild-kit\\core-utils': 'C:\\Users\\kgh\\Documents\\Codex\\2026-08-06\\https-arcadiais-pages-dev-https-arcadiais\\node_modules\\@esbuild-kit\\.core-utils-GYhiC9ny',
414 silly reify   'C:\\Users\\kgh\\Documents\\Codex\\2026-08-06\\https-arcadiais-pages-dev-https-arcadiais\\node_modules\\@eslint-community\\eslint-utils': 'C:\\Users\\kgh\\Documents\\Codex\\2026-08-06\\https-arcadiais-pages-dev-https-arcadiais\\node_modules\\@eslint-community\\.eslint-utils-JOFES7YY',
414 silly reify   'C:\\Users\\kgh\\Documents\\Codex\\2026-08-06\\https-arcadiais-pages-dev-https-arcadiais\\node_modules\\@eslint-community\\regexpp': 'C:\\Users\\kgh\\Documents\\Codex\\2026-08-06\\https-arcadiais-pages-dev-https-arcadiais\\node_modules\\@eslint-community\\.regexpp-yGjVZcZJ',
414 silly reify   'C:\\Users\\kgh\\Documents\\Codex\\2026-08-06\\https-arcadiais-pages-dev-https-arcadiais\\node_modules\\@esbuild\\win32-x64': 'C:\\Users\\kgh\\Documents\\Codex\\2026-08-06\\https-arcadiais-pages-dev-https-arcadiais\\node_modules\\@esbuild\\.win32-x64-s1IByXUa',
414 silly reify   'C:\\Users\\kgh\\Documents\\Codex\\2026-08-06\\https-arcadiais-pages-dev-https-arcadiais\\node_modules\\@eslint\\config-array': 'C:\\Users\\kgh\\Documents\\Codex\\2026-08-06\\https-arcadiais-pages-dev-https-arcadiais\\node_modules\\@eslint\\.config-array-1H3b6gy8',
414 silly reify   'C:\\Users\\kgh\\Documents\\Codex\\2026-08-06\\https-arcadiais-pages-dev-https-arcadiais\\node_modules\\@eslint\\core': 'C:\\Users\\kgh\\Documents\\Codex\\2026-08-06\\https-arcadiais-pages-dev-https-arcadiais\\node_modules\\@eslint\\.core-MtYeXQpb',
414 silly reify   'C:\\Users\\kgh\\Documents\\Codex\\2026-08-06\\https-arcadiais-pages-dev-https-arcadiais\\node_modules\\@eslint\\config-helpers': 'C:\\Users\\kgh\\Documents\\Codex\\2026-08-06\\https-arcadiais-pages-dev-https-arcadiais\\node_modules\\@eslint\\.config-helpers-hKVjyFfG',
414 silly reify   'C:\\Users\\kgh\\Documents\\Codex\\2026-08-06\\https-arcadiais-pages-dev-https-arcadiais\\node_modules\\@eslint\\eslintrc': 'C:\\Users\\kgh\\Documents\\Codex\\2026-08-06\\https-arcadiais-pages-dev-https-arcadiais\\node_modules\\@eslint\\.eslintrc-bm9Ho59r',
414 silly reify   'C:\\Users\\kgh\\Documents\\Codex\\2026-08-06\\https-arcadiais-pages-dev-https-arcadiais\\node_modules\\@eslint\\object-schema': 'C:\\Users\\kgh\\Documents\\Codex\\2026-08-06\\https-arcadiais-pages-dev-https-arcadiais\\node_modules\\@eslint\\.object-schema-r7XQxN2M',
414 silly reify   'C:\\Users\\kgh\\Documents\\Codex\\2026-08-06\\https-arcadiais-pages-dev-https-arcadiais\\node_modules\\@eslint\\plugin-kit': 'C:\\Users\\kgh\\Documents\\Codex\\2026-08-06\\https-arcadiais-pages-dev-https-arcadiais\\node_modules\\@eslint\\.plugin-kit-wMcdyJ0O',
414 silly reify   'C:\\Users\\kgh\\Documents\\Codex\\2026-08-06\\https-arcadiais-pages-dev-https-arcadiais\\node_modules\\@eslint\\js': 'C:\\Users\\kgh\\Documents\\Codex\\2026-08-06\\https-arcadiais-pages-dev-https-arcadiais\\node_modules\\@eslint\\.js-cye9L7zl',
414 silly reify   'C:\\Users\\kgh\\Documents\\Codex\\2026-08-06\\https-arcadiais-pages-dev-https-arcadiais\\node_modules\\@humanwhocodes\\module-importer': 'C:\\Users\\kgh\\Documents\\Codex\\2026-08-06\\https-arcadiais-pages-dev-https-arcadiais\\node_modules\\@humanwhocodes\\.module-importer-qiLheQZ9',
414 silly reify   'C:\\Users\\kgh\\Documents\\Codex\\2026-08-06\\https-arcadiais-pages-dev-https-arcadiais\\node_modules\\@humanfs\\node': 'C:\\Users\\kgh\\Documents\\Codex\\2026-08-06\\https-arcadiais-pages-dev-https-arcadiais\\node_modules\\@humanfs\\.node-S9Dbhnys',
414 silly reify   'C:\\Users\\kgh\\Documents\\Codex\\2026-08-06\\https-arcadiais-pages-dev-https-arcadiais\\node_modules\\@humanfs\\core': 'C:\\Users\\kgh\\Documents\\Codex\\2026-08-06\\https-arcadiais-pages-dev-https-arcadiais\\node_modules\\@humanfs\\.core-oK2PU6ZA',
414 silly reify   'C:\\Users\\kgh\\Documents\\Codex\\2026-08-06\\https-arcadiais-pages-dev-https-arcadiais\\node_modules\\@humanfs\\types': 'C:\\Users\\kgh\\Documents\\Codex\\2026-08-06\\https-arcadiais-pages-dev-https-arcadiais\\node_modules\\@humanfs\\.types-9Eqp5ede',
414 silly reify   'C:\\Users\\kgh\\Documents\\Codex\\2026-08-06\\https-arcadiais-pages-dev-https-arcadiais\\node_modules\\@humanwhocodes\\retry': 'C:\\Users\\kgh\\Documents\\Codex\\2026-08-06\\https-arcadiais-pages-dev-https-arcadiais\\node_modules\\@humanwhocodes\\.retry-a9lTi0Og',
414 silly reify   'C:\\Users\\kgh\\Documents\\Codex\\2026-08-06\\https-arcadiais-pages-dev-https-arcadiais\\node_modules\\@jridgewell\\gen-mapping': 'C:\\Users\\kgh\\Documents\\Codex\\2026-08-06\\https-arcadiais-pages-dev-https-arcadiais\\node_modules\\@jridgewell\\.gen-mapping-blH1RiUt',
414 silly reify   'C:\\Users\\kgh\\Documents\\Codex\\2026-08-06\\https-arcadiais-pages-dev-https-arcadiais\\node_modules\\@jridgewell\\remapping': 'C:\\Users\\kgh\\Documents\\Codex\\2026-08-06\\https-arcadiais-pages-dev-https-arcadiais\\node_modules\\@jridgewell\\.remapping-RSs8YY5U',
414 silly reify   'C:\\Users\\kgh\\Documents\\Codex\\2026-08-06\\https-arcadiais-pages-dev-https-arcadiais\\node_modules\\@img\\colour': 'C:\\Users\\kgh\\Documents\\Codex\\2026-08-06\\https-arcadiais-pages-dev-https-arcadiais\\node_modules\\@img\\.colour-83FQukeN',
414 silly reify   'C:\\Users\\kgh\\Documents\\Codex\\2026-08-06\\https-arcadiais-pages-dev-https-arcadiais\\node_modules\\@img\\sharp-win32-x64': 'C:\\Users\\kgh\\Documents\\Codex\\2026-08-06\\https-arcadiais-pages-dev-https-arcadiais\\node_modules\\@img\\.sharp-win32-x64-cwIA6qwL',
414 silly reify   'C:\\Users\\kgh\\Documents\\Codex\\2026-08-06\\https-arcadiais-pages-dev-https-arcadiais\\node_modules\\@jridgewell\\resolve-uri': 'C:\\Users\\kgh\\Documents\\Codex\\2026-08-06\\https-arcadiais-pages-dev-https-arcadiais\\node_modules\\@jridgewell\\.resolve-uri-OAexnPby',
414 silly reify   'C:\\Users\\kgh\\Documents\\Codex\\2026-08-06\\https-arcadiais-pages-dev-https-arcadiais\\node_modules\\@jridgewell\\sourcemap-codec': 'C:\\Users\\kgh\\Documents\\Codex\\2026-08-06\\https-arcadiais-pages-dev-https-arcadiais\\node_modules\\@jridgewell\\.sourcemap-codec-G2Oh8YIJ',
414 silly reify   'C:\\Users\\kgh\\Documents\\Codex\\2026-08-06\\https-arcadiais-pages-dev-https-arcadiais\\node_modules\\@jridgewell\\trace-mapping': 'C:\\Users\\kgh\\Documents\\Codex\\2026-08-06\\https-arcadiais-pages-dev-https-arcadiais\\node_modules\\@jridgewell\\.trace-mapping-zMmt5WLZ',
414 silly reify   'C:\\Users\\kgh\\Documents\\Codex\\2026-08-06\\https-arcadiais-pages-dev-https-arcadiais\\node_modules\\@jridgewell\\source-map': 'C:\\Users\\kgh\\Documents\\Codex\\2026-08-06\\https-arcadiais-pages-dev-https-arcadiais\\node_modules\\@jridgewell\\.source-map-Tbrpn0iM',
414 silly reify   'C:\\Users\\kgh\\Documents\\Codex\\2026-08-06\\https-arcadiais-pages-dev-https-arcadiais\\node_modules\\@next\\eslint-plugin-next': 'C:\\Users\\kgh\\Documents\\Codex\\2026-08-06\\https-arcadiais-pages-dev-https-arcadiais\\node_modules\\@next\\.eslint-plugin-next-pAKD0QUT',
414 silly reify   'C:\\Users\\kgh\\Documents\\Codex\\2026-08-06\\https-arcadiais-pages-dev-https-arcadiais\\node_modules\\@oxc-project\\types': 'C:\\Users\\kgh\\Documents\\Codex\\2026-08-06\\https-arcadiais-pages-dev-https-arcadiais\\node_modules\\@oxc-project\\.types-gSrx1ao5',
414 silly reify   'C:\\Users\\kgh\\Documents\\Codex\\2026-08-06\\https-arcadiais-pages-dev-https-arcadiais\\node_modules\\@poppinss\\colors': 'C:\\Users\\kgh\\Documents\\Codex\\2026-08-06\\https-arcadiais-pages-dev-https-arcadiais\\node_modules\\@poppinss\\.colors-aTjoKPBj',
414 silly reify   'C:\\Users\\kgh\\Documents\\Codex\\2026-08-06\\https-arcadiais-pages-dev-https-arcadiais\\node_modules\\@nodelib\\fs.stat': 'C:\\Users\\kgh\\Documents\\Codex\\2026-08-06\\https-arcadiais-pages-dev-https-arcadiais\\node_modules\\@nodelib\\.fs.stat-uOnc8GAR',
414 silly reify   'C:\\Users\\kgh\\Documents\\Codex\\2026-08-06\\https-arcadiais-pages-dev-https-arcadiais\\node_modules\\@nodelib\\fs.scandir': 'C:\\Users\\kgh\\Documents\\Codex\\2026-08-06\\https-arcadiais-pages-dev-https-arcadiais\\node_modules\\@nodelib\\.fs.scandir-zOEamxis',
414 silly reify   'C:\\Users\\kgh\\Documents\\Codex\\2026-08-06\\https-arcadiais-pages-dev-https-arcadiais\\node_modules\\@poppinss\\dumper': 'C:\\Users\\kgh\\Documents\\Codex\\2026-08-06\\https-arcadiais-pages-dev-https-arcadiais\\node_modules\\@poppinss\\.dumper-CCud6TXi',
414 silly reify   'C:\\Users\\kgh\\Documents\\Codex\\2026-08-06\\https-arcadiais-pages-dev-https-arcadiais\\node_modules\\@nodelib\\fs.walk': 'C:\\Users\\kgh\\Documents\\Codex\\2026-08-06\\https-arcadiais-pages-dev-https-arcadiais\\node_modules\\@nodelib\\.fs.walk-Ve5BSd5W',
414 silly reify   'C:\\Users\\kgh\\Documents\\Codex\\2026-08-06\\https-arcadiais-pages-dev-https-arcadiais\\node_modules\\@poppinss\\exception': 'C:\\Users\\kgh\\Documents\\Codex\\2026-08-06\\https-arcadiais-pages-dev-https-arcadiais\\node_modules\\@poppinss\\.exception-zbPI5XVb',
414 silly reify   'C:\\Users\\kgh\\Documents\\Codex\\2026-08-06\\https-arcadiais-pages-dev-https-arcadiais\\node_modules\\@resvg\\resvg-wasm': 'C:\\Users\\kgh\\Documents\\Codex\\2026-08-06\\https-arcadiais-pages-dev-https-arcadiais\\node_modules\\@resvg\\.resvg-wasm-29F0Ytv1',
414 silly reify   'C:\\Users\\kgh\\Documents\\Codex\\2026-08-06\\https-arcadiais-pages-dev-https-arcadiais\\node_modules\\@rolldown\\pluginutils': 'C:\\Users\\kgh\\Documents\\Codex\\2026-08-06\\https-arcadiais-pages-dev-https-arcadiais\\node_modules\\@rolldown\\.pluginutils-9Q2wo1I9',
414 silly reify   'C:\\Users\\kgh\\Documents\\Codex\\2026-08-06\\https-arcadiais-pages-dev-https-arcadiais\\node_modules\\@rolldown\\binding-win32-x64-msvc': 'C:\\Users\\kgh\\Documents\\Codex\\2026-08-06\\https-arcadiais-pages-dev-https-arcadiais\\node_modules\\@rolldown\\.binding-win32-x64-msvc-XTs149S9',
414 silly reify   'C:\\Users\\kgh\\Documents\\Codex\\2026-08-06\\https-arcadiais-pages-dev-https-arcadiais\\node_modules\\@sindresorhus\\is': 'C:\\Users\\kgh\\Documents\\Codex\\2026-08-06\\https-arcadiais-pages-dev-https-arcadiais\\node_modules\\@sindresorhus\\.is-ZJE8OG1F',
414 silly reify   'C:\\Users\\kgh\\Documents\\Codex\\2026-08-06\\https-arcadiais-pages-dev-https-arcadiais\\node_modules\\@shuding\\opentype.js': 'C:\\Users\\kgh\\Documents\\Codex\\2026-08-06\\https-arcadiais-pages-dev-https-arcadiais\\node_modules\\@shuding\\.opentype.js-QmF2FLD5',
414 silly reify   'C:\\Users\\kgh\\Documents\\Codex\\2026-08-06\\https-arcadiais-pages-dev-https-arcadiais\\node_modules\\@tailwindcss\\oxide': 'C:\\Users\\kgh\\Documents\\Codex\\2026-08-06\\https-arcadiais-pages-dev-https-arcadiais\\node_modules\\@tailwindcss\\.oxide-DsDOiNRu',
414 silly reify   'C:\\Users\\kgh\\Documents\\Codex\\2026-08-06\\https-arcadiais-pages-dev-https-arcadiais\\node_modules\\@tailwindcss\\oxide-win32-x64-msvc': 'C:\\Users\\kgh\\Documents\\Codex\\2026-08-06\\https-arcadiais-pages-dev-https-arcadiais\\node_modules\\@tailwindcss\\.oxide-win32-x64-msvc-AHqBBq66',
414 silly reify   'C:\\Users\\kgh\\Documents\\Codex\\2026-08-06\\https-arcadiais-pages-dev-https-arcadiais\\node_modules\\@tailwindcss\\node': 'C:\\Users\\kgh\\Documents\\Codex\\2026-08-06\\https-arcadiais-pages-dev-https-arcadiais\\node_modules\\@tailwindcss\\.node-kA0FNpjQ',
414 silly reify   'C:\\Users\\kgh\\Documents\\Codex\\2026-08-06\\https-arcadiais-pages-dev-https-arcadiais\\node_modules\\@speed-highlight\\core': 'C:\\Users\\kgh\\Documents\\Codex\\2026-08-06\\https-arcadiais-pages-dev-https-arcadiais\\node_modules\\@speed-highlight\\.core-o13yNs9A',
414 silly reify   'C:\\Users\\kgh\\Documents\\Codex\\2026-08-06\\https-arcadiais-pages-dev-https-arcadiais\\node_modules\\@tailwindcss\\postcss': 'C:\\Users\\kgh\\Documents\\Codex\\2026-08-06\\https-arcadiais-pages-dev-https-arcadiais\\node_modules\\@tailwindcss\\.postcss-JuFsig50',
414 silly reify   'C:\\Users\\kgh\\Documents\\Codex\\2026-08-06\\https-arcadiais-pages-dev-https-arcadiais\\node_modules\\@typescript-eslint\\eslint-plugin': 'C:\\Users\\kgh\\Documents\\Codex\\2026-08-06\\https-arcadiais-pages-dev-https-arcadiais\\node_modules\\@typescript-eslint\\.eslint-plugin-HJt7NVof',
414 silly reify   'C:\\Users\\kgh\\Documents\\Codex\\2026-08-06\\https-arcadiais-pages-dev-https-arcadiais\\node_modules\\@typescript-eslint\\project-service': 'C:\\Users\\kgh\\Documents\\Codex\\2026-08-06\\https-arcadiais-pages-dev-https-arcadiais\\node_modules\\@typescript-eslint\\.project-service-vbaBSuv3',
414 silly reify   'C:\\Users\\kgh\\Documents\\Codex\\2026-08-06\\https-arcadiais-pages-dev-https-arcadiais\\node_modules\\@typescript-eslint\\scope-manager': 'C:\\Users\\kgh\\Documents\\Codex\\2026-08-06\\https-arcadiais-pages-dev-https-arcadiais\\node_modules\\@typescript-eslint\\.scope-manager-wsbOn1E7',
414 silly reify   'C:\\Users\\kgh\\Documents\\Codex\\2026-08-06\\https-arcadiais-pages-dev-https-arcadiais\\node_modules\\@typescript-eslint\\parser': 'C:\\Users\\kgh\\Documents\\Codex\\2026-08-06\\https-arcadiais-pages-dev-https-arcadiais\\node_modules\\@typescript-eslint\\.parser-98jf0Pqc',
414 silly reify   'C:\\Users\\kgh\\Documents\\Codex\\2026-08-06\\https-arcadiais-pages-dev-https-arcadiais\\node_modules\\@typescript-eslint\\tsconfig-utils': 'C:\\Users\\kgh\\Documents\\Codex\\2026-08-06\\https-arcadiais-pages-dev-https-arcadiais\\node_modules\\@typescript-eslint\\.tsconfig-utils-oP7aHQSX',
414 silly reify   'C:\\Users\\kgh\\Documents\\Codex\\2026-08-06\\https-arcadiais-pages-dev-https-arcadiais\\node_modules\\@typescript-eslint\\type-utils': 'C:\\Users\\kgh\\Documents\\Codex\\2026-08-06\\https-arcadiais-pages-dev-https-arcadiais\\node_modules\\@typescript-eslint\\.type-utils-ApcyerUl',
414 silly reify   'C:\\Users\\kgh\\Documents\\Codex\\2026-08-06\\https-arcadiais-pages-dev-https-arcadiais\\node_modules\\@typescript-eslint\\types': 'C:\\Users\\kgh\\Documents\\Codex\\2026-08-06\\https-arcadiais-pages-dev-https-arcadiais\\node_modules\\@typescript-eslint\\.types-KaYSmsxb',
414 silly reify   'C:\\Users\\kgh\\Documents\\Codex\\2026-08-06\\https-arcadiais-pages-dev-https-arcadiais\\node_modules\\@typescript-eslint\\typescript-estree': 'C:\\Users\\kgh\\Documents\\Codex\\2026-08-06\\https-arcadiais-pages-dev-https-arcadiais\\node_modules\\@typescript-eslint\\.typescript-estree-Dxu5uyb1',
414 silly reify   'C:\\Users\\kgh\\Documents\\Codex\\2026-08-06\\https-arcadiais-pages-dev-https-arcadiais\\node_modules\\@typescript-eslint\\utils': 'C:\\Users\\kgh\\Documents\\Codex\\2026-08-06\\https-arcadiais-pages-dev-https-arcadiais\\node_modules\\@typescript-eslint\\.utils-8xbMQu7y',
414 silly reify   'C:\\Users\\kgh\\Documents\\Codex\\2026-08-06\\https-arcadiais-pages-dev-https-arcadiais\\node_modules\\@typescript-eslint\\visitor-keys': 'C:\\Users\\kgh\\Documents\\Codex\\2026-08-06\\https-arcadiais-pages-dev-https-arcadiais\\node_modules\\@typescript-eslint\\.visitor-keys-eOXCrKHW',
414 silly reify   'C:\\Users\\kgh\\Documents\\Codex\\2026-08-06\\https-arcadiais-pages-dev-https-arcadiais\\node_modules\\@types\\eslint-scope': 'C:\\Users\\kgh\\Documents\\Codex\\2026-08-06\\https-arcadiais-pages-dev-https-arcadiais\\node_modules\\@types\\.eslint-scope-2701qwio',
414 silly reify   'C:\\Users\\kgh\\Documents\\Codex\\2026-08-06\\https-arcadiais-pages-dev-https-arcadiais\\node_modules\\@types\\eslint': 'C:\\Users\\kgh\\Documents\\Codex\\2026-08-06\\https-arcadiais-pages-dev-https-arcadiais\\node_modules\\@types\\.eslint-zE8u9jCt',
414 silly reify   'C:\\Users\\kgh\\Documents\\Codex\\2026-08-06\\https-arcadiais-pages-dev-https-arcadiais\\node_modules\\@types\\estree': 'C:\\Users\\kgh\\Documents\\Codex\\2026-08-06\\https-arcadiais-pages-dev-https-arcadiais\\node_modules\\@types\\.estree-RWGvqvpH',
414 silly reify   'C:\\Users\\kgh\\Documents\\Codex\\2026-08-06\\https-arcadiais-pages-dev-https-arcadiais\\node_modules\\@types\\json-schema': 'C:\\Users\\kgh\\Documents\\Codex\\2026-08-06\\https-arcadiais-pages-dev-https-arcadiais\\node_modules\\@types\\.json-schema-7fwMpjua',
414 silly reify   'C:\\Users\\kgh\\Documents\\Codex\\2026-08-06\\https-arcadiais-pages-dev-https-arcadiais\\node_modules\\@unpic\\core': 'C:\\Users\\kgh\\Documents\\Codex\\2026-08-06\\https-arcadiais-pages-dev-https-arcadiais\\node_modules\\@unpic\\.core-fEQAlFIc',
414 silly reify   'C:\\Users\\kgh\\Documents\\Codex\\2026-08-06\\https-arcadiais-pages-dev-https-arcadiais\\node_modules\\@unpic\\react': 'C:\\Users\\kgh\\Documents\\Codex\\2026-08-06\\https-arcadiais-pages-dev-https-arcadiais\\node_modules\\@unpic\\.react-LAflnj4m',
414 silly reify   'C:\\Users\\kgh\\Documents\\Codex\\2026-08-06\\https-arcadiais-pages-dev-https-arcadiais\\node_modules\\@types\\node': 'C:\\Users\\kgh\\Documents\\Codex\\2026-08-06\\https-arcadiais-pages-dev-https-arcadiais\\node_modules\\@types\\.node-Ccp1g0Z1',
414 silly reify   'C:\\Users\\kgh\\Documents\\Codex\\2026-08-06\\https-arcadiais-pages-dev-https-arcadiais\\node_modules\\@types\\react-dom': 'C:\\Users\\kgh\\Documents\\Codex\\2026-08-06\\https-arcadiais-pages-dev-https-arcadiais\\node_modules\\@types\\.react-dom-rVMZNxgv',
414 silly reify   'C:\\Users\\kgh\\Documents\\Codex\\2026-08-06\\https-arcadiais-pages-dev-https-arcadiais\\node_modules\\@vercel\\og': 'C:\\Users\\kgh\\Documents\\Codex\\2026-08-06\\https-arcadiais-pages-dev-https-arcadiais\\node_modules\\@vercel\\.og-jic6iO6r',
414 silly reify   'C:\\Users\\kgh\\Documents\\Codex\\2026-08-06\\https-arcadiais-pages-dev-https-arcadiais\\node_modules\\@vinext\\types': 'C:\\Users\\kgh\\Documents\\Codex\\2026-08-06\\https-arcadiais-pages-dev-https-arcadiais\\node_modules\\@vinext\\.types-tLZSZCP9',
414 silly reify   'C:\\Users\\kgh\\Documents\\Codex\\2026-08-06\\https-arcadiais-pages-dev-https-arcadiais\\node_modules\\@webassemblyjs\\ast': 'C:\\Users\\kgh\\Documents\\Codex\\2026-08-06\\https-arcadiais-pages-dev-https-arcadiais\\node_modules\\@webassemblyjs\\.ast-Ed1yNewH',
414 silly reify   'C:\\Users\\kgh\\Documents\\Codex\\2026-08-06\\https-arcadiais-pages-dev-https-arcadiais\\node_modules\\@vitejs\\plugin-react': 'C:\\Users\\kgh\\Documents\\Codex\\2026-08-06\\https-arcadiais-pages-dev-https-arcadiais\\node_modules\\@vitejs\\.plugin-react-NKUY4Jml',
414 silly reify   'C:\\Users\\kgh\\Documents\\Codex\\2026-08-06\\https-arcadiais-pages-dev-https-arcadiais\\node_modules\\@webassemblyjs\\floating-point-hex-parser': 'C:\\Users\\kgh\\Documents\\Codex\\2026-08-06\\https-arcadiais-pages-dev-https-arcadiais\\node_modules\\@webassemblyjs\\.floating-point-hex-parser-DhcNde14',
414 silly reify   'C:\\Users\\kgh\\Documents\\Codex\\2026-08-06\\https-arcadiais-pages-dev-https-arcadiais\\node_modules\\@webassemblyjs\\helper-api-error': 'C:\\Users\\kgh\\Documents\\Codex\\2026-08-06\\https-arcadiais-pages-dev-https-arcadiais\\node_modules\\@webassemblyjs\\.helper-api-error-XzJjTrnO',
414 silly reify   'C:\\Users\\kgh\\Documents\\Codex\\2026-08-06\\https-arcadiais-pages-dev-https-arcadiais\\node_modules\\@webassemblyjs\\helper-buffer': 'C:\\Users\\kgh\\Documents\\Codex\\2026-08-06\\https-arcadiais-pages-dev-https-arcadiais\\node_modules\\@webassemblyjs\\.helper-buffer-kbLDV1cU',
414 silly reify   'C:\\Users\\kgh\\Documents\\Codex\\2026-08-06\\https-arcadiais-pages-dev-https-arcadiais\\node_modules\\@vitejs\\plugin-rsc': 'C:\\Users\\kgh\\Documents\\Codex\\2026-08-06\\https-arcadiais-pages-dev-https-arcadiais\\node_modules\\@vitejs\\.plugin-rsc-zfsyjz8X',
414 silly reify   'C:\\Users\\kgh\\Documents\\Codex\\2026-08-06\\https-arcadiais-pages-dev-https-arcadiais\\node_modules\\@webassemblyjs\\helper-wasm-bytecode': 'C:\\Users\\kgh\\Documents\\Codex\\2026-08-06\\https-arcadiais-pages-dev-https-arcadiais\\node_modules\\@webassemblyjs\\.helper-wasm-bytecode-64D1kEOo',
414 silly reify   'C:\\Users\\kgh\\Documents\\Codex\\2026-08-06\\https-arcadiais-pages-dev-https-arcadiais\\node_modules\\@webassemblyjs\\helper-numbers': 'C:\\Users\\kgh\\Documents\\Codex\\2026-08-06\\https-arcadiais-pages-dev-https-arcadiais\\node_modules\\@webassemblyjs\\.helper-numbers-tc0PXxhH',
414 silly reify   'C:\\Users\\kgh\\Documents\\Codex\\2026-08-06\\https-arcadiais-pages-dev-https-arcadiais\\node_modules\\@webassemblyjs\\helper-wasm-section': 'C:\\Users\\kgh\\Documents\\Codex\\2026-08-06\\https-arcadiais-pages-dev-https-arcadiais\\node_modules\\@webassemblyjs\\.helper-wasm-section-gsPJmqQl',
414 silly reify   'C:\\Users\\kgh\\Documents\\Codex\\2026-08-06\\https-arcadiais-pages-dev-https-arcadiais\\node_modules\\@webassemblyjs\\ieee754': 'C:\\Users\\kgh\\Documents\\Codex\\2026-08-06\\https-arcadiais-pages-dev-https-arcadiais\\node_modules\\@webassemblyjs\\.ieee754-vm48lkQl',
414 silly reify   'C:\\Users\\kgh\\Documents\\Codex\\2026-08-06\\https-arcadiais-pages-dev-https-arcadiais\\node_modules\\@webassemblyjs\\leb128': 'C:\\Users\\kgh\\Documents\\Codex\\2026-08-06\\https-arcadiais-pages-dev-https-arcadiais\\node_modules\\@webassemblyjs\\.leb128-mNBYUoJM',
414 silly reify   'C:\\Users\\kgh\\Documents\\Codex\\2026-08-06\\https-arcadiais-pages-dev-https-arcadiais\\node_modules\\@webassemblyjs\\wasm-edit': 'C:\\Users\\kgh\\Documents\\Codex\\2026-08-06\\https-arcadiais-pages-dev-https-arcadiais\\node_modules\\@webassemblyjs\\.wasm-edit-TFd4xywY',
414 silly reify   'C:\\Users\\kgh\\Documents\\Codex\\2026-08-06\\https-arcadiais-pages-dev-https-arcadiais\\node_modules\\@webassemblyjs\\utf8': 'C:\\Users\\kgh\\Documents\\Codex\\2026-08-06\\https-arcadiais-pages-dev-https-arcadiais\\node_modules\\@webassemblyjs\\.utf8-G7qcrUlc',
414 silly reify   'C:\\Users\\kgh\\Documents\\Codex\\2026-08-06\\https-arcadiais-pages-dev-https-arcadiais\\node_modules\\@webassemblyjs\\wasm-gen': 'C:\\Users\\kgh\\Documents\\Codex\\2026-08-06\\https-arcadiais-pages-dev-https-arcadiais\\node_modules\\@webassemblyjs\\.wasm-gen-c6bp2qFP',
414 silly reify   'C:\\Users\\kgh\\Documents\\Codex\\2026-08-06\\https-arcadiais-pages-dev-https-arcadiais\\node_modules\\@xtuc\\ieee754': 'C:\\Users\\kgh\\Documents\\Codex\\2026-08-06\\https-arcadiais-pages-dev-https-arcadiais\\node_modules\\@xtuc\\.ieee754-af89mEnr',
414 silly reify   'C:\\Users\\kgh\\Documents\\Codex\\2026-08-06\\https-arcadiais-pages-dev-https-arcadiais\\node_modules\\@webassemblyjs\\wasm-parser': 'C:\\Users\\kgh\\Documents\\Codex\\2026-08-06\\https-arcadiais-pages-dev-https-arcadiais\\node_modules\\@webassemblyjs\\.wasm-parser-oIjQerCP',
414 silly reify   'C:\\Users\\kgh\\Documents\\Codex\\2026-08-06\\https-arcadiais-pages-dev-https-arcadiais\\node_modules\\@xtuc\\long': 'C:\\Users\\kgh\\Documents\\Codex\\2026-08-06\\https-arcadiais-pages-dev-https-arcadiais\\node_modules\\@xtuc\\.long-6q6qJ4bD',
414 silly reify   'C:\\Users\\kgh\\Documents\\Codex\\2026-08-06\\https-arcadiais-pages-dev-https-arcadiais\\node_modules\\@webassemblyjs\\wasm-opt': 'C:\\Users\\kgh\\Documents\\Codex\\2026-08-06\\https-arcadiais-pages-dev-https-arcadiais\\node_modules\\@webassemblyjs\\.wasm-opt-aqU6CBkb',
414 silly reify   'C:\\Users\\kgh\\Documents\\Codex\\2026-08-06\\https-arcadiais-pages-dev-https-arcadiais\\node_modules\\@webassemblyjs\\wast-printer': 'C:\\Users\\kgh\\Documents\\Codex\\2026-08-06\\https-arcadiais-pages-dev-https-arcadiais\\node_modules\\@webassemblyjs\\.wast-printer-8mb1e0GC',
414 silly reify   'C:\\Users\\kgh\\Documents\\Codex\\2026-08-06\\https-arcadiais-pages-dev-https-arcadiais\\node_modules\\typescript': 'C:\\Users\\kgh\\Documents\\Codex\\2026-08-06\\https-arcadiais-pages-dev-https-arcadiais\\node_modules\\.typescript-zqoqhZDt',
414 silly reify   'C:\\Users\\kgh\\Documents\\Codex\\2026-08-06\\https-arcadiais-pages-dev-https-arcadiais\\node_modules\\.bin\\tsc': 'C:\\Users\\kgh\\Documents\\Codex\\2026-08-06\\https-arcadiais-pages-dev-https-arcadiais\\node_modules\\.bin\\.tsc-lvetdCB2',
414 silly reify   'C:\\Users\\kgh\\Documents\\Codex\\2026-08-06\\https-arcadiais-pages-dev-https-arcadiais\\node_modules\\.bin\\tsc.cmd': 'C:\\Users\\kgh\\Documents\\Codex\\2026-08-06\\https-arcadiais-pages-dev-https-arcadiais\\node_modules\\.bin\\.tsc.cmd-pkNihrLF',
414 silly reify   'C:\\Users\\kgh\\Documents\\Codex\\2026-08-06\\https-arcadiais-pages-dev-https-arcadiais\\node_modules\\.bin\\tsc.ps1': 'C:\\Users\\kgh\\Documents\\Codex\\2026-08-06\\https-arcadiais-pages-dev-https-arcadiais\\node_modules\\.bin\\.tsc.ps1-ExmpWUxu',
414 silly reify   'C:\\Users\\kgh\\Documents\\Codex\\2026-08-06\\https-arcadiais-pages-dev-https-arcadiais\\node_modules\\.bin\\tsserver': 'C:\\Users\\kgh\\Documents\\Codex\\2026-08-06\\https-arcadiais-pages-dev-https-arcadiais\\node_modules\\.bin\\.tsserver-Fh98V9UY',
414 silly reify   'C:\\Users\\kgh\\Documents\\Codex\\2026-08-06\\https-arcadiais-pages-dev-https-arcadiais\\node_modules\\.bin\\tsserver.cmd': 'C:\\Users\\kgh\\Documents\\Codex\\2026-08-06\\https-arcadiais-pages-dev-https-arcadiais\\node_modules\\.bin\\.tsserver.cmd-KGYuP0QI',
414 silly reify   'C:\\Users\\kgh\\Documents\\Codex\\2026-08-06\\https-arcadiais-pages-dev-https-arcadiais\\node_modules\\.bin\\tsserver.ps1': 'C:\\Users\\kgh\\Documents\\Codex\\2026-08-06\\https-arcadiais-pages-dev-https-arcadiais\\node_modules\\.bin\\.tsserver.ps1-KA7n4hQ1',
414 silly reify   'C:\\Users\\kgh\\Documents\\Codex\\2026-08-06\\https-arcadiais-pages-dev-https-arcadiais\\node_modules\\which': 'C:\\Users\\kgh\\Documents\\Codex\\2026-08-06\\https-arcadiais-pages-dev-https-arcadiais\\node_modules\\.which-4bOzitVo',
414 silly reify   'C:\\Users\\kgh\\Documents\\Codex\\2026-08-06\\https-arcadiais-pages-dev-https-arcadiais\\node_modules\\.bin\\node-which': 'C:\\Users\\kgh\\Documents\\Codex\\2026-08-06\\https-arcadiais-pages-dev-https-arcadiais\\node_modules\\.bin\\.node-which-soiOPGAr',
414 silly reify   'C:\\Users\\kgh\\Documents\\Codex\\2026-08-06\\https-arcadiais-pages-dev-https-arcadiais\\node_modules\\.bin\\node-which.cmd': 'C:\\Users\\kgh\\Documents\\Codex\\2026-08-06\\https-arcadiais-pages-dev-https-arcadiais\\node_modules\\.bin\\.node-which.cmd-d8CCNA5S',
414 silly reify   'C:\\Users\\kgh\\Documents\\Codex\\2026-08-06\\https-arcadiais-pages-dev-https-arcadiais\\node_modules\\.bin\\node-which.ps1': 'C:\\Users\\kgh\\Documents\\Codex\\2026-08-06\\https-arcadiais-pages-dev-https-arcadiais\\node_modules\\.bin\\.node-which.ps1-keXL7g3z'
414 silly reify }
415 silly audit bulk request {
415 silly audit   '@alloc/quick-lru': [ '5.2.0' ],
415 silly audit   '@babel/code-frame': [ '7.29.0' ],
415 silly audit   '@babel/compat-data': [ '7.29.3' ],
415 silly audit   '@babel/core': [ '7.29.0' ],
415 silly audit   '@babel/generator': [ '7.29.1' ],
415 silly audit   '@babel/helper-compilation-targets': [ '7.28.6' ],
415 silly audit   '@babel/helper-globals': [ '7.28.0' ],
415 silly audit   '@babel/helper-module-imports': [ '7.28.6' ],
415 silly audit   '@babel/helper-module-transforms': [ '7.28.6' ],
415 silly audit   '@babel/helper-string-parser': [ '7.27.1' ],
415 silly audit   '@babel/helper-validator-identifier': [ '7.28.5' ],
415 silly audit   '@babel/helper-validator-option': [ '7.27.1' ],
415 silly audit   '@babel/helpers': [ '7.29.2' ],
415 silly audit   '@babel/parser': [ '7.29.3' ],
415 silly audit   '@babel/template': [ '7.28.6' ],
415 silly audit   '@babel/traverse': [ '7.29.0' ],
415 silly audit   '@babel/types': [ '7.29.0' ],
415 silly audit   '@cloudflare/kv-asset-handler': [ '0.5.0' ],
415 silly audit   '@cloudflare/unenv-preset': [ '2.16.1' ],
415 silly audit   '@cloudflare/vite-plugin': [ '1.37.1' ],
415 silly audit   '@cloudflare/workerd-darwin-64': [ '1.20260515.1' ],
415 silly audit   '@cloudflare/workerd-darwin-arm64': [ '1.20260515.1' ],
415 silly audit   '@cloudflare/workerd-linux-64': [ '1.20260515.1' ],
415 silly audit   '@cloudflare/workerd-linux-arm64': [ '1.20260515.1' ],
415 silly audit   '@cloudflare/workerd-windows-64': [ '1.20260515.1' ],
415 silly audit   '@cspotcode/source-map-support': [ '0.8.1' ],
415 silly audit   '@jridgewell/trace-mapping': [ '0.3.9', '0.3.31' ],
415 silly audit   '@drizzle-team/brocli': [ '0.10.2' ],
415 silly audit   '@emnapi/core': [ '1.8.1' ],
415 silly audit   '@emnapi/runtime': [ '1.8.1' ],
415 silly audit   '@emnapi/wasi-threads': [ '1.2.1', '1.1.0' ],
415 silly audit   '@esbuild-kit/core-utils': [ '3.3.2' ],
415 silly audit   '@esbuild/android-arm': [ '0.18.20', '0.28.0', '0.25.12', '0.27.3' ],
415 silly audit   '@esbuild/android-arm64': [ '0.18.20', '0.28.0', '0.25.12', '0.27.3' ],
415 silly audit   '@esbuild/android-x64': [ '0.18.20', '0.28.0', '0.25.12', '0.27.3' ],
415 silly audit   '@esbuild/darwin-arm64': [ '0.18.20', '0.28.0', '0.25.12', '0.27.3' ],
415 silly audit   '@esbuild/darwin-x64': [ '0.18.20', '0.28.0', '0.25.12', '0.27.3' ],
415 silly audit   '@esbuild/freebsd-arm64': [ '0.18.20', '0.28.0', '0.25.12', '0.27.3' ],
415 silly audit   '@esbuild/freebsd-x64': [ '0.18.20', '0.28.0', '0.25.12', '0.27.3' ],
415 silly audit   '@esbuild/linux-arm': [ '0.18.20', '0.28.0', '0.25.12', '0.27.3' ],
415 silly audit   '@esbuild/linux-arm64': [ '0.18.20', '0.28.0', '0.25.12', '0.27.3' ],
415 silly audit   '@esbuild/linux-ia32': [ '0.18.20', '0.28.0', '0.25.12', '0.27.3' ],
415 silly audit   '@esbuild/linux-loong64': [ '0.18.20', '0.28.0', '0.25.12', '0.27.3' ],
415 silly audit   '@esbuild/linux-mips64el': [ '0.18.20', '0.28.0', '0.25.12', '0.27.3' ],
415 silly audit   '@esbuild/linux-ppc64': [ '0.18.20', '0.28.0', '0.25.12', '0.27.3' ],
415 silly audit   '@esbuild/linux-riscv64': [ '0.18.20', '0.28.0', '0.25.12', '0.27.3' ],
415 silly audit   '@esbuild/linux-s390x': [ '0.18.20', '0.28.0', '0.25.12', '0.27.3' ],
415 silly audit   '@esbuild/linux-x64': [ '0.18.20', '0.28.0', '0.25.12', '0.27.3' ],
415 silly audit   '@esbuild/netbsd-x64': [ '0.18.20', '0.28.0', '0.25.12', '0.27.3' ],
415 silly audit   '@esbuild/openbsd-x64': [ '0.18.20', '0.28.0', '0.25.12', '0.27.3' ],
415 silly audit   '@esbuild/sunos-x64': [ '0.18.20', '0.28.0', '0.25.12', '0.27.3' ],
415 silly audit   '@esbuild/win32-arm64': [ '0.18.20', '0.28.0', '0.25.12', '0.27.3' ],
415 silly audit   '@esbuild/win32-ia32': [ '0.18.20', '0.28.0', '0.25.12', '0.27.3' ],
415 silly audit   '@esbuild/win32-x64': [ '0.18.20', '0.28.0', '0.25.12', '0.27.3' ],
415 silly audit   esbuild: [ '0.18.20', '0.25.12', '0.28.0', '0.27.3' ],
415 silly audit   '@esbuild-kit/esm-loader': [ '2.6.5' ],
415 silly audit   '@esbuild/aix-ppc64': [ '0.28.0', '0.25.12', '0.27.3' ],
415 silly audit   '@esbuild/netbsd-arm64': [ '0.28.0', '0.25.12', '0.27.3' ],
415 silly audit   '@esbuild/openbsd-arm64': [ '0.28.0', '0.25.12', '0.27.3' ],
415 silly audit   '@esbuild/openharmony-arm64': [ '0.28.0', '0.25.12', '0.27.3' ],
415 silly audit   '@eslint-community/eslint-utils': [ '4.9.1' ],
415 silly audit   'eslint-visitor-keys': [ '3.4.3', '5.0.1', '4.2.1' ],
415 silly audit   '@eslint-community/regexpp': [ '4.12.2' ],
415 silly audit   '@eslint/config-array': [ '0.21.2' ],
415 silly audit   '@eslint/config-helpers': [ '0.4.2' ],
415 silly audit   '@eslint/core': [ '0.17.0' ],
415 silly audit   '@eslint/eslintrc': [ '3.3.5' ],
415 silly audit   globals: [ '14.0.0', '16.4.0' ],
415 silly audit   '@eslint/js': [ '9.39.4' ],
415 silly audit   '@eslint/object-schema': [ '2.1.7' ],
415 silly audit   '@eslint/plugin-kit': [ '0.4.1' ],
415 silly audit   '@humanfs/core': [ '0.19.2' ],
415 silly audit   '@humanfs/node': [ '0.16.8' ],
415 silly audit   '@humanfs/types': [ '0.15.0' ],
415 silly audit   '@humanwhocodes/module-importer': [ '1.0.1' ],
415 silly audit   '@humanwhocodes/retry': [ '0.4.3' ],
415 silly audit   '@img/colour': [ '1.1.0' ],
415 silly audit   '@img/sharp-darwin-arm64': [ '0.34.5' ],
415 silly audit   '@img/sharp-darwin-x64': [ '0.34.5' ],
415 silly audit   '@img/sharp-libvips-darwin-arm64': [ '1.2.4' ],
415 silly audit   '@img/sharp-libvips-darwin-x64': [ '1.2.4' ],
415 silly audit   '@img/sharp-libvips-linux-arm': [ '1.2.4' ],
415 silly audit   '@img/sharp-libvips-linux-arm64': [ '1.2.4' ],
415 silly audit   '@img/sharp-libvips-linux-ppc64': [ '1.2.4' ],
415 silly audit   '@img/sharp-libvips-linux-riscv64': [ '1.2.4' ],
415 silly audit   '@img/sharp-libvips-linux-s390x': [ '1.2.4' ],
415 silly audit   '@img/sharp-libvips-linux-x64': [ '1.2.4' ],
415 silly audit   '@img/sharp-libvips-linuxmusl-arm64': [ '1.2.4' ],
415 silly audit   '@img/sharp-libvips-linuxmusl-x64': [ '1.2.4' ],
415 silly audit   '@img/sharp-linux-arm': [ '0.34.5' ],
415 silly audit   '@img/sharp-linux-arm64': [ '0.34.5' ],
415 silly audit   '@img/sharp-linux-ppc64': [ '0.34.5' ],
415 silly audit   '@img/sharp-linux-riscv64': [ '0.34.5' ],
415 silly audit   '@img/sharp-linux-s390x': [ '0.34.5' ],
415 silly audit   '@img/sharp-linux-x64': [ '0.34.5' ],
415 silly audit   '@img/sharp-linuxmusl-arm64': [ '0.34.5' ],
415 silly audit   '@img/sharp-linuxmusl-x64': [ '0.34.5' ],
415 silly audit   '@img/sharp-wasm32': [ '0.34.5' ],
415 silly audit   '@img/sharp-win32-arm64': [ '0.34.5' ],
415 silly audit   '@img/sharp-win32-ia32': [ '0.34.5' ],
415 silly audit   '@img/sharp-win32-x64': [ '0.34.5' ],
415 silly audit   '@jridgewell/gen-mapping': [ '0.3.13' ],
415 silly audit   '@jridgewell/remapping': [ '2.3.5' ],
415 silly audit   '@jridgewell/resolve-uri': [ '3.1.2' ],
415 silly audit   '@jridgewell/source-map': [ '0.3.11' ],
415 silly audit   '@jridgewell/sourcemap-codec': [ '1.5.5' ],
415 silly audit   '@next/eslint-plugin-next': [ '16.2.6' ],
415 silly audit   '@nodelib/fs.scandir': [ '2.1.5' ],
415 silly audit   '@nodelib/fs.stat': [ '2.0.5' ],
415 silly audit   '@nodelib/fs.walk': [ '1.2.8' ],
415 silly audit   '@oxc-project/types': [ '0.130.0' ],
415 silly audit   '@poppinss/colors': [ '4.1.6' ],
415 silly audit   '@poppinss/dumper': [ '0.6.5' ],
415 silly audit   'supports-color': [ '10.2.2', '8.1.1', '7.2.0' ],
415 silly audit   '@poppinss/exception': [ '1.2.3' ],
415 silly audit   '@resvg/resvg-wasm': [ '2.4.0' ],
415 silly audit   '@rolldown/binding-android-arm64': [ '1.0.1' ],
415 silly audit   '@rolldown/binding-darwin-arm64': [ '1.0.1' ],
415 silly audit   '@rolldown/binding-darwin-x64': [ '1.0.1' ],
415 silly audit   '@rolldown/binding-freebsd-x64': [ '1.0.1' ],
415 silly audit   '@rolldown/binding-linux-arm-gnueabihf': [ '1.0.1' ],
415 silly audit   '@rolldown/binding-linux-arm64-gnu': [ '1.0.1' ],
415 silly audit   '@rolldown/binding-linux-arm64-musl': [ '1.0.1' ],
415 silly audit   '@rolldown/binding-linux-ppc64-gnu': [ '1.0.1' ],
415 silly audit   '@rolldown/binding-linux-s390x-gnu': [ '1.0.1' ],
415 silly audit   '@rolldown/binding-linux-x64-gnu': [ '1.0.1' ],
415 silly audit   '@rolldown/binding-linux-x64-musl': [ '1.0.1' ],
415 silly audit   '@rolldown/binding-openharmony-arm64': [ '1.0.1' ],
415 silly audit   '@rolldown/binding-wasm32-wasi': [ '1.0.1' ],
415 silly audit   '@napi-rs/wasm-runtime': [ '1.1.4', '1.1.1' ],
415 silly audit   '@rolldown/binding-win32-arm64-msvc': [ '1.0.1' ],
415 silly audit   '@rolldown/binding-win32-x64-msvc': [ '1.0.1' ],
415 silly audit   '@rolldown/pluginutils': [ '1.0.1', '1.0.0-rc.18' ],
415 silly audit   '@shuding/opentype.js': [ '1.4.0-beta.0' ],
415 silly audit   '@sindresorhus/is': [ '7.2.0' ],
415 silly audit   '@speed-highlight/core': [ '1.2.15' ],
415 silly audit   '@tailwindcss/node': [ '4.2.1' ],
415 silly audit   '@tailwindcss/oxide': [ '4.2.1' ],
415 silly audit   '@tailwindcss/oxide-android-arm64': [ '4.2.1' ],
415 silly audit   '@tailwindcss/oxide-darwin-arm64': [ '4.2.1' ],
415 silly audit   '@tailwindcss/oxide-darwin-x64': [ '4.2.1' ],
415 silly audit   '@tailwindcss/oxide-freebsd-x64': [ '4.2.1' ],
415 silly audit   '@tailwindcss/oxide-linux-arm-gnueabihf': [ '4.2.1' ],
415 silly audit   '@tailwindcss/oxide-linux-arm64-gnu': [ '4.2.1' ],
415 silly audit   '@tailwindcss/oxide-linux-arm64-musl': [ '4.2.1' ],
415 silly audit   '@tailwindcss/oxide-linux-x64-gnu': [ '4.2.1' ],
415 silly audit   '@tailwindcss/oxide-linux-x64-musl': [ '4.2.1' ],
415 silly audit   '@tailwindcss/oxide-wasm32-wasi': [ '4.2.1' ],
415 silly audit   '@tybys/wasm-util': [ '0.10.1', '0.10.2' ],
415 silly audit   tslib: [ '2.8.1' ],
415 silly audit   '@tailwindcss/oxide-win32-arm64-msvc': [ '4.2.1' ],
415 silly audit   '@tailwindcss/oxide-win32-x64-msvc': [ '4.2.1' ],
415 silly audit   '@tailwindcss/postcss': [ '4.2.1' ],
415 silly audit   '@types/eslint': [ '9.6.1' ],
415 silly audit   '@types/eslint-scope': [ '3.7.7' ],
415 silly audit   '@types/estree': [ '1.0.9' ],
415 silly audit   '@types/json-schema': [ '7.0.15' ],
415 silly audit   '@types/node': [ '22.19.19' ],
415 silly audit   '@types/react': [ '19.2.14' ],
415 silly audit   '@types/react-dom': [ '19.2.3' ],
415 silly audit   '@typescript-eslint/eslint-plugin': [ '8.59.3' ],
415 silly audit   ignore: [ '7.0.5', '5.3.2' ],
415 silly audit   '@typescript-eslint/parser': [ '8.59.3' ],
415 silly audit   '@typescript-eslint/project-service': [ '8.59.3' ],
415 silly audit   '@typescript-eslint/scope-manager': [ '8.59.3' ],
415 silly audit   '@typescript-eslint/tsconfig-utils': [ '8.59.3' ],
415 silly audit   '@typescript-eslint/type-utils': [ '8.59.3' ],
415 silly audit   '@typescript-eslint/types': [ '8.59.3' ],
415 silly audit   '@typescript-eslint/typescript-estree': [ '8.59.3' ],
415 silly audit   'balanced-match': [ '4.0.4', '1.0.2' ],
415 silly audit   'brace-expansion': [ '5.0.6', '1.1.14' ],
415 silly audit   minimatch: [ '10.2.5', '3.1.5' ],
415 silly audit   semver: [ '7.8.0', '6.3.1' ],
415 silly audit   '@typescript-eslint/utils': [ '8.59.3' ],
415 silly audit   '@typescript-eslint/visitor-keys': [ '8.59.3' ],
415 silly audit   '@unpic/core': [ '1.0.3' ],
415 silly audit   '@unpic/react': [ '1.0.2' ],
415 silly audit   '@vercel/og': [ '0.8.6' ],
415 silly audit   '@vinext/types': [ '1.0.0-beta.2' ],
415 silly audit   '@vitejs/plugin-react': [ '6.0.2' ],
415 silly audit   '@vitejs/plugin-rsc': [ '0.5.26' ],
415 silly audit   '@webassemblyjs/ast': [ '1.14.1' ],
415 silly audit   '@webassemblyjs/floating-point-hex-parser': [ '1.13.2' ],
415 silly audit   '@webassemblyjs/helper-api-error': [ '1.13.2' ],
415 silly audit   '@webassemblyjs/helper-buffer': [ '1.14.1' ],
415 silly audit   '@webassemblyjs/helper-numbers': [ '1.13.2' ],
415 silly audit   '@webassemblyjs/helper-wasm-bytecode': [ '1.13.2' ],
415 silly audit   '@webassemblyjs/helper-wasm-section': [ '1.14.1' ],
415 silly audit   '@webassemblyjs/ieee754': [ '1.13.2' ],
415 silly audit   '@webassemblyjs/leb128': [ '1.13.2' ],
415 silly audit   '@webassemblyjs/utf8': [ '1.13.2' ],
415 silly audit   '@webassemblyjs/wasm-edit': [ '1.14.1' ],
415 silly audit   '@webassemblyjs/wasm-gen': [ '1.14.1' ],
415 silly audit   '@webassemblyjs/wasm-opt': [ '1.14.1' ],
415 silly audit   '@webassemblyjs/wasm-parser': [ '1.14.1' ],
415 silly audit   '@webassemblyjs/wast-printer': [ '1.14.1' ],
415 silly audit   '@xtuc/ieee754': [ '1.2.0' ],
415 silly audit   '@xtuc/long': [ '4.2.2' ],
415 silly audit   acorn: [ '8.16.0' ],
415 silly audit   'acorn-import-phases': [ '1.0.4' ],
415 silly audit   'acorn-jsx': [ '5.3.2' ],
415 silly audit   'acorn-loose': [ '8.5.2' ],
415 silly audit   ajv: [ '6.15.0', '8.20.0' ],
415 silly audit   'ajv-formats': [ '2.1.1' ],
415 silly audit   'json-schema-traverse': [ '1.0.0', '0.4.1' ],
415 silly audit   'ansi-styles': [ '4.3.0' ],
415 silly audit   argparse: [ '2.0.1' ],
415 silly audit   'aria-query': [ '5.3.2' ],
415 silly audit   'array-buffer-byte-length': [ '1.0.2' ],
415 silly audit   'array-includes': [ '3.1.9' ],
415 silly audit   'array.prototype.findlast': [ '1.2.5' ],
415 silly audit   'array.prototype.flat': [ '1.3.3' ],
415 silly audit   'array.prototype.flatmap': [ '1.3.3' ],
415 silly audit   'array.prototype.tosorted': [ '1.1.4' ],
415 silly audit   'arraybuffer.prototype.slice': [ '1.0.4' ],
415 silly audit   'ast-types-flow': [ '0.0.8' ],
415 silly audit   'async-function': [ '1.0.0' ],
415 silly audit   'available-typed-arrays': [ '1.0.7' ],
415 silly audit   'axe-core': [ '4.11.4' ],
415 silly audit   'axobject-query': [ '4.1.0' ],
415 silly audit   'base64-js': [ '0.0.8' ],
415 silly audit   'baseline-browser-mapping': [ '2.10.30' ],
415 silly audit   'blake3-wasm': [ '2.1.5' ],
415 silly audit   braces: [ '3.0.3' ],
415 silly audit   browserslist: [ '4.28.2' ],
415 silly audit   'buffer-from': [ '1.1.2' ],
415 silly audit   'call-bind': [ '1.0.9' ],
415 silly audit   'call-bind-apply-helpers': [ '1.0.2' ],
415 silly audit   'call-bound': [ '1.0.4' ],
415 silly audit   callsites: [ '3.1.0' ],
415 silly audit   camelize: [ '1.0.1' ],
415 silly audit   'caniuse-lite': [ '1.0.30001793' ],
415 silly audit   chalk: [ '4.1.2' ],
415 silly audit   'chrome-trace-event': [ '1.0.4' ],
415 silly audit   'color-convert': [ '2.0.1' ],
415 silly audit   'color-name': [ '1.1.4' ],
415 silly audit   commander: [ '2.20.3' ],
415 silly audit   'concat-map': [ '0.0.1' ],
415 silly audit   'convert-source-map': [ '2.0.0' ],
415 silly audit   cookie: [ '1.1.1' ],
415 silly audit   'cross-spawn': [ '7.0.6' ],
415 silly audit   'css-background-parser': [ '0.1.0' ],
415 silly audit   'css-box-shadow': [ '1.0.0-3' ],
415 silly audit   'css-color-keywords': [ '1.0.0' ],
415 silly audit   'css-gradient-parser': [ '0.0.16' ],
415 silly audit   'css-to-react-native': [ '3.2.0' ],
415 silly audit   csstype: [ '3.2.3' ],
415 silly audit   'damerau-levenshtein': [ '1.0.8' ],
415 silly audit   'data-view-buffer': [ '1.0.2' ],
415 silly audit   'data-view-byte-length': [ '1.0.2' ],
415 silly audit   'data-view-byte-offset': [ '1.0.1' ],
415 silly audit   debug: [ '4.4.3' ],
415 silly audit   'deep-is': [ '0.1.4' ],
415 silly audit   'define-data-property': [ '1.1.4' ],
415 silly audit   'define-properties': [ '1.2.1' ],
415 silly audit   'detect-libc': [ '2.1.2' ],
415 silly audit   doctrine: [ '2.1.0' ],
415 silly audit   'drizzle-kit': [ '0.31.10' ],
415 silly audit   'drizzle-orm': [ '0.45.2' ],
415 silly audit   'dunder-proto': [ '1.0.1' ],
415 silly audit   'electron-to-chromium': [ '1.5.358' ],
415 silly audit   'emoji-regex': [ '9.2.2' ],
415 silly audit   'emoji-regex-xs': [ '2.0.1' ],
415 silly audit   'enhanced-resolve': [ '5.21.3' ],
415 silly audit   'error-stack-parser-es': [ '1.0.5' ],
415 silly audit   'es-abstract': [ '1.24.2' ],
415 silly audit   'es-define-property': [ '1.0.1' ],
415 silly audit   'es-errors': [ '1.3.0' ],
415 silly audit   'es-iterator-helpers': [ '1.3.2' ],
415 silly audit   'es-module-lexer': [ '2.1.0', '1.7.0' ],
415 silly audit   'es-object-atoms': [ '1.1.1' ],
415 silly audit   'es-set-tostringtag': [ '2.1.0' ],
415 silly audit   'es-shim-unscopables': [ '1.1.0' ],
415 silly audit   'es-to-primitive': [ '1.3.0' ],
415 silly audit   escalade: [ '3.2.0' ],
415 silly audit   'escape-html': [ '1.0.3' ],
415 silly audit   'escape-string-regexp': [ '4.0.0' ],
415 silly audit   eslint: [ '9.39.4' ],
415 silly audit   'eslint-plugin-jsx-a11y': [ '6.10.2' ],
415 silly audit   'eslint-plugin-react': [ '7.37.5' ],
415 silly audit   'eslint-plugin-react-hooks': [ '7.1.1' ],
415 silly audit   'eslint-scope': [ '8.4.0', '5.1.1' ],
415 silly audit   espree: [ '10.4.0' ],
415 silly audit   esquery: [ '1.7.0' ],
415 silly audit   esrecurse: [ '4.3.0' ],
415 silly audit   estraverse: [ '5.3.0', '4.3.0' ],
415 silly audit   'estree-walker': [ '3.0.3' ],
415 silly audit   esutils: [ '2.0.3' ],
415 silly audit   events: [ '3.3.0' ],
415 silly audit   'fast-deep-equal': [ '3.1.3' ],
415 silly audit   'fast-glob': [ '3.3.1', '3.3.3' ],
415 silly audit   'glob-parent': [ '5.1.2', '6.0.2' ],
415 silly audit   'fast-json-stable-stringify': [ '2.1.0' ],
415 silly audit   'fast-levenshtein': [ '2.0.6' ],
415 silly audit   'fast-uri': [ '3.1.2' ],
415 silly audit   fastq: [ '1.20.1' ],
415 silly audit   fflate: [ '0.7.4' ],
415 silly audit   'file-entry-cache': [ '8.0.0' ],
415 silly audit   'fill-range': [ '7.1.1' ],
415 silly audit   'find-up': [ '5.0.0' ],
415 silly audit   'flat-cache': [ '4.0.1' ],
415 silly audit   flatted: [ '3.4.2' ],
415 silly audit   'for-each': [ '0.3.5' ],
415 silly audit   fsevents: [ '2.3.3' ],
415 silly audit   'function-bind': [ '1.1.2' ],
415 silly audit   'function.prototype.name': [ '1.1.8' ],
415 silly audit   'functions-have-names': [ '1.2.3' ],
415 silly audit   'generator-function': [ '2.0.1' ],
415 silly audit   gensync: [ '1.0.0-beta.2' ],
415 silly audit   'get-intrinsic': [ '1.3.0' ],
415 silly audit   'get-proto': [ '1.0.1' ],
415 silly audit   'get-symbol-description': [ '1.1.0' ],
415 silly audit   'get-tsconfig': [ '4.14.0' ],
415 silly audit   'glob-to-regexp': [ '0.4.1' ],
415 silly audit   globalthis: [ '1.0.4' ],
415 silly audit   gopd: [ '1.2.0' ],
415 silly audit   'graceful-fs': [ '4.2.11' ],
415 silly audit   'has-bigints': [ '1.1.0' ],
415 silly audit   'has-flag': [ '4.0.0' ],
415 silly audit   'has-property-descriptors': [ '1.0.2' ],
415 silly audit   'has-proto': [ '1.2.0' ],
415 silly audit   'has-symbols': [ '1.1.0' ],
415 silly audit   'has-tostringtag': [ '1.0.2' ],
415 silly audit   hasown: [ '2.0.3' ],
415 silly audit   'hermes-estree': [ '0.25.1' ],
415 silly audit   'hermes-parser': [ '0.25.1' ],
415 silly audit   'hex-rgb': [ '4.3.0' ],
415 silly audit   'image-size': [ '2.0.2' ],
415 silly audit   'import-fresh': [ '3.3.1' ],
415 silly audit   imurmurhash: [ '0.1.4' ],
415 silly audit   'internal-slot': [ '1.1.0' ],
415 silly audit   'ipaddr.js': [ '2.4.0' ],
415 silly audit   'is-array-buffer': [ '3.0.5' ],
415 silly audit   'is-async-function': [ '2.1.1' ],
415 silly audit   'is-bigint': [ '1.1.0' ],
415 silly audit   'is-boolean-object': [ '1.2.2' ],
415 silly audit   'is-callable': [ '1.2.7' ],
415 silly audit   'is-core-module': [ '2.16.2' ],
415 silly audit   'is-data-view': [ '1.0.2' ],
415 silly audit   'is-date-object': [ '1.1.0' ],
415 silly audit   'is-extglob': [ '2.1.1' ],
415 silly audit   'is-finalizationregistry': [ '1.1.1' ],
415 silly audit   'is-generator-function': [ '1.1.2' ],
415 silly audit   'is-glob': [ '4.0.3' ],
415 silly audit   'is-map': [ '2.0.3' ],
415 silly audit   'is-negative-zero': [ '2.0.3' ],
415 silly audit   'is-number': [ '7.0.0' ],
415 silly audit   'is-number-object': [ '1.1.1' ],
415 silly audit   'is-regex': [ '1.2.1' ],
415 silly audit   'is-set': [ '2.0.3' ],
415 silly audit   'is-shared-array-buffer': [ '1.0.4' ],
415 silly audit   'is-string': [ '1.1.1' ],
415 silly audit   'is-symbol': [ '1.1.1' ],
415 silly audit   'is-typed-array': [ '1.1.15' ],
415 silly audit   'is-weakmap': [ '2.0.2' ],
415 silly audit   'is-weakref': [ '1.1.1' ],
415 silly audit   'is-weakset': [ '2.0.4' ],
415 silly audit   isarray: [ '2.0.5' ],
415 silly audit   isexe: [ '2.0.0' ],
415 silly audit   'iterator.prototype': [ '1.1.5' ],
415 silly audit   'jest-worker': [ '27.5.1' ],
415 silly audit   jiti: [ '2.7.0' ],
415 silly audit   'js-tokens': [ '4.0.0', '9.0.1' ],
415 silly audit   'js-yaml': [ '4.1.1' ],
415 silly audit   jsesc: [ '3.1.0' ],
415 silly audit   'json-buffer': [ '3.0.1' ],
415 silly audit   'json-stable-stringify-without-jsonify': [ '1.0.1' ],
415 silly audit   json5: [ '2.2.3' ],
415 silly audit   'jsx-ast-utils': [ '3.3.5' ],
415 silly audit   keyv: [ '4.5.4' ],
415 silly audit   kleur: [ '4.1.5' ],
415 silly audit   'language-subtag-registry': [ '0.3.23' ],
415 silly audit   'language-tags': [ '1.0.9' ],
415 silly audit   levn: [ '0.4.1' ],
415 silly audit   lightningcss: [ '1.31.1', '1.32.0' ],
415 silly audit   'lightningcss-android-arm64': [ '1.31.1', '1.32.0' ],
415 silly audit   'lightningcss-darwin-arm64': [ '1.31.1', '1.32.0' ],
415 silly audit   'lightningcss-darwin-x64': [ '1.31.1', '1.32.0' ],
415 silly audit   'lightningcss-freebsd-x64': [ '1.31.1', '1.32.0' ],
415 silly audit   'lightningcss-linux-arm-gnueabihf': [ '1.31.1', '1.32.0' ],
415 silly audit   'lightningcss-linux-arm64-gnu': [ '1.31.1', '1.32.0' ],
415 silly audit   'lightningcss-linux-arm64-musl': [ '1.31.1', '1.32.0' ],
415 silly audit   'lightningcss-linux-x64-gnu': [ '1.31.1', '1.32.0' ],
415 silly audit   'lightningcss-linux-x64-musl': [ '1.31.1', '1.32.0' ],
415 silly audit   'lightningcss-win32-arm64-msvc': [ '1.31.1', '1.32.0' ],
415 silly audit   'lightningcss-win32-x64-msvc': [ '1.31.1', '1.32.0' ],
415 silly audit   linebreak: [ '1.1.0' ],
415 silly audit   'loader-runner': [ '4.3.2' ],
415 silly audit   'locate-path': [ '6.0.0' ],
415 silly audit   'lodash.merge': [ '4.6.2' ],
415 silly audit   'loose-envify': [ '1.4.0' ],
415 silly audit   'lru-cache': [ '5.1.1' ],
415 silly audit   'magic-string': [ '0.30.21' ],
415 silly audit   'math-intrinsics': [ '1.1.0' ],
415 silly audit   'merge-stream': [ '2.0.0' ],
415 silly audit   merge2: [ '1.4.1' ],
415 silly audit   micromatch: [ '4.0.8' ],
415 silly audit   'mime-db': [ '1.54.0' ],
415 silly audit   miniflare: [ '4.20260515.0' ],
415 silly audit   ms: [ '2.1.3' ],
415 silly audit   nanoid: [ '3.3.12' ],
415 silly audit   'natural-compare': [ '1.4.0' ],
415 silly audit   'neo-async': [ '2.6.2' ],
415 silly audit   'node-exports-info': [ '1.6.0' ],
415 silly audit   'node-releases': [ '2.0.44' ],
415 silly audit   'object-assign': [ '4.1.1' ],
415 silly audit   'object-inspect': [ '1.13.4' ],
415 silly audit   'object-keys': [ '1.1.1' ],
415 silly audit   'object.assign': [ '4.1.7' ],
415 silly audit   'object.entries': [ '1.1.9' ],
415 silly audit   'object.fromentries': [ '2.0.8' ],
415 silly audit   'object.values': [ '1.2.1' ],
415 silly audit   optionator: [ '0.9.4' ],
415 silly audit   'own-keys': [ '1.0.1' ],
415 silly audit   'p-limit': [ '3.1.0' ],
415 silly audit   'p-locate': [ '5.0.0' ],
415 silly audit   pako: [ '0.2.9' ],
415 silly audit   'parent-module': [ '1.0.1' ],
415 silly audit   'parse-css-color': [ '0.2.1' ],
415 silly audit   'path-exists': [ '4.0.0' ],
415 silly audit   'path-key': [ '3.1.1' ],
415 silly audit   'path-parse': [ '1.0.7' ],
415 silly audit   'path-to-regexp': [ '6.3.0' ],
415 silly audit   pathe: [ '2.0.3' ],
415 silly audit   picocolors: [ '1.1.1' ],
415 silly audit   picomatch: [ '2.3.2', '4.0.4' ],
415 silly audit   'possible-typed-array-names': [ '1.1.0' ],
415 silly audit   postcss: [ '8.5.14' ],
415 silly audit   'postcss-value-parser': [ '4.2.0' ],
415 silly audit   'prelude-ls': [ '1.2.1' ],
415 silly audit   'prop-types': [ '15.8.1' ],
415 silly audit   punycode: [ '2.3.1' ],
415 silly audit   'queue-microtask': [ '1.2.3' ],
415 silly audit   react: [ '19.2.6' ],
415 silly audit   'react-dom': [ '19.2.6' ],
415 silly audit   'react-is': [ '16.13.1' ],
415 silly audit   'react-loading-skeleton': [ '3.5.0' ],
415 silly audit   'react-server-dom-webpack': [ '19.2.6' ],
415 silly audit   'reflect.getprototypeof': [ '1.0.10' ],
415 silly audit   'regexp.prototype.flags': [ '1.5.4' ],
415 silly audit   'require-from-string': [ '2.0.2' ],
415 silly audit   resolve: [ '2.0.0-next.7' ],
415 silly audit   'resolve-from': [ '4.0.0' ],
415 silly audit   'resolve-pkg-maps': [ '1.0.0' ],
415 silly audit   reusify: [ '1.1.0' ],
415 silly audit   rolldown: [ '1.0.1' ],
415 silly audit   'run-parallel': [ '1.2.0' ],
415 silly audit   'safe-array-concat': [ '1.1.4' ],
415 silly audit   'safe-push-apply': [ '1.0.0' ],
415 silly audit   'safe-regex-test': [ '1.1.0' ],
415 silly audit   satori: [ '0.16.0' ],
415 silly audit   scheduler: [ '0.27.0' ],
415 silly audit   'schema-utils': [ '4.3.3' ],
415 silly audit   'ajv-keywords': [ '5.1.0' ],
415 silly audit   'set-function-length': [ '1.2.2' ],
415 silly audit   'set-function-name': [ '2.0.2' ],
415 silly audit   'set-proto': [ '1.0.0' ],
415 silly audit   sharp: [ '0.34.5' ],
415 silly audit   'shebang-command': [ '2.0.0' ],
415 silly audit   'shebang-regex': [ '3.0.0' ],
415 silly audit   'side-channel': [ '1.1.0' ],
415 silly audit   'side-channel-list': [ '1.0.1' ],
415 silly audit   'side-channel-map': [ '1.0.1' ],
415 silly audit   'side-channel-weakmap': [ '1.0.2' ],
415 silly audit   'source-map': [ '0.6.1' ],
415 silly audit   'source-map-js': [ '1.2.1' ],
415 silly audit   'source-map-support': [ '0.5.21' ],
415 silly audit   srvx: [ '0.11.15' ],
415 silly audit   'stop-iteration-iterator': [ '1.1.0' ],
415 silly audit   'string.prototype.codepointat': [ '0.2.1' ],
415 silly audit   'string.prototype.includes': [ '2.0.1' ],
415 silly audit   'string.prototype.matchall': [ '4.0.12' ],
415 silly audit   'string.prototype.repeat': [ '1.0.0' ],
415 silly audit   'string.prototype.trim': [ '1.2.10' ],
415 silly audit   'string.prototype.trimend': [ '1.0.9' ],
415 silly audit   'string.prototype.trimstart': [ '1.0.8' ],
415 silly audit   'strip-json-comments': [ '3.1.1' ],
415 silly audit   'strip-literal': [ '3.1.0' ],
415 silly audit   'supports-preserve-symlinks-flag': [ '1.0.0' ],
415 silly audit   tailwindcss: [ '4.2.1' ],
415 silly audit   tapable: [ '2.3.3' ],
415 silly audit   terser: [ '5.47.1' ],
415 silly audit   'terser-webpack-plugin': [ '5.6.0' ],
415 silly audit   'tiny-inflate': [ '1.0.3' ],
415 silly audit   tinyglobby: [ '0.2.16' ],
415 silly audit   fdir: [ '6.5.0' ],
415 silly audit   'to-regex-range': [ '5.0.1' ],
415 silly audit   'ts-api-utils': [ '2.5.0' ],
415 silly audit   tsx: [ '4.22.1' ],
415 silly audit   'turbo-stream': [ '3.2.0' ],
415 silly audit   'type-check': [ '0.4.0' ],
415 silly audit   'typed-array-buffer': [ '1.0.3' ],
415 silly audit   'typed-array-byte-length': [ '1.0.3' ],
415 silly audit   'typed-array-byte-offset': [ '1.0.4' ],
415 silly audit   'typed-array-length': [ '1.0.7' ],
415 silly audit   typescript: [ '5.9.3' ],
415 silly audit   'typescript-eslint': [ '8.59.3' ],
415 silly audit   'unbox-primitive': [ '1.1.0' ],
415 silly audit   undici: [ '7.24.8' ],
415 silly audit   'undici-types': [ '6.21.0' ],
415 silly audit   unenv: [ '2.0.0-rc.24' ],
415 silly audit   'unicode-trie': [ '2.0.0' ],
415 silly audit   unpic: [ '4.2.2' ],
415 silly audit   'update-browserslist-db': [ '1.2.3' ],
415 silly audit   'uri-js': [ '4.4.1' ],
415 silly audit   vinext: [ '1.0.0-beta.2' ],
415 silly audit   vite: [ '8.0.13' ],
415 silly audit   'vite-plugin-commonjs': [ '0.10.4' ],
415 silly audit   'vite-plugin-dynamic-import': [ '1.6.0' ],
415 silly audit   vitefu: [ '1.1.3' ],
415 silly audit   watchpack: [ '2.5.1' ],
415 silly audit   'web-vitals': [ '4.2.4' ],
415 silly audit   webpack: [ '5.106.2' ],
415 silly audit   'webpack-sources': [ '3.4.1' ],
415 silly audit   which: [ '2.0.2' ],
415 silly audit   'which-boxed-primitive': [ '1.1.1' ],
415 silly audit   'which-builtin-type': [ '1.2.1' ],
415 silly audit   'which-collection': [ '1.0.2' ],
415 silly audit   'which-typed-array': [ '1.1.20' ],
415 silly audit   'word-wrap': [ '1.2.5' ],
415 silly audit   workerd: [ '1.20260515.1' ],
415 silly audit   wrangler: [ '4.92.0' ],
415 silly audit   ws: [ '8.18.0' ],
415 silly audit   yallist: [ '3.1.1' ],
415 silly audit   'yocto-queue': [ '0.1.0' ],
415 silly audit   'yoga-layout': [ '3.2.1' ],
415 silly audit   youch: [ '4.1.0-beta.10' ],
415 silly audit   'youch-core': [ '0.3.3' ],
415 silly audit   zod: [ '4.4.3' ],
415 silly audit   'zod-validation-error': [ '4.0.2' ]
415 silly audit }
416 verbose audit error FetchError: request to https://registry.npmjs.org/-/npm/v1/security/advisories/bulk failed, reason: 
416 verbose audit error     at ClientRequest.<anonymous> (C:\Program Files\nodejs\node_modules\npm\node_modules\minipass-fetch\lib\index.js:130:14)
416 verbose audit error     at ClientRequest.emit (node:events:508:28)
416 verbose audit error     at emitErrorEvent (node:_http_client:108:11)
416 verbose audit error     at _destroy (node:_http_client:962:9)
416 verbose audit error     at onSocketNT (node:_http_client:982:5)
416 verbose audit error     at process.processTicksAndRejections (node:internal/process/task_queues:90:21) {
416 verbose audit error   code: 'EACCES',
416 verbose audit error   errno: 'EACCES',
416 verbose audit error   type: 'system'
416 verbose audit error }
417 silly audit error undefined
418 silly audit report null
419 http cache @emnapi/wasi-threads@https://registry.npmjs.org/@emnapi/wasi-threads/-/wasi-threads-1.2.1.tgz 1ms (cache hit)
420 http cache @webassemblyjs/wasm-opt@https://registry.npmjs.org/@webassemblyjs/wasm-opt/-/wasm-opt-1.14.1.tgz 0ms (cache hit)
421 http cache which@https://registry.npmjs.org/which/-/which-2.0.2.tgz 0ms (cache hit)
422 http cache typescript@https://registry.npmjs.org/typescript/-/typescript-5.9.3.tgz 0ms (cache hit)
423 http cache @xtuc/ieee754@https://registry.npmjs.org/@xtuc/ieee754/-/ieee754-1.2.0.tgz 0ms (cache hit)
424 http cache @xtuc/long@https://registry.npmjs.org/@xtuc/long/-/long-4.2.2.tgz 0ms (cache hit)
425 http cache @webassemblyjs/wast-printer@https://registry.npmjs.org/@webassemblyjs/wast-printer/-/wast-printer-1.14.1.tgz 0ms (cache hit)
426 http cache @webassemblyjs/wasm-parser@https://registry.npmjs.org/@webassemblyjs/wasm-parser/-/wasm-parser-1.14.1.tgz 0ms (cache hit)
427 http cache @webassemblyjs/wasm-gen@https://registry.npmjs.org/@webassemblyjs/wasm-gen/-/wasm-gen-1.14.1.tgz 0ms (cache hit)
428 http cache @webassemblyjs/utf8@https://registry.npmjs.org/@webassemblyjs/utf8/-/utf8-1.13.2.tgz 0ms (cache hit)
429 http cache @webassemblyjs/wasm-edit@https://registry.npmjs.org/@webassemblyjs/wasm-edit/-/wasm-edit-1.14.1.tgz 0ms (cache hit)
430 http cache @webassemblyjs/leb128@https://registry.npmjs.org/@webassemblyjs/leb128/-/leb128-1.13.2.tgz 0ms (cache hit)
431 http cache @webassemblyjs/helper-wasm-section@https://registry.npmjs.org/@webassemblyjs/helper-wasm-section/-/helper-wasm-section-1.14.1.tgz 0ms (cache hit)
432 http cache @webassemblyjs/ieee754@https://registry.npmjs.org/@webassemblyjs/ieee754/-/ieee754-1.13.2.tgz 0ms (cache hit)
433 http cache @webassemblyjs/helper-numbers@https://registry.npmjs.org/@webassemblyjs/helper-numbers/-/helper-numbers-1.13.2.tgz 0ms (cache hit)
434 http cache @webassemblyjs/helper-buffer@https://registry.npmjs.org/@webassemblyjs/helper-buffer/-/helper-buffer-1.14.1.tgz 0ms (cache hit)
435 http cache @vitejs/plugin-rsc@https://registry.npmjs.org/@vitejs/plugin-rsc/-/plugin-rsc-0.5.26.tgz 0ms (cache hit)
436 http cache @vitejs/plugin-react@https://registry.npmjs.org/@vitejs/plugin-react/-/plugin-react-6.0.2.tgz 0ms (cache hit)
437 http cache @webassemblyjs/helper-wasm-bytecode@https://registry.npmjs.org/@webassemblyjs/helper-wasm-bytecode/-/helper-wasm-bytecode-1.13.2.tgz 0ms (cache hit)
438 http cache @webassemblyjs/floating-point-hex-parser@https://registry.npmjs.org/@webassemblyjs/floating-point-hex-parser/-/floating-point-hex-parser-1.13.2.tgz 0ms (cache hit)
439 http cache @vinext/types@https://registry.npmjs.org/@vinext/types/-/types-1.0.0-beta.2.tgz 0ms (cache hit)
440 http cache @webassemblyjs/ast@https://registry.npmjs.org/@webassemblyjs/ast/-/ast-1.14.1.tgz 0ms (cache hit)
441 http cache @webassemblyjs/helper-api-error@https://registry.npmjs.org/@webassemblyjs/helper-api-error/-/helper-api-error-1.13.2.tgz 0ms (cache hit)
442 http cache @vercel/og@https://registry.npmjs.org/@vercel/og/-/og-0.8.6.tgz 0ms (cache hit)
443 http cache @unpic/react@https://registry.npmjs.org/@unpic/react/-/react-1.0.2.tgz 0ms (cache hit)
444 http cache @types/react-dom@https://registry.npmjs.org/@types/react-dom/-/react-dom-19.2.3.tgz 0ms (cache hit)
445 http cache @types/node@https://registry.npmjs.org/@types/node/-/node-22.19.19.tgz 0ms (cache hit)
446 http cache @unpic/core@https://registry.npmjs.org/@unpic/core/-/core-1.0.3.tgz 0ms (cache hit)
447 http cache @types/eslint@https://registry.npmjs.org/@types/eslint/-/eslint-9.6.1.tgz 0ms (cache hit)
448 http cache @types/estree@https://registry.npmjs.org/@types/estree/-/estree-1.0.9.tgz 0ms (cache hit)
449 http cache @types/json-schema@https://registry.npmjs.org/@types/json-schema/-/json-schema-7.0.15.tgz 0ms (cache hit)
450 http cache @types/eslint-scope@https://registry.npmjs.org/@types/eslint-scope/-/eslint-scope-3.7.7.tgz 0ms (cache hit)
451 http cache @typescript-eslint/visitor-keys@https://registry.npmjs.org/@typescript-eslint/visitor-keys/-/visitor-keys-8.59.3.tgz 0ms (cache hit)
452 http cache @typescript-eslint/typescript-estree@https://registry.npmjs.org/@typescript-eslint/typescript-estree/-/typescript-estree-8.59.3.tgz 0ms (cache hit)
453 http cache @typescript-eslint/utils@https://registry.npmjs.org/@typescript-eslint/utils/-/utils-8.59.3.tgz 0ms (cache hit)
454 http cache @typescript-eslint/type-utils@https://registry.npmjs.org/@typescript-eslint/type-utils/-/type-utils-8.59.3.tgz 0ms (cache hit)
455 http cache @typescript-eslint/types@https://registry.npmjs.org/@typescript-eslint/types/-/types-8.59.3.tgz 0ms (cache hit)
456 http cache @typescript-eslint/tsconfig-utils@https://registry.npmjs.org/@typescript-eslint/tsconfig-utils/-/tsconfig-utils-8.59.3.tgz 0ms (cache hit)
457 http cache @typescript-eslint/scope-manager@https://registry.npmjs.org/@typescript-eslint/scope-manager/-/scope-manager-8.59.3.tgz 0ms (cache hit)
458 http cache @typescript-eslint/project-service@https://registry.npmjs.org/@typescript-eslint/project-service/-/project-service-8.59.3.tgz 0ms (cache hit)
459 http cache @typescript-eslint/eslint-plugin@https://registry.npmjs.org/@typescript-eslint/eslint-plugin/-/eslint-plugin-8.59.3.tgz 0ms (cache hit)
460 http cache @typescript-eslint/parser@https://registry.npmjs.org/@typescript-eslint/parser/-/parser-8.59.3.tgz 0ms (cache hit)
461 http cache @speed-highlight/core@https://registry.npmjs.org/@speed-highlight/core/-/core-1.2.15.tgz 0ms (cache hit)
462 http cache @shuding/opentype.js@https://registry.npmjs.org/@shuding/opentype.js/-/opentype.js-1.4.0-beta.0.tgz 0ms (cache hit)
463 http cache @tailwindcss/postcss@https://registry.npmjs.org/@tailwindcss/postcss/-/postcss-4.2.1.tgz 0ms (cache hit)
464 http cache @tailwindcss/oxide@https://registry.npmjs.org/@tailwindcss/oxide/-/oxide-4.2.1.tgz 0ms (cache hit)
465 http cache @tailwindcss/node@https://registry.npmjs.org/@tailwindcss/node/-/node-4.2.1.tgz 0ms (cache hit)
466 http cache @resvg/resvg-wasm@https://registry.npmjs.org/@resvg/resvg-wasm/-/resvg-wasm-2.4.0.tgz 0ms (cache hit)
467 http cache @tailwindcss/oxide-win32-x64-msvc@https://registry.npmjs.org/@tailwindcss/oxide-win32-x64-msvc/-/oxide-win32-x64-msvc-4.2.1.tgz 0ms (cache hit)
468 http cache @sindresorhus/is@https://registry.npmjs.org/@sindresorhus/is/-/is-7.2.0.tgz 0ms (cache hit)
469 http cache @nodelib/fs.walk@https://registry.npmjs.org/@nodelib/fs.walk/-/fs.walk-1.2.8.tgz 0ms (cache hit)
470 http cache @poppinss/exception@https://registry.npmjs.org/@poppinss/exception/-/exception-1.2.3.tgz 0ms (cache hit)
471 http cache @nodelib/fs.stat@https://registry.npmjs.org/@nodelib/fs.stat/-/fs.stat-2.0.5.tgz 0ms (cache hit)
472 http cache @rolldown/binding-win32-x64-msvc@https://registry.npmjs.org/@rolldown/binding-win32-x64-msvc/-/binding-win32-x64-msvc-1.0.1.tgz 0ms (cache hit)
473 http cache @rolldown/pluginutils@https://registry.npmjs.org/@rolldown/pluginutils/-/pluginutils-1.0.1.tgz 0ms (cache hit)
474 http cache @nodelib/fs.scandir@https://registry.npmjs.org/@nodelib/fs.scandir/-/fs.scandir-2.1.5.tgz 0ms (cache hit)
475 http cache @poppinss/dumper@https://registry.npmjs.org/@poppinss/dumper/-/dumper-0.6.5.tgz 0ms (cache hit)
476 http cache @poppinss/colors@https://registry.npmjs.org/@poppinss/colors/-/colors-4.1.6.tgz 0ms (cache hit)
477 http cache @oxc-project/types@https://registry.npmjs.org/@oxc-project/types/-/types-0.130.0.tgz 0ms (cache hit)
478 http cache @next/eslint-plugin-next@https://registry.npmjs.org/@next/eslint-plugin-next/-/eslint-plugin-next-16.2.6.tgz 0ms (cache hit)
479 http cache @jridgewell/trace-mapping@https://registry.npmjs.org/@jridgewell/trace-mapping/-/trace-mapping-0.3.31.tgz 0ms (cache hit)
480 http cache @jridgewell/source-map@https://registry.npmjs.org/@jridgewell/source-map/-/source-map-0.3.11.tgz 0ms (cache hit)
481 http cache @img/colour@https://registry.npmjs.org/@img/colour/-/colour-1.1.0.tgz 0ms (cache hit)
482 http cache @img/sharp-win32-x64@https://registry.npmjs.org/@img/sharp-win32-x64/-/sharp-win32-x64-0.34.5.tgz 0ms (cache hit)
483 http cache @jridgewell/sourcemap-codec@https://registry.npmjs.org/@jridgewell/sourcemap-codec/-/sourcemap-codec-1.5.5.tgz 0ms (cache hit)
484 http cache @jridgewell/resolve-uri@https://registry.npmjs.org/@jridgewell/resolve-uri/-/resolve-uri-3.1.2.tgz 0ms (cache hit)
485 http cache @humanfs/types@https://registry.npmjs.org/@humanfs/types/-/types-0.15.0.tgz 0ms (cache hit)
486 http cache @jridgewell/remapping@https://registry.npmjs.org/@jridgewell/remapping/-/remapping-2.3.5.tgz 0ms (cache hit)
487 http cache @humanwhocodes/retry@https://registry.npmjs.org/@humanwhocodes/retry/-/retry-0.4.3.tgz 0ms (cache hit)
488 http cache @jridgewell/gen-mapping@https://registry.npmjs.org/@jridgewell/gen-mapping/-/gen-mapping-0.3.13.tgz 0ms (cache hit)
489 http cache @humanfs/node@https://registry.npmjs.org/@humanfs/node/-/node-0.16.8.tgz 0ms (cache hit)
490 http cache @humanwhocodes/module-importer@https://registry.npmjs.org/@humanwhocodes/module-importer/-/module-importer-1.0.1.tgz 0ms (cache hit)
491 http cache @humanfs/core@https://registry.npmjs.org/@humanfs/core/-/core-0.19.2.tgz 0ms (cache hit)
492 http cache @eslint/js@https://registry.npmjs.org/@eslint/js/-/js-9.39.4.tgz 0ms (cache hit)
493 http cache @eslint/object-schema@https://registry.npmjs.org/@eslint/object-schema/-/object-schema-2.1.7.tgz 0ms (cache hit)
494 http cache @eslint/eslintrc@https://registry.npmjs.org/@eslint/eslintrc/-/eslintrc-3.3.5.tgz 0ms (cache hit)
495 http cache @eslint/plugin-kit@https://registry.npmjs.org/@eslint/plugin-kit/-/plugin-kit-0.4.1.tgz 0ms (cache hit)
496 http cache @eslint/config-helpers@https://registry.npmjs.org/@eslint/config-helpers/-/config-helpers-0.4.2.tgz 0ms (cache hit)
497 http cache @eslint/core@https://registry.npmjs.org/@eslint/core/-/core-0.17.0.tgz 0ms (cache hit)
498 http cache @eslint-community/eslint-utils@https://registry.npmjs.org/@eslint-community/eslint-utils/-/eslint-utils-4.9.1.tgz 0ms (cache hit)
499 http cache @esbuild/win32-x64@https://registry.npmjs.org/@esbuild/win32-x64/-/win32-x64-0.28.0.tgz 0ms (cache hit)
500 http cache @cloudflare/vite-plugin@https://registry.npmjs.org/@cloudflare/vite-plugin/-/vite-plugin-1.37.1.tgz 0ms (cache hit)
501 http cache @eslint/config-array@https://registry.npmjs.org/@eslint/config-array/-/config-array-0.21.2.tgz 0ms (cache hit)
502 http cache @eslint-community/regexpp@https://registry.npmjs.org/@eslint-community/regexpp/-/regexpp-4.12.2.tgz 0ms (cache hit)
503 http cache @cloudflare/workerd-windows-64@https://registry.npmjs.org/@cloudflare/workerd-windows-64/-/workerd-windows-64-1.20260515.1.tgz 0ms (cache hit)
504 http cache @drizzle-team/brocli@https://registry.npmjs.org/@drizzle-team/brocli/-/brocli-0.10.2.tgz 0ms (cache hit)
505 http cache @cloudflare/unenv-preset@https://registry.npmjs.org/@cloudflare/unenv-preset/-/unenv-preset-2.16.1.tgz 0ms (cache hit)
506 http cache @esbuild-kit/core-utils@https://registry.npmjs.org/@esbuild-kit/core-utils/-/core-utils-3.3.2.tgz 0ms (cache hit)
507 http cache @esbuild-kit/esm-loader@https://registry.npmjs.org/@esbuild-kit/esm-loader/-/esm-loader-2.6.5.tgz 0ms (cache hit)
508 http cache @cspotcode/source-map-support@https://registry.npmjs.org/@cspotcode/source-map-support/-/source-map-support-0.8.1.tgz 0ms (cache hit)
509 http cache @alloc/quick-lru@https://registry.npmjs.org/@alloc/quick-lru/-/quick-lru-5.2.0.tgz 0ms (cache hit)
510 http cache @cloudflare/kv-asset-handler@https://registry.npmjs.org/@cloudflare/kv-asset-handler/-/kv-asset-handler-0.5.0.tgz 0ms (cache hit)
511 http cache @babel/types@https://registry.npmjs.org/@babel/types/-/types-7.29.0.tgz 0ms (cache hit)
512 http cache @babel/parser@https://registry.npmjs.org/@babel/parser/-/parser-7.29.3.tgz 0ms (cache hit)
513 http cache @babel/template@https://registry.npmjs.org/@babel/template/-/template-7.28.6.tgz 0ms (cache hit)
514 http cache @babel/traverse@https://registry.npmjs.org/@babel/traverse/-/traverse-7.29.0.tgz 0ms (cache hit)
515 http cache @babel/helpers@https://registry.npmjs.org/@babel/helpers/-/helpers-7.29.2.tgz 0ms (cache hit)
516 http cache @babel/helper-validator-identifier@https://registry.npmjs.org/@babel/helper-validator-identifier/-/helper-validator-identifier-7.28.5.tgz 0ms (cache hit)
517 http cache @babel/helper-validator-option@https://registry.npmjs.org/@babel/helper-validator-option/-/helper-validator-option-7.27.1.tgz 0ms (cache hit)
518 http cache @babel/helper-module-imports@https://registry.npmjs.org/@babel/helper-module-imports/-/helper-module-imports-7.28.6.tgz 0ms (cache hit)
519 http cache @babel/helper-string-parser@https://registry.npmjs.org/@babel/helper-string-parser/-/helper-string-parser-7.27.1.tgz 0ms (cache hit)
520 http cache zod-validation-error@https://registry.npmjs.org/zod-validation-error/-/zod-validation-error-4.0.2.tgz 0ms (cache hit)
521 http cache zod@https://registry.npmjs.org/zod/-/zod-4.4.3.tgz 0ms (cache hit)
522 http cache @babel/helper-globals@https://registry.npmjs.org/@babel/helper-globals/-/helper-globals-7.28.0.tgz 0ms (cache hit)
523 http cache @babel/helper-module-transforms@https://registry.npmjs.org/@babel/helper-module-transforms/-/helper-module-transforms-7.28.6.tgz 0ms (cache hit)
524 http cache @babel/helper-compilation-targets@https://registry.npmjs.org/@babel/helper-compilation-targets/-/helper-compilation-targets-7.28.6.tgz 0ms (cache hit)
525 http cache youch@https://registry.npmjs.org/youch/-/youch-4.1.0-beta.10.tgz 0ms (cache hit)
526 http cache @babel/core@https://registry.npmjs.org/@babel/core/-/core-7.29.0.tgz 0ms (cache hit)
527 http cache @babel/generator@https://registry.npmjs.org/@babel/generator/-/generator-7.29.1.tgz 0ms (cache hit)
528 http cache @babel/code-frame@https://registry.npmjs.org/@babel/code-frame/-/code-frame-7.29.0.tgz 0ms (cache hit)
529 http cache @babel/compat-data@https://registry.npmjs.org/@babel/compat-data/-/compat-data-7.29.3.tgz 0ms (cache hit)
530 http cache yoga-layout@https://registry.npmjs.org/yoga-layout/-/yoga-layout-3.2.1.tgz 0ms (cache hit)
531 http cache yocto-queue@https://registry.npmjs.org/yocto-queue/-/yocto-queue-0.1.0.tgz 0ms (cache hit)
532 http cache yallist@https://registry.npmjs.org/yallist/-/yallist-3.1.1.tgz 0ms (cache hit)
533 http cache youch-core@https://registry.npmjs.org/youch-core/-/youch-core-0.3.3.tgz 0ms (cache hit)
534 http cache wrangler@https://registry.npmjs.org/wrangler/-/wrangler-4.92.0.tgz 0ms (cache hit)
535 http cache workerd@https://registry.npmjs.org/workerd/-/workerd-1.20260515.1.tgz 0ms (cache hit)
536 http cache which-typed-array@https://registry.npmjs.org/which-typed-array/-/which-typed-array-1.1.20.tgz 0ms (cache hit)
537 http cache ws@https://registry.npmjs.org/ws/-/ws-8.18.0.tgz 0ms (cache hit)
538 http cache vitefu@https://registry.npmjs.org/vitefu/-/vitefu-1.1.3.tgz 0ms (cache hit)
539 http cache which-builtin-type@https://registry.npmjs.org/which-builtin-type/-/which-builtin-type-1.2.1.tgz 0ms (cache hit)
540 http cache word-wrap@https://registry.npmjs.org/word-wrap/-/word-wrap-1.2.5.tgz 0ms (cache hit)
541 http cache webpack-sources@https://registry.npmjs.org/webpack-sources/-/webpack-sources-3.4.1.tgz 0ms (cache hit)
542 http cache which-collection@https://registry.npmjs.org/which-collection/-/which-collection-1.0.2.tgz 0ms (cache hit)
543 http cache which-boxed-primitive@https://registry.npmjs.org/which-boxed-primitive/-/which-boxed-primitive-1.1.1.tgz 0ms (cache hit)
544 http cache web-vitals@https://registry.npmjs.org/web-vitals/-/web-vitals-4.2.4.tgz 0ms (cache hit)
545 http cache webpack@https://registry.npmjs.org/webpack/-/webpack-5.106.2.tgz 0ms (cache hit)
546 http cache watchpack@https://registry.npmjs.org/watchpack/-/watchpack-2.5.1.tgz 0ms (cache hit)
547 http cache vinext@https://registry.npmjs.org/vinext/-/vinext-1.0.0-beta.2.tgz 0ms (cache hit)
548 http cache vite@https://registry.npmjs.org/vite/-/vite-8.0.13.tgz 0ms (cache hit)
549 http cache vite-plugin-dynamic-import@https://registry.npmjs.org/vite-plugin-dynamic-import/-/vite-plugin-dynamic-import-1.6.0.tgz 0ms (cache hit)
550 http cache vite-plugin-commonjs@https://registry.npmjs.org/vite-plugin-commonjs/-/vite-plugin-commonjs-0.10.4.tgz 0ms (cache hit)
551 http cache uri-js@https://registry.npmjs.org/uri-js/-/uri-js-4.4.1.tgz 0ms (cache hit)
552 http cache update-browserslist-db@https://registry.npmjs.org/update-browserslist-db/-/update-browserslist-db-1.2.3.tgz 0ms (cache hit)
553 http cache unpic@https://registry.npmjs.org/unpic/-/unpic-4.2.2.tgz 0ms (cache hit)
554 http cache unicode-trie@https://registry.npmjs.org/unicode-trie/-/unicode-trie-2.0.0.tgz 0ms (cache hit)
555 http cache unbox-primitive@https://registry.npmjs.org/unbox-primitive/-/unbox-primitive-1.1.0.tgz 0ms (cache hit)
556 http cache unenv@https://registry.npmjs.org/unenv/-/unenv-2.0.0-rc.24.tgz 0ms (cache hit)
557 http cache typed-array-byte-length@https://registry.npmjs.org/typed-array-byte-length/-/typed-array-byte-length-1.0.3.tgz 0ms (cache hit)
558 http cache typescript-eslint@https://registry.npmjs.org/typescript-eslint/-/typescript-eslint-8.59.3.tgz 0ms (cache hit)
559 http cache undici@https://registry.npmjs.org/undici/-/undici-7.24.8.tgz 0ms (cache hit)
560 http cache typed-array-buffer@https://registry.npmjs.org/typed-array-buffer/-/typed-array-buffer-1.0.3.tgz 0ms (cache hit)
561 http cache typed-array-length@https://registry.npmjs.org/typed-array-length/-/typed-array-length-1.0.7.tgz 0ms (cache hit)
562 http cache typed-array-byte-offset@https://registry.npmjs.org/typed-array-byte-offset/-/typed-array-byte-offset-1.0.4.tgz 0ms (cache hit)
563 http cache type-check@https://registry.npmjs.org/type-check/-/type-check-0.4.0.tgz 0ms (cache hit)
564 http cache tslib@https://registry.npmjs.org/tslib/-/tslib-2.8.1.tgz 0ms (cache hit)
565 http cache ts-api-utils@https://registry.npmjs.org/ts-api-utils/-/ts-api-utils-2.5.0.tgz 0ms (cache hit)
566 http cache turbo-stream@https://registry.npmjs.org/turbo-stream/-/turbo-stream-3.2.0.tgz 0ms (cache hit)
567 http cache terser-webpack-plugin@https://registry.npmjs.org/terser-webpack-plugin/-/terser-webpack-plugin-5.6.0.tgz 0ms (cache hit)
568 http cache tsx@https://registry.npmjs.org/tsx/-/tsx-4.22.1.tgz 0ms (cache hit)
569 http cache tiny-inflate@https://registry.npmjs.org/tiny-inflate/-/tiny-inflate-1.0.3.tgz 0ms (cache hit)
570 http cache tapable@https://registry.npmjs.org/tapable/-/tapable-2.3.3.tgz 0ms (cache hit)
571 http cache to-regex-range@https://registry.npmjs.org/to-regex-range/-/to-regex-range-5.0.1.tgz 0ms (cache hit)
572 http cache tinyglobby@https://registry.npmjs.org/tinyglobby/-/tinyglobby-0.2.16.tgz 0ms (cache hit)
573 http cache terser@https://registry.npmjs.org/terser/-/terser-5.47.1.tgz 0ms (cache hit)
574 http cache supports-preserve-symlinks-flag@https://registry.npmjs.org/supports-preserve-symlinks-flag/-/supports-preserve-symlinks-flag-1.0.0.tgz 0ms (cache hit)
575 http cache tailwindcss@https://registry.npmjs.org/tailwindcss/-/tailwindcss-4.2.1.tgz 0ms (cache hit)
576 http cache supports-color@https://registry.npmjs.org/supports-color/-/supports-color-7.2.0.tgz 0ms (cache hit)
577 http cache string.prototype.trimstart@https://registry.npmjs.org/string.prototype.trimstart/-/string.prototype.trimstart-1.0.8.tgz 0ms (cache hit)
578 http cache strip-json-comments@https://registry.npmjs.org/strip-json-comments/-/strip-json-comments-3.1.1.tgz 0ms (cache hit)
579 http cache strip-literal@https://registry.npmjs.org/strip-literal/-/strip-literal-3.1.0.tgz 0ms (cache hit)
580 http cache string.prototype.repeat@https://registry.npmjs.org/string.prototype.repeat/-/string.prototype.repeat-1.0.0.tgz 0ms (cache hit)
581 http cache string.prototype.trim@https://registry.npmjs.org/string.prototype.trim/-/string.prototype.trim-1.2.10.tgz 0ms (cache hit)
582 http cache string.prototype.trimend@https://registry.npmjs.org/string.prototype.trimend/-/string.prototype.trimend-1.0.9.tgz 0ms (cache hit)
583 http cache string.prototype.matchall@https://registry.npmjs.org/string.prototype.matchall/-/string.prototype.matchall-4.0.12.tgz 0ms (cache hit)
584 http cache source-map-support@https://registry.npmjs.org/source-map-support/-/source-map-support-0.5.21.tgz 0ms (cache hit)
585 http cache string.prototype.codepointat@https://registry.npmjs.org/string.prototype.codepointat/-/string.prototype.codepointat-0.2.1.tgz 0ms (cache hit)
586 http cache string.prototype.includes@https://registry.npmjs.org/string.prototype.includes/-/string.prototype.includes-2.0.1.tgz 0ms (cache hit)
587 http cache source-map-js@https://registry.npmjs.org/source-map-js/-/source-map-js-1.2.1.tgz 0ms (cache hit)
588 http cache source-map@https://registry.npmjs.org/source-map/-/source-map-0.6.1.tgz 0ms (cache hit)
589 http cache stop-iteration-iterator@https://registry.npmjs.org/stop-iteration-iterator/-/stop-iteration-iterator-1.1.0.tgz 0ms (cache hit)
590 http cache side-channel-list@https://registry.npmjs.org/side-channel-list/-/side-channel-list-1.0.1.tgz 0ms (cache hit)
591 http cache set-function-name@https://registry.npmjs.org/set-function-name/-/set-function-name-2.0.2.tgz 0ms (cache hit)
592 http cache sharp@https://registry.npmjs.org/sharp/-/sharp-0.34.5.tgz 0ms (cache hit)
593 http cache srvx@https://registry.npmjs.org/srvx/-/srvx-0.11.15.tgz 0ms (cache hit)
594 http cache set-function-length@https://registry.npmjs.org/set-function-length/-/set-function-length-1.2.2.tgz 0ms (cache hit)
595 http cache set-proto@https://registry.npmjs.org/set-proto/-/set-proto-1.0.0.tgz 0ms (cache hit)
596 http cache semver@https://registry.npmjs.org/semver/-/semver-6.3.1.tgz 0ms (cache hit)
597 http cache safe-regex-test@https://registry.npmjs.org/safe-regex-test/-/safe-regex-test-1.1.0.tgz 0ms (cache hit)
598 http cache schema-utils@https://registry.npmjs.org/schema-utils/-/schema-utils-4.3.3.tgz 0ms (cache hit)
599 http cache scheduler@https://registry.npmjs.org/scheduler/-/scheduler-0.27.0.tgz 0ms (cache hit)
600 http cache run-parallel@https://registry.npmjs.org/run-parallel/-/run-parallel-1.2.0.tgz 0ms (cache hit)
601 http cache satori@https://registry.npmjs.org/satori/-/satori-0.16.0.tgz 0ms (cache hit)
602 http cache safe-push-apply@https://registry.npmjs.org/safe-push-apply/-/safe-push-apply-1.0.0.tgz 0ms (cache hit)
603 http cache reusify@https://registry.npmjs.org/reusify/-/reusify-1.1.0.tgz 0ms (cache hit)
604 http cache rolldown@https://registry.npmjs.org/rolldown/-/rolldown-1.0.1.tgz 0ms (cache hit)
605 http cache resolve-from@https://registry.npmjs.org/resolve-from/-/resolve-from-4.0.0.tgz 0ms (cache hit)
606 http cache safe-array-concat@https://registry.npmjs.org/safe-array-concat/-/safe-array-concat-1.1.4.tgz 0ms (cache hit)
607 http cache react-server-dom-webpack@https://registry.npmjs.org/react-server-dom-webpack/-/react-server-dom-webpack-19.2.6.tgz 0ms (cache hit)
608 http cache regexp.prototype.flags@https://registry.npmjs.org/regexp.prototype.flags/-/regexp.prototype.flags-1.5.4.tgz 0ms (cache hit)
609 http cache resolve@https://registry.npmjs.org/resolve/-/resolve-2.0.0-next.7.tgz 0ms (cache hit)
610 http cache react-is@https://registry.npmjs.org/react-is/-/react-is-16.13.1.tgz 0ms (cache hit)
611 http cache react-loading-skeleton@https://registry.npmjs.org/react-loading-skeleton/-/react-loading-skeleton-3.5.0.tgz 0ms (cache hit)
612 http cache punycode@https://registry.npmjs.org/punycode/-/punycode-2.3.1.tgz 0ms (cache hit)
613 http cache reflect.getprototypeof@https://registry.npmjs.org/reflect.getprototypeof/-/reflect.getprototypeof-1.0.10.tgz 0ms (cache hit)
614 http cache queue-microtask@https://registry.npmjs.org/queue-microtask/-/queue-microtask-1.2.3.tgz 0ms (cache hit)
615 http cache react-dom@https://registry.npmjs.org/react-dom/-/react-dom-19.2.6.tgz 0ms (cache hit)
616 http cache prop-types@https://registry.npmjs.org/prop-types/-/prop-types-15.8.1.tgz 0ms (cache hit)
617 http cache postcss-value-parser@https://registry.npmjs.org/postcss-value-parser/-/postcss-value-parser-4.2.0.tgz 0ms (cache hit)
618 http cache react@https://registry.npmjs.org/react/-/react-19.2.6.tgz 0ms (cache hit)
619 http cache prelude-ls@https://registry.npmjs.org/prelude-ls/-/prelude-ls-1.2.1.tgz 0ms (cache hit)
620 http cache postcss@https://registry.npmjs.org/postcss/-/postcss-8.5.14.tgz 0ms (cache hit)
621 http cache picomatch@https://registry.npmjs.org/picomatch/-/picomatch-2.3.2.tgz 0ms (cache hit)
622 http cache pathe@https://registry.npmjs.org/pathe/-/pathe-2.0.3.tgz 0ms (cache hit)
623 http cache possible-typed-array-names@https://registry.npmjs.org/possible-typed-array-names/-/possible-typed-array-names-1.1.0.tgz 0ms (cache hit)
624 http cache path-parse@https://registry.npmjs.org/path-parse/-/path-parse-1.0.7.tgz 0ms (cache hit)
625 http cache picocolors@https://registry.npmjs.org/picocolors/-/picocolors-1.1.1.tgz 0ms (cache hit)
626 http cache path-to-regexp@https://registry.npmjs.org/path-to-regexp/-/path-to-regexp-6.3.0.tgz 0ms (cache hit)
627 http cache parse-css-color@https://registry.npmjs.org/parse-css-color/-/parse-css-color-0.2.1.tgz 0ms (cache hit)
628 http cache path-exists@https://registry.npmjs.org/path-exists/-/path-exists-4.0.0.tgz 0ms (cache hit)
629 http cache pako@https://registry.npmjs.org/pako/-/pako-0.2.9.tgz 0ms (cache hit)
630 http cache p-locate@https://registry.npmjs.org/p-locate/-/p-locate-5.0.0.tgz 0ms (cache hit)
631 http cache own-keys@https://registry.npmjs.org/own-keys/-/own-keys-1.0.1.tgz 0ms (cache hit)
632 http cache parent-module@https://registry.npmjs.org/parent-module/-/parent-module-1.0.1.tgz 0ms (cache hit)
633 http cache p-limit@https://registry.npmjs.org/p-limit/-/p-limit-3.1.0.tgz 0ms (cache hit)
634 http cache optionator@https://registry.npmjs.org/optionator/-/optionator-0.9.4.tgz 0ms (cache hit)
635 http cache object.values@https://registry.npmjs.org/object.values/-/object.values-1.2.1.tgz 0ms (cache hit)
636 http cache object.entries@https://registry.npmjs.org/object.entries/-/object.entries-1.1.9.tgz 0ms (cache hit)
637 http cache object.fromentries@https://registry.npmjs.org/object.fromentries/-/object.fromentries-2.0.8.tgz 0ms (cache hit)
638 http cache object.assign@https://registry.npmjs.org/object.assign/-/object.assign-4.1.7.tgz 0ms (cache hit)
639 http cache node-releases@https://registry.npmjs.org/node-releases/-/node-releases-2.0.44.tgz 0ms (cache hit)
640 http cache object-keys@https://registry.npmjs.org/object-keys/-/object-keys-1.1.1.tgz 0ms (cache hit)
641 http cache node-exports-info@https://registry.npmjs.org/node-exports-info/-/node-exports-info-1.6.0.tgz 0ms (cache hit)
642 http cache miniflare@https://registry.npmjs.org/miniflare/-/miniflare-4.20260515.0.tgz 0ms (cache hit)
643 http cache natural-compare@https://registry.npmjs.org/natural-compare/-/natural-compare-1.4.0.tgz 0ms (cache hit)
644 http cache neo-async@https://registry.npmjs.org/neo-async/-/neo-async-2.6.2.tgz 0ms (cache hit)
645 http cache nanoid@https://registry.npmjs.org/nanoid/-/nanoid-3.3.12.tgz 0ms (cache hit)
646 http cache minimatch@https://registry.npmjs.org/minimatch/-/minimatch-3.1.5.tgz 0ms (cache hit)
647 http cache merge-stream@https://registry.npmjs.org/merge-stream/-/merge-stream-2.0.0.tgz 0ms (cache hit)
648 http cache loose-envify@https://registry.npmjs.org/loose-envify/-/loose-envify-1.4.0.tgz 0ms (cache hit)
649 http cache micromatch@https://registry.npmjs.org/micromatch/-/micromatch-4.0.8.tgz 0ms (cache hit)
650 http cache merge2@https://registry.npmjs.org/merge2/-/merge2-1.4.1.tgz 0ms (cache hit)
651 http cache linebreak@https://registry.npmjs.org/linebreak/-/linebreak-1.1.0.tgz 0ms (cache hit)
652 http cache magic-string@https://registry.npmjs.org/magic-string/-/magic-string-0.30.21.tgz 0ms (cache hit)
653 http cache lru-cache@https://registry.npmjs.org/lru-cache/-/lru-cache-5.1.1.tgz 0ms (cache hit)
654 http cache loader-runner@https://registry.npmjs.org/loader-runner/-/loader-runner-4.3.2.tgz 0ms (cache hit)
655 http cache locate-path@https://registry.npmjs.org/locate-path/-/locate-path-6.0.0.tgz 0ms (cache hit)
656 http cache lodash.merge@https://registry.npmjs.org/lodash.merge/-/lodash.merge-4.6.2.tgz 0ms (cache hit)
657 http cache lightningcss@https://registry.npmjs.org/lightningcss/-/lightningcss-1.31.1.tgz 0ms (cache hit)
658 http cache lightningcss-win32-x64-msvc@https://registry.npmjs.org/lightningcss-win32-x64-msvc/-/lightningcss-win32-x64-msvc-1.31.1.tgz 0ms (cache hit)
659 http cache language-subtag-registry@https://registry.npmjs.org/language-subtag-registry/-/language-subtag-registry-0.3.23.tgz 0ms (cache hit)
660 http cache levn@https://registry.npmjs.org/levn/-/levn-0.4.1.tgz 0ms (cache hit)
661 http cache jsx-ast-utils@https://registry.npmjs.org/jsx-ast-utils/-/jsx-ast-utils-3.3.5.tgz 0ms (cache hit)
662 http cache kleur@https://registry.npmjs.org/kleur/-/kleur-4.1.5.tgz 0ms (cache hit)
663 http cache json-schema-traverse@https://registry.npmjs.org/json-schema-traverse/-/json-schema-traverse-0.4.1.tgz 0ms (cache hit)
664 http cache language-tags@https://registry.npmjs.org/language-tags/-/language-tags-1.0.9.tgz 0ms (cache hit)
665 http cache jsesc@https://registry.npmjs.org/jsesc/-/jsesc-3.1.0.tgz 0ms (cache hit)
666 http cache json-buffer@https://registry.npmjs.org/json-buffer/-/json-buffer-3.0.1.tgz 0ms (cache hit)
667 http cache json5@https://registry.npmjs.org/json5/-/json5-2.2.3.tgz 0ms (cache hit)
668 http cache keyv@https://registry.npmjs.org/keyv/-/keyv-4.5.4.tgz 0ms (cache hit)
669 http cache json-stable-stringify-without-jsonify@https://registry.npmjs.org/json-stable-stringify-without-jsonify/-/json-stable-stringify-without-jsonify-1.0.1.tgz 0ms (cache hit)
670 http cache js-yaml@https://registry.npmjs.org/js-yaml/-/js-yaml-4.1.1.tgz 0ms (cache hit)
671 http cache jiti@https://registry.npmjs.org/jiti/-/jiti-2.7.0.tgz 0ms (cache hit)
672 http cache js-tokens@https://registry.npmjs.org/js-tokens/-/js-tokens-4.0.0.tgz 0ms (cache hit)
673 http cache jest-worker@https://registry.npmjs.org/jest-worker/-/jest-worker-27.5.1.tgz 0ms (cache hit)
674 http cache isarray@https://registry.npmjs.org/isarray/-/isarray-2.0.5.tgz 0ms (cache hit)
675 http cache is-weakref@https://registry.npmjs.org/is-weakref/-/is-weakref-1.1.1.tgz 0ms (cache hit)
676 http cache iterator.prototype@https://registry.npmjs.org/iterator.prototype/-/iterator.prototype-1.1.5.tgz 0ms (cache hit)
677 http cache is-typed-array@https://registry.npmjs.org/is-typed-array/-/is-typed-array-1.1.15.tgz 0ms (cache hit)
678 http cache is-symbol@https://registry.npmjs.org/is-symbol/-/is-symbol-1.1.1.tgz 0ms (cache hit)
679 http cache is-set@https://registry.npmjs.org/is-set/-/is-set-2.0.3.tgz 0ms (cache hit)
680 http cache is-weakset@https://registry.npmjs.org/is-weakset/-/is-weakset-2.0.4.tgz 0ms (cache hit)
681 http cache is-weakmap@https://registry.npmjs.org/is-weakmap/-/is-weakmap-2.0.2.tgz 0ms (cache hit)
682 http cache is-string@https://registry.npmjs.org/is-string/-/is-string-1.1.1.tgz 0ms (cache hit)
683 http cache is-shared-array-buffer@https://registry.npmjs.org/is-shared-array-buffer/-/is-shared-array-buffer-1.0.4.tgz 0ms (cache hit)
684 http cache is-regex@https://registry.npmjs.org/is-regex/-/is-regex-1.2.1.tgz 0ms (cache hit)
685 http cache is-glob@https://registry.npmjs.org/is-glob/-/is-glob-4.0.3.tgz 0ms (cache hit)
686 http cache is-map@https://registry.npmjs.org/is-map/-/is-map-2.0.3.tgz 0ms (cache hit)
687 http cache is-number-object@https://registry.npmjs.org/is-number-object/-/is-number-object-1.1.1.tgz 0ms (cache hit)
688 http cache is-extglob@https://registry.npmjs.org/is-extglob/-/is-extglob-2.1.1.tgz 0ms (cache hit)
689 http cache is-negative-zero@https://registry.npmjs.org/is-negative-zero/-/is-negative-zero-2.0.3.tgz 0ms (cache hit)
690 http cache is-finalizationregistry@https://registry.npmjs.org/is-finalizationregistry/-/is-finalizationregistry-1.1.1.tgz 0ms (cache hit)
691 http cache is-number@https://registry.npmjs.org/is-number/-/is-number-7.0.0.tgz 0ms (cache hit)
692 http cache is-date-object@https://registry.npmjs.org/is-date-object/-/is-date-object-1.1.0.tgz 0ms (cache hit)
693 http cache is-bigint@https://registry.npmjs.org/is-bigint/-/is-bigint-1.1.0.tgz 0ms (cache hit)
694 http cache is-data-view@https://registry.npmjs.org/is-data-view/-/is-data-view-1.0.2.tgz 0ms (cache hit)
695 http cache is-callable@https://registry.npmjs.org/is-callable/-/is-callable-1.2.7.tgz 0ms (cache hit)
696 http cache is-generator-function@https://registry.npmjs.org/is-generator-function/-/is-generator-function-1.1.2.tgz 0ms (cache hit)
697 http cache internal-slot@https://registry.npmjs.org/internal-slot/-/internal-slot-1.1.0.tgz 0ms (cache hit)
698 http cache is-core-module@https://registry.npmjs.org/is-core-module/-/is-core-module-2.16.2.tgz 0ms (cache hit)
699 http cache is-async-function@https://registry.npmjs.org/is-async-function/-/is-async-function-2.1.1.tgz 0ms (cache hit)
700 http cache is-array-buffer@https://registry.npmjs.org/is-array-buffer/-/is-array-buffer-3.0.5.tgz 0ms (cache hit)
701 http cache ipaddr.js@https://registry.npmjs.org/ipaddr.js/-/ipaddr.js-2.4.0.tgz 0ms (cache hit)
702 http cache is-boolean-object@https://registry.npmjs.org/is-boolean-object/-/is-boolean-object-1.2.2.tgz 0ms (cache hit)
703 http cache image-size@https://registry.npmjs.org/image-size/-/image-size-2.0.2.tgz 0ms (cache hit)
704 http cache imurmurhash@https://registry.npmjs.org/imurmurhash/-/imurmurhash-0.1.4.tgz 0ms (cache hit)
705 http cache import-fresh@https://registry.npmjs.org/import-fresh/-/import-fresh-3.3.1.tgz 0ms (cache hit)
706 http cache ignore@https://registry.npmjs.org/ignore/-/ignore-5.3.2.tgz 0ms (cache hit)
707 http cache hex-rgb@https://registry.npmjs.org/hex-rgb/-/hex-rgb-4.3.0.tgz 0ms (cache hit)
708 http cache hasown@https://registry.npmjs.org/hasown/-/hasown-2.0.3.tgz 0ms (cache hit)
709 http cache hermes-estree@https://registry.npmjs.org/hermes-estree/-/hermes-estree-0.25.1.tgz 0ms (cache hit)
710 http cache hermes-parser@https://registry.npmjs.org/hermes-parser/-/hermes-parser-0.25.1.tgz 0ms (cache hit)
711 http cache has-proto@https://registry.npmjs.org/has-proto/-/has-proto-1.2.0.tgz 0ms (cache hit)
712 http cache has-tostringtag@https://registry.npmjs.org/has-tostringtag/-/has-tostringtag-1.0.2.tgz 0ms (cache hit)
713 http cache graceful-fs@https://registry.npmjs.org/graceful-fs/-/graceful-fs-4.2.11.tgz 0ms (cache hit)
714 http cache has-bigints@https://registry.npmjs.org/has-bigints/-/has-bigints-1.1.0.tgz 0ms (cache hit)
715 http cache has-flag@https://registry.npmjs.org/has-flag/-/has-flag-4.0.0.tgz 0ms (cache hit)
716 http cache globals@https://registry.npmjs.org/globals/-/globals-16.4.0.tgz 0ms (cache hit)
717 http cache globalthis@https://registry.npmjs.org/globalthis/-/globalthis-1.0.4.tgz 0ms (cache hit)
718 http cache has-property-descriptors@https://registry.npmjs.org/has-property-descriptors/-/has-property-descriptors-1.0.2.tgz 0ms (cache hit)
719 http cache glob-parent@https://registry.npmjs.org/glob-parent/-/glob-parent-6.0.2.tgz 0ms (cache hit)
720 http cache get-tsconfig@https://registry.npmjs.org/get-tsconfig/-/get-tsconfig-4.14.0.tgz 0ms (cache hit)
721 http cache get-symbol-description@https://registry.npmjs.org/get-symbol-description/-/get-symbol-description-1.1.0.tgz 0ms (cache hit)
722 http cache glob-to-regexp@https://registry.npmjs.org/glob-to-regexp/-/glob-to-regexp-0.4.1.tgz 0ms (cache hit)
723 http cache functions-have-names@https://registry.npmjs.org/functions-have-names/-/functions-have-names-1.2.3.tgz 0ms (cache hit)
724 http cache generator-function@https://registry.npmjs.org/generator-function/-/generator-function-2.0.1.tgz 0ms (cache hit)
725 http cache for-each@https://registry.npmjs.org/for-each/-/for-each-0.3.5.tgz 0ms (cache hit)
726 http cache gensync@https://registry.npmjs.org/gensync/-/gensync-1.0.0-beta.2.tgz 0ms (cache hit)
727 http cache flat-cache@https://registry.npmjs.org/flat-cache/-/flat-cache-4.0.1.tgz 0ms (cache hit)
728 http cache flatted@https://registry.npmjs.org/flatted/-/flatted-3.4.2.tgz 0ms (cache hit)
729 http cache find-up@https://registry.npmjs.org/find-up/-/find-up-5.0.0.tgz 0ms (cache hit)
730 http cache function.prototype.name@https://registry.npmjs.org/function.prototype.name/-/function.prototype.name-1.1.8.tgz 0ms (cache hit)
731 http cache fill-range@https://registry.npmjs.org/fill-range/-/fill-range-7.1.1.tgz 0ms (cache hit)
732 http cache fast-levenshtein@https://registry.npmjs.org/fast-levenshtein/-/fast-levenshtein-2.0.6.tgz 0ms (cache hit)
733 http cache file-entry-cache@https://registry.npmjs.org/file-entry-cache/-/file-entry-cache-8.0.0.tgz 0ms (cache hit)
734 http cache fflate@https://registry.npmjs.org/fflate/-/fflate-0.7.4.tgz 0ms (cache hit)
735 http cache fast-uri@https://registry.npmjs.org/fast-uri/-/fast-uri-3.1.2.tgz 0ms (cache hit)
736 http cache fastq@https://registry.npmjs.org/fastq/-/fastq-1.20.1.tgz 0ms (cache hit)
737 http cache fast-glob@https://registry.npmjs.org/fast-glob/-/fast-glob-3.3.1.tgz 0ms (cache hit)
738 http cache fast-json-stable-stringify@https://registry.npmjs.org/fast-json-stable-stringify/-/fast-json-stable-stringify-2.1.0.tgz 0ms (cache hit)
739 http cache esutils@https://registry.npmjs.org/esutils/-/esutils-2.0.3.tgz 0ms (cache hit)
740 http cache events@https://registry.npmjs.org/events/-/events-3.3.0.tgz 0ms (cache hit)
741 http cache esrecurse@https://registry.npmjs.org/esrecurse/-/esrecurse-4.3.0.tgz 0ms (cache hit)
742 http cache estraverse@https://registry.npmjs.org/estraverse/-/estraverse-5.3.0.tgz 0ms (cache hit)
743 http cache eslint-scope@https://registry.npmjs.org/eslint-scope/-/eslint-scope-8.4.0.tgz 0ms (cache hit)
744 http cache estree-walker@https://registry.npmjs.org/estree-walker/-/estree-walker-3.0.3.tgz 0ms (cache hit)
745 http cache esquery@https://registry.npmjs.org/esquery/-/esquery-1.7.0.tgz 0ms (cache hit)
746 http cache espree@https://registry.npmjs.org/espree/-/espree-10.4.0.tgz 0ms (cache hit)
747 http cache eslint-plugin-react-hooks@https://registry.npmjs.org/eslint-plugin-react-hooks/-/eslint-plugin-react-hooks-7.1.1.tgz 0ms (cache hit)
748 http cache eslint-plugin-jsx-a11y@https://registry.npmjs.org/eslint-plugin-jsx-a11y/-/eslint-plugin-jsx-a11y-6.10.2.tgz 0ms (cache hit)
749 http cache eslint-visitor-keys@https://registry.npmjs.org/eslint-visitor-keys/-/eslint-visitor-keys-4.2.1.tgz 0ms (cache hit)
750 http cache escalade@https://registry.npmjs.org/escalade/-/escalade-3.2.0.tgz 0ms (cache hit)
751 http cache eslint@https://registry.npmjs.org/eslint/-/eslint-9.39.4.tgz 0ms (cache hit)
752 http cache esbuild@https://registry.npmjs.org/esbuild/-/esbuild-0.28.0.tgz 0ms (cache hit)
753 http cache eslint-plugin-react@https://registry.npmjs.org/eslint-plugin-react/-/eslint-plugin-react-7.37.5.tgz 0ms (cache hit)
754 http cache escape-string-regexp@https://registry.npmjs.org/escape-string-regexp/-/escape-string-regexp-4.0.0.tgz 0ms (cache hit)
755 http cache es-to-primitive@https://registry.npmjs.org/es-to-primitive/-/es-to-primitive-1.3.0.tgz 0ms (cache hit)
756 http cache error-stack-parser-es@https://registry.npmjs.org/error-stack-parser-es/-/error-stack-parser-es-1.0.5.tgz 0ms (cache hit)
757 http cache es-module-lexer@https://registry.npmjs.org/es-module-lexer/-/es-module-lexer-2.1.0.tgz 0ms (cache hit)
758 http cache es-shim-unscopables@https://registry.npmjs.org/es-shim-unscopables/-/es-shim-unscopables-1.1.0.tgz 0ms (cache hit)
759 http cache es-iterator-helpers@https://registry.npmjs.org/es-iterator-helpers/-/es-iterator-helpers-1.3.2.tgz 0ms (cache hit)
760 http cache es-set-tostringtag@https://registry.npmjs.org/es-set-tostringtag/-/es-set-tostringtag-2.1.0.tgz 0ms (cache hit)
761 http cache es-abstract@https://registry.npmjs.org/es-abstract/-/es-abstract-1.24.2.tgz 0ms (cache hit)
762 http cache enhanced-resolve@https://registry.npmjs.org/enhanced-resolve/-/enhanced-resolve-5.21.3.tgz 0ms (cache hit)
763 http cache electron-to-chromium@https://registry.npmjs.org/electron-to-chromium/-/electron-to-chromium-1.5.358.tgz 0ms (cache hit)
764 http cache emoji-regex-xs@https://registry.npmjs.org/emoji-regex-xs/-/emoji-regex-xs-2.0.1.tgz 0ms (cache hit)
765 http cache drizzle-orm@https://registry.npmjs.org/drizzle-orm/-/drizzle-orm-0.45.2.tgz 0ms (cache hit)
766 http cache doctrine@https://registry.npmjs.org/doctrine/-/doctrine-2.1.0.tgz 0ms (cache hit)
767 http cache define-properties@https://registry.npmjs.org/define-properties/-/define-properties-1.2.1.tgz 0ms (cache hit)
768 http cache drizzle-kit@https://registry.npmjs.org/drizzle-kit/-/drizzle-kit-0.31.10.tgz 0ms (cache hit)
769 http cache detect-libc@https://registry.npmjs.org/detect-libc/-/detect-libc-2.1.2.tgz 0ms (cache hit)
770 http cache define-data-property@https://registry.npmjs.org/define-data-property/-/define-data-property-1.1.4.tgz 0ms (cache hit)
771 http cache data-view-byte-offset@https://registry.npmjs.org/data-view-byte-offset/-/data-view-byte-offset-1.0.1.tgz 0ms (cache hit)
772 http cache deep-is@https://registry.npmjs.org/deep-is/-/deep-is-0.1.4.tgz 0ms (cache hit)
773 http cache data-view-byte-length@https://registry.npmjs.org/data-view-byte-length/-/data-view-byte-length-1.0.2.tgz 0ms (cache hit)
774 http cache css-gradient-parser@https://registry.npmjs.org/css-gradient-parser/-/css-gradient-parser-0.0.16.tgz 0ms (cache hit)
775 http cache damerau-levenshtein@https://registry.npmjs.org/damerau-levenshtein/-/damerau-levenshtein-1.0.8.tgz 0ms (cache hit)
776 http cache data-view-buffer@https://registry.npmjs.org/data-view-buffer/-/data-view-buffer-1.0.2.tgz 0ms (cache hit)
777 http cache css-background-parser@https://registry.npmjs.org/css-background-parser/-/css-background-parser-0.1.0.tgz 0ms (cache hit)
778 http cache css-to-react-native@https://registry.npmjs.org/css-to-react-native/-/css-to-react-native-3.2.0.tgz 0ms (cache hit)
779 http cache css-box-shadow@https://registry.npmjs.org/css-box-shadow/-/css-box-shadow-1.0.0-3.tgz 0ms (cache hit)
780 http cache css-color-keywords@https://registry.npmjs.org/css-color-keywords/-/css-color-keywords-1.0.0.tgz 0ms (cache hit)
781 http cache convert-source-map@https://registry.npmjs.org/convert-source-map/-/convert-source-map-2.0.0.tgz 0ms (cache hit)
782 http cache cookie@https://registry.npmjs.org/cookie/-/cookie-1.1.1.tgz 0ms (cache hit)
783 http cache concat-map@https://registry.npmjs.org/concat-map/-/concat-map-0.0.1.tgz 0ms (cache hit)
784 http cache camelize@https://registry.npmjs.org/camelize/-/camelize-1.0.1.tgz 0ms (cache hit)
785 http cache commander@https://registry.npmjs.org/commander/-/commander-2.20.3.tgz 0ms (cache hit)
786 http cache callsites@https://registry.npmjs.org/callsites/-/callsites-3.1.0.tgz 0ms (cache hit)
787 http cache chrome-trace-event@https://registry.npmjs.org/chrome-trace-event/-/chrome-trace-event-1.0.4.tgz 0ms (cache hit)
788 http cache chalk@https://registry.npmjs.org/chalk/-/chalk-4.1.2.tgz 0ms (cache hit)
789 http cache browserslist@https://registry.npmjs.org/browserslist/-/browserslist-4.28.2.tgz 0ms (cache hit)
790 http cache caniuse-lite@https://registry.npmjs.org/caniuse-lite/-/caniuse-lite-1.0.30001793.tgz 0ms (cache hit)
791 http cache call-bind@https://registry.npmjs.org/call-bind/-/call-bind-1.0.9.tgz 0ms (cache hit)
792 http cache buffer-from@https://registry.npmjs.org/buffer-from/-/buffer-from-1.1.2.tgz 0ms (cache hit)
793 http cache braces@https://registry.npmjs.org/braces/-/braces-3.0.3.tgz 0ms (cache hit)
794 http cache blake3-wasm@https://registry.npmjs.org/blake3-wasm/-/blake3-wasm-2.1.5.tgz 0ms (cache hit)
795 http cache brace-expansion@https://registry.npmjs.org/brace-expansion/-/brace-expansion-1.1.14.tgz 0ms (cache hit)
796 http cache baseline-browser-mapping@https://registry.npmjs.org/baseline-browser-mapping/-/baseline-browser-mapping-2.10.30.tgz 0ms (cache hit)
797 http cache axe-core@https://registry.npmjs.org/axe-core/-/axe-core-4.11.4.tgz 0ms (cache hit)
798 http cache base64-js@https://registry.npmjs.org/base64-js/-/base64-js-0.0.8.tgz 0ms (cache hit)
799 http cache ast-types-flow@https://registry.npmjs.org/ast-types-flow/-/ast-types-flow-0.0.8.tgz 0ms (cache hit)
800 http cache axobject-query@https://registry.npmjs.org/axobject-query/-/axobject-query-4.1.0.tgz 0ms (cache hit)
801 http cache async-function@https://registry.npmjs.org/async-function/-/async-function-1.0.0.tgz 0ms (cache hit)
802 http cache available-typed-arrays@https://registry.npmjs.org/available-typed-arrays/-/available-typed-arrays-1.0.7.tgz 0ms (cache hit)
803 http cache arraybuffer.prototype.slice@https://registry.npmjs.org/arraybuffer.prototype.slice/-/arraybuffer.prototype.slice-1.0.4.tgz 0ms (cache hit)
804 http cache array.prototype.flatmap@https://registry.npmjs.org/array.prototype.flatmap/-/array.prototype.flatmap-1.3.3.tgz 0ms (cache hit)
805 http cache array.prototype.flat@https://registry.npmjs.org/array.prototype.flat/-/array.prototype.flat-1.3.3.tgz 0ms (cache hit)
806 http cache array.prototype.tosorted@https://registry.npmjs.org/array.prototype.tosorted/-/array.prototype.tosorted-1.1.4.tgz 0ms (cache hit)
807 http cache aria-query@https://registry.npmjs.org/aria-query/-/aria-query-5.3.2.tgz 0ms (cache hit)
808 http cache array.prototype.findlast@https://registry.npmjs.org/array.prototype.findlast/-/array.prototype.findlast-1.2.5.tgz 0ms (cache hit)
809 http cache argparse@https://registry.npmjs.org/argparse/-/argparse-2.0.1.tgz 0ms (cache hit)
810 http cache array-includes@https://registry.npmjs.org/array-includes/-/array-includes-3.1.9.tgz 0ms (cache hit)
811 http cache ajv@https://registry.npmjs.org/ajv/-/ajv-6.15.0.tgz 0ms (cache hit)
812 http cache array-buffer-byte-length@https://registry.npmjs.org/array-buffer-byte-length/-/array-buffer-byte-length-1.0.2.tgz 0ms (cache hit)
813 http cache acorn-loose@https://registry.npmjs.org/acorn-loose/-/acorn-loose-8.5.2.tgz 0ms (cache hit)
814 http cache acorn@https://registry.npmjs.org/acorn/-/acorn-8.16.0.tgz 0ms (cache hit)
815 http cache acorn-import-phases@https://registry.npmjs.org/acorn-import-phases/-/acorn-import-phases-1.0.4.tgz 0ms (cache hit)
816 http cache minimatch@https://registry.npmjs.org/minimatch/-/minimatch-10.2.5.tgz 0ms (cache hit)
817 http cache ajv-formats@https://registry.npmjs.org/ajv-formats/-/ajv-formats-2.1.1.tgz 1ms (cache hit)
818 http cache acorn-jsx@https://registry.npmjs.org/acorn-jsx/-/acorn-jsx-5.3.2.tgz 0ms (cache hit)
819 http cache eslint-visitor-keys@https://registry.npmjs.org/eslint-visitor-keys/-/eslint-visitor-keys-5.0.1.tgz 0ms (cache hit)
820 http cache @rolldown/pluginutils@https://registry.npmjs.org/@rolldown/pluginutils/-/pluginutils-1.0.0-rc.18.tgz 0ms (cache hit)
821 http cache supports-color@https://registry.npmjs.org/supports-color/-/supports-color-10.2.2.tgz 0ms (cache hit)
822 http cache globals@https://registry.npmjs.org/globals/-/globals-14.0.0.tgz 0ms (cache hit)
823 http cache eslint-visitor-keys@https://registry.npmjs.org/eslint-visitor-keys/-/eslint-visitor-keys-3.4.3.tgz 0ms (cache hit)
824 http cache balanced-match@https://registry.npmjs.org/balanced-match/-/balanced-match-4.0.4.tgz 0ms (cache hit)
825 http cache semver@https://registry.npmjs.org/semver/-/semver-7.8.0.tgz 0ms (cache hit)
826 http cache esbuild@https://registry.npmjs.org/esbuild/-/esbuild-0.18.20.tgz 0ms (cache hit)
827 http cache @esbuild/win32-x64@https://registry.npmjs.org/@esbuild/win32-x64/-/win32-x64-0.18.20.tgz 0ms (cache hit)
828 http cache brace-expansion@https://registry.npmjs.org/brace-expansion/-/brace-expansion-5.0.6.tgz 0ms (cache hit)
829 http cache ignore@https://registry.npmjs.org/ignore/-/ignore-7.0.5.tgz 0ms (cache hit)
830 http cache eslint-scope@https://registry.npmjs.org/eslint-scope/-/eslint-scope-5.1.1.tgz 0ms (cache hit)
831 http cache esbuild@https://registry.npmjs.org/esbuild/-/esbuild-0.27.3.tgz 0ms (cache hit)
832 http cache @jridgewell/trace-mapping@https://registry.npmjs.org/@jridgewell/trace-mapping/-/trace-mapping-0.3.9.tgz 0ms (cache hit)
833 http cache estraverse@https://registry.npmjs.org/estraverse/-/estraverse-4.3.0.tgz 0ms (cache hit)
834 http cache fast-glob@https://registry.npmjs.org/fast-glob/-/fast-glob-3.3.3.tgz 0ms (cache hit)
835 http cache picomatch@https://registry.npmjs.org/picomatch/-/picomatch-4.0.4.tgz 1ms (cache hit)
836 http cache lightningcss@https://registry.npmjs.org/lightningcss/-/lightningcss-1.32.0.tgz 0ms (cache hit)
837 http cache lightningcss-win32-x64-msvc@https://registry.npmjs.org/lightningcss-win32-x64-msvc/-/lightningcss-win32-x64-msvc-1.32.0.tgz 0ms (cache hit)
838 http cache es-module-lexer@https://registry.npmjs.org/es-module-lexer/-/es-module-lexer-1.7.0.tgz 0ms (cache hit)
839 http cache fdir@https://registry.npmjs.org/fdir/-/fdir-6.5.0.tgz 0ms (cache hit)
840 http cache glob-parent@https://registry.npmjs.org/glob-parent/-/glob-parent-5.1.2.tgz 0ms (cache hit)
841 http cache picomatch@https://registry.npmjs.org/picomatch/-/picomatch-4.0.4.tgz 0ms (cache hit)
842 http cache ajv-keywords@https://registry.npmjs.org/ajv-keywords/-/ajv-keywords-5.1.0.tgz 0ms (cache hit)
843 http cache js-tokens@https://registry.npmjs.org/js-tokens/-/js-tokens-9.0.1.tgz 0ms (cache hit)
844 http cache glob-parent@https://registry.npmjs.org/glob-parent/-/glob-parent-5.1.2.tgz 0ms (cache hit)
845 http cache semver@https://registry.npmjs.org/semver/-/semver-7.8.0.tgz 0ms (cache hit)
846 http cache ajv@https://registry.npmjs.org/ajv/-/ajv-8.20.0.tgz 0ms (cache hit)
847 http cache esbuild@https://registry.npmjs.org/esbuild/-/esbuild-0.25.12.tgz 0ms (cache hit)
848 http cache supports-color@https://registry.npmjs.org/supports-color/-/supports-color-8.1.1.tgz 0ms (cache hit)
849 http cache ajv@https://registry.npmjs.org/ajv/-/ajv-8.20.0.tgz 0ms (cache hit)
850 http cache @esbuild/win32-x64@https://registry.npmjs.org/@esbuild/win32-x64/-/win32-x64-0.25.12.tgz 0ms (cache hit)
851 silly tarball no local data for @webassemblyjs/wasm-opt@https://registry.npmjs.org/@webassemblyjs/wasm-opt/-/wasm-opt-1.14.1.tgz. Extracting by manifest.
852 silly tarball no local data for @emnapi/wasi-threads@https://registry.npmjs.org/@emnapi/wasi-threads/-/wasi-threads-1.2.1.tgz. Extracting by manifest.
853 silly tarball no local data for @xtuc/ieee754@https://registry.npmjs.org/@xtuc/ieee754/-/ieee754-1.2.0.tgz. Extracting by manifest.
854 silly tarball no local data for typescript@https://registry.npmjs.org/typescript/-/typescript-5.9.3.tgz. Extracting by manifest.
855 silly tarball no local data for which@https://registry.npmjs.org/which/-/which-2.0.2.tgz. Extracting by manifest.
856 silly tarball no local data for @webassemblyjs/wast-printer@https://registry.npmjs.org/@webassemblyjs/wast-printer/-/wast-printer-1.14.1.tgz. Extracting by manifest.
857 silly tarball no local data for @xtuc/long@https://registry.npmjs.org/@xtuc/long/-/long-4.2.2.tgz. Extracting by manifest.
858 silly tarball no local data for @webassemblyjs/wasm-parser@https://registry.npmjs.org/@webassemblyjs/wasm-parser/-/wasm-parser-1.14.1.tgz. Extracting by manifest.
859 silly tarball no local data for @webassemblyjs/utf8@https://registry.npmjs.org/@webassemblyjs/utf8/-/utf8-1.13.2.tgz. Extracting by manifest.
860 silly tarball no local data for @webassemblyjs/wasm-gen@https://registry.npmjs.org/@webassemblyjs/wasm-gen/-/wasm-gen-1.14.1.tgz. Extracting by manifest.
861 silly tarball no local data for @webassemblyjs/wasm-edit@https://registry.npmjs.org/@webassemblyjs/wasm-edit/-/wasm-edit-1.14.1.tgz. Extracting by manifest.
862 silly tarball no local data for @webassemblyjs/leb128@https://registry.npmjs.org/@webassemblyjs/leb128/-/leb128-1.13.2.tgz. Extracting by manifest.
863 silly tarball no local data for @webassemblyjs/ieee754@https://registry.npmjs.org/@webassemblyjs/ieee754/-/ieee754-1.13.2.tgz. Extracting by manifest.
864 silly tarball no local data for @webassemblyjs/helper-wasm-section@https://registry.npmjs.org/@webassemblyjs/helper-wasm-section/-/helper-wasm-section-1.14.1.tgz. Extracting by manifest.
865 silly tarball no local data for @webassemblyjs/helper-buffer@https://registry.npmjs.org/@webassemblyjs/helper-buffer/-/helper-buffer-1.14.1.tgz. Extracting by manifest.
866 silly tarball no local data for @webassemblyjs/helper-numbers@https://registry.npmjs.org/@webassemblyjs/helper-numbers/-/helper-numbers-1.13.2.tgz. Extracting by manifest.
867 silly tarball no local data for @vitejs/plugin-react@https://registry.npmjs.org/@vitejs/plugin-react/-/plugin-react-6.0.2.tgz. Extracting by manifest.
868 silly tarball no local data for @webassemblyjs/helper-wasm-bytecode@https://registry.npmjs.org/@webassemblyjs/helper-wasm-bytecode/-/helper-wasm-bytecode-1.13.2.tgz. Extracting by manifest.
869 silly tarball no local data for @vitejs/plugin-rsc@https://registry.npmjs.org/@vitejs/plugin-rsc/-/plugin-rsc-0.5.26.tgz. Extracting by manifest.
870 silly tarball no local data for @webassemblyjs/floating-point-hex-parser@https://registry.npmjs.org/@webassemblyjs/floating-point-hex-parser/-/floating-point-hex-parser-1.13.2.tgz. Extracting by manifest.
871 silly tarball no local data for @vinext/types@https://registry.npmjs.org/@vinext/types/-/types-1.0.0-beta.2.tgz. Extracting by manifest.
872 silly tarball no local data for @webassemblyjs/ast@https://registry.npmjs.org/@webassemblyjs/ast/-/ast-1.14.1.tgz. Extracting by manifest.
873 silly tarball no local data for @webassemblyjs/helper-api-error@https://registry.npmjs.org/@webassemblyjs/helper-api-error/-/helper-api-error-1.13.2.tgz. Extracting by manifest.
874 silly tarball no local data for @vercel/og@https://registry.npmjs.org/@vercel/og/-/og-0.8.6.tgz. Extracting by manifest.
875 silly tarball no local data for @unpic/react@https://registry.npmjs.org/@unpic/react/-/react-1.0.2.tgz. Extracting by manifest.
876 silly tarball no local data for @types/react-dom@https://registry.npmjs.org/@types/react-dom/-/react-dom-19.2.3.tgz. Extracting by manifest.
877 silly tarball no local data for @types/node@https://registry.npmjs.org/@types/node/-/node-22.19.19.tgz. Extracting by manifest.
878 silly tarball no local data for @unpic/core@https://registry.npmjs.org/@unpic/core/-/core-1.0.3.tgz. Extracting by manifest.
879 silly tarball no local data for @types/eslint@https://registry.npmjs.org/@types/eslint/-/eslint-9.6.1.tgz. Extracting by manifest.
880 silly tarball no local data for @types/estree@https://registry.npmjs.org/@types/estree/-/estree-1.0.9.tgz. Extracting by manifest.
881 silly tarball no local data for @types/json-schema@https://registry.npmjs.org/@types/json-schema/-/json-schema-7.0.15.tgz. Extracting by manifest.
882 silly tarball no local data for @types/eslint-scope@https://registry.npmjs.org/@types/eslint-scope/-/eslint-scope-3.7.7.tgz. Extracting by manifest.
883 silly tarball no local data for @typescript-eslint/visitor-keys@https://registry.npmjs.org/@typescript-eslint/visitor-keys/-/visitor-keys-8.59.3.tgz. Extracting by manifest.
884 silly tarball no local data for @typescript-eslint/typescript-estree@https://registry.npmjs.org/@typescript-eslint/typescript-estree/-/typescript-estree-8.59.3.tgz. Extracting by manifest.
885 silly tarball no local data for @typescript-eslint/utils@https://registry.npmjs.org/@typescript-eslint/utils/-/utils-8.59.3.tgz. Extracting by manifest.
886 silly tarball no local data for @typescript-eslint/type-utils@https://registry.npmjs.org/@typescript-eslint/type-utils/-/type-utils-8.59.3.tgz. Extracting by manifest.
887 silly tarball no local data for @typescript-eslint/types@https://registry.npmjs.org/@typescript-eslint/types/-/types-8.59.3.tgz. Extracting by manifest.
888 silly tarball no local data for @typescript-eslint/scope-manager@https://registry.npmjs.org/@typescript-eslint/scope-manager/-/scope-manager-8.59.3.tgz. Extracting by manifest.
889 silly tarball no local data for @typescript-eslint/tsconfig-utils@https://registry.npmjs.org/@typescript-eslint/tsconfig-utils/-/tsconfig-utils-8.59.3.tgz. Extracting by manifest.
890 silly tarball no local data for @typescript-eslint/eslint-plugin@https://registry.npmjs.org/@typescript-eslint/eslint-plugin/-/eslint-plugin-8.59.3.tgz. Extracting by manifest.
891 silly tarball no local data for @typescript-eslint/project-service@https://registry.npmjs.org/@typescript-eslint/project-service/-/project-service-8.59.3.tgz. Extracting by manifest.
892 silly tarball no local data for @speed-highlight/core@https://registry.npmjs.org/@speed-highlight/core/-/core-1.2.15.tgz. Extracting by manifest.
893 silly tarball no local data for @typescript-eslint/parser@https://registry.npmjs.org/@typescript-eslint/parser/-/parser-8.59.3.tgz. Extracting by manifest.
894 silly tarball no local data for @shuding/opentype.js@https://registry.npmjs.org/@shuding/opentype.js/-/opentype.js-1.4.0-beta.0.tgz. Extracting by manifest.
895 silly tarball no local data for @tailwindcss/postcss@https://registry.npmjs.org/@tailwindcss/postcss/-/postcss-4.2.1.tgz. Extracting by manifest.
896 silly tarball no local data for @tailwindcss/oxide@https://registry.npmjs.org/@tailwindcss/oxide/-/oxide-4.2.1.tgz. Extracting by manifest.
897 silly tarball no local data for @tailwindcss/node@https://registry.npmjs.org/@tailwindcss/node/-/node-4.2.1.tgz. Extracting by manifest.
898 silly tarball no local data for @resvg/resvg-wasm@https://registry.npmjs.org/@resvg/resvg-wasm/-/resvg-wasm-2.4.0.tgz. Extracting by manifest.
899 silly tarball no local data for @tailwindcss/oxide-win32-x64-msvc@https://registry.npmjs.org/@tailwindcss/oxide-win32-x64-msvc/-/oxide-win32-x64-msvc-4.2.1.tgz. Extracting by manifest.
900 silly tarball no local data for @sindresorhus/is@https://registry.npmjs.org/@sindresorhus/is/-/is-7.2.0.tgz. Extracting by manifest.
901 silly tarball no local data for @nodelib/fs.walk@https://registry.npmjs.org/@nodelib/fs.walk/-/fs.walk-1.2.8.tgz. Extracting by manifest.
902 silly tarball no local data for @poppinss/exception@https://registry.npmjs.org/@poppinss/exception/-/exception-1.2.3.tgz. Extracting by manifest.
903 silly tarball no local data for @nodelib/fs.stat@https://registry.npmjs.org/@nodelib/fs.stat/-/fs.stat-2.0.5.tgz. Extracting by manifest.
904 silly tarball no local data for @rolldown/binding-win32-x64-msvc@https://registry.npmjs.org/@rolldown/binding-win32-x64-msvc/-/binding-win32-x64-msvc-1.0.1.tgz. Extracting by manifest.
905 silly tarball no local data for @rolldown/pluginutils@https://registry.npmjs.org/@rolldown/pluginutils/-/pluginutils-1.0.1.tgz. Extracting by manifest.
906 silly tarball no local data for @poppinss/dumper@https://registry.npmjs.org/@poppinss/dumper/-/dumper-0.6.5.tgz. Extracting by manifest.
907 silly tarball no local data for @nodelib/fs.scandir@https://registry.npmjs.org/@nodelib/fs.scandir/-/fs.scandir-2.1.5.tgz. Extracting by manifest.
908 silly tarball no local data for @next/eslint-plugin-next@https://registry.npmjs.org/@next/eslint-plugin-next/-/eslint-plugin-next-16.2.6.tgz. Extracting by manifest.
909 silly tarball no local data for @poppinss/colors@https://registry.npmjs.org/@poppinss/colors/-/colors-4.1.6.tgz. Extracting by manifest.
910 silly tarball no local data for @oxc-project/types@https://registry.npmjs.org/@oxc-project/types/-/types-0.130.0.tgz. Extracting by manifest.
911 silly tarball no local data for @jridgewell/trace-mapping@https://registry.npmjs.org/@jridgewell/trace-mapping/-/trace-mapping-0.3.31.tgz. Extracting by manifest.
912 silly tarball no local data for @jridgewell/source-map@https://registry.npmjs.org/@jridgewell/source-map/-/source-map-0.3.11.tgz. Extracting by manifest.
913 silly tarball no local data for @jridgewell/sourcemap-codec@https://registry.npmjs.org/@jridgewell/sourcemap-codec/-/sourcemap-codec-1.5.5.tgz. Extracting by manifest.
914 silly tarball no local data for @img/sharp-win32-x64@https://registry.npmjs.org/@img/sharp-win32-x64/-/sharp-win32-x64-0.34.5.tgz. Extracting by manifest.
915 silly tarball no local data for @img/colour@https://registry.npmjs.org/@img/colour/-/colour-1.1.0.tgz. Extracting by manifest.
916 silly tarball no local data for @jridgewell/resolve-uri@https://registry.npmjs.org/@jridgewell/resolve-uri/-/resolve-uri-3.1.2.tgz. Extracting by manifest.
917 silly tarball no local data for @humanfs/types@https://registry.npmjs.org/@humanfs/types/-/types-0.15.0.tgz. Extracting by manifest.
918 silly tarball no local data for @jridgewell/remapping@https://registry.npmjs.org/@jridgewell/remapping/-/remapping-2.3.5.tgz. Extracting by manifest.
919 silly tarball no local data for @jridgewell/gen-mapping@https://registry.npmjs.org/@jridgewell/gen-mapping/-/gen-mapping-0.3.13.tgz. Extracting by manifest.
920 silly tarball no local data for @humanwhocodes/retry@https://registry.npmjs.org/@humanwhocodes/retry/-/retry-0.4.3.tgz. Extracting by manifest.
921 silly tarball no local data for @humanfs/node@https://registry.npmjs.org/@humanfs/node/-/node-0.16.8.tgz. Extracting by manifest.
922 silly tarball no local data for @humanwhocodes/module-importer@https://registry.npmjs.org/@humanwhocodes/module-importer/-/module-importer-1.0.1.tgz. Extracting by manifest.
923 silly tarball no local data for @eslint/js@https://registry.npmjs.org/@eslint/js/-/js-9.39.4.tgz. Extracting by manifest.
924 silly tarball no local data for @humanfs/core@https://registry.npmjs.org/@humanfs/core/-/core-0.19.2.tgz. Extracting by manifest.
925 silly tarball no local data for @eslint/object-schema@https://registry.npmjs.org/@eslint/object-schema/-/object-schema-2.1.7.tgz. Extracting by manifest.
926 silly tarball no local data for @eslint/eslintrc@https://registry.npmjs.org/@eslint/eslintrc/-/eslintrc-3.3.5.tgz. Extracting by manifest.
927 silly tarball no local data for @eslint/plugin-kit@https://registry.npmjs.org/@eslint/plugin-kit/-/plugin-kit-0.4.1.tgz. Extracting by manifest.
928 silly tarball no local data for @eslint/core@https://registry.npmjs.org/@eslint/core/-/core-0.17.0.tgz. Extracting by manifest.
929 silly tarball no local data for @eslint/config-helpers@https://registry.npmjs.org/@eslint/config-helpers/-/config-helpers-0.4.2.tgz. Extracting by manifest.
930 silly tarball no local data for @eslint-community/eslint-utils@https://registry.npmjs.org/@eslint-community/eslint-utils/-/eslint-utils-4.9.1.tgz. Extracting by manifest.
931 silly tarball no local data for @esbuild/win32-x64@https://registry.npmjs.org/@esbuild/win32-x64/-/win32-x64-0.28.0.tgz. Extracting by manifest.
932 silly tarball no local data for @cloudflare/vite-plugin@https://registry.npmjs.org/@cloudflare/vite-plugin/-/vite-plugin-1.37.1.tgz. Extracting by manifest.
933 silly tarball no local data for @eslint-community/regexpp@https://registry.npmjs.org/@eslint-community/regexpp/-/regexpp-4.12.2.tgz. Extracting by manifest.
934 silly tarball no local data for @eslint/config-array@https://registry.npmjs.org/@eslint/config-array/-/config-array-0.21.2.tgz. Extracting by manifest.
935 silly tarball no local data for @drizzle-team/brocli@https://registry.npmjs.org/@drizzle-team/brocli/-/brocli-0.10.2.tgz. Extracting by manifest.
936 silly tarball no local data for @cloudflare/workerd-windows-64@https://registry.npmjs.org/@cloudflare/workerd-windows-64/-/workerd-windows-64-1.20260515.1.tgz. Extracting by manifest.
937 silly tarball no local data for @cloudflare/unenv-preset@https://registry.npmjs.org/@cloudflare/unenv-preset/-/unenv-preset-2.16.1.tgz. Extracting by manifest.
938 silly tarball no local data for @esbuild-kit/core-utils@https://registry.npmjs.org/@esbuild-kit/core-utils/-/core-utils-3.3.2.tgz. Extracting by manifest.
939 silly tarball no local data for @esbuild-kit/esm-loader@https://registry.npmjs.org/@esbuild-kit/esm-loader/-/esm-loader-2.6.5.tgz. Extracting by manifest.
940 silly tarball no local data for @alloc/quick-lru@https://registry.npmjs.org/@alloc/quick-lru/-/quick-lru-5.2.0.tgz. Extracting by manifest.
941 silly tarball no local data for @cspotcode/source-map-support@https://registry.npmjs.org/@cspotcode/source-map-support/-/source-map-support-0.8.1.tgz. Extracting by manifest.
942 silly tarball no local data for @cloudflare/kv-asset-handler@https://registry.npmjs.org/@cloudflare/kv-asset-handler/-/kv-asset-handler-0.5.0.tgz. Extracting by manifest.
943 silly tarball no local data for @babel/parser@https://registry.npmjs.org/@babel/parser/-/parser-7.29.3.tgz. Extracting by manifest.
944 silly tarball no local data for @babel/types@https://registry.npmjs.org/@babel/types/-/types-7.29.0.tgz. Extracting by manifest.
945 silly tarball no local data for @babel/template@https://registry.npmjs.org/@babel/template/-/template-7.28.6.tgz. Extracting by manifest.
946 silly tarball no local data for @babel/traverse@https://registry.npmjs.org/@babel/traverse/-/traverse-7.29.0.tgz. Extracting by manifest.
947 silly tarball no local data for @babel/helpers@https://registry.npmjs.org/@babel/helpers/-/helpers-7.29.2.tgz. Extracting by manifest.
948 silly tarball no local data for @babel/helper-validator-identifier@https://registry.npmjs.org/@babel/helper-validator-identifier/-/helper-validator-identifier-7.28.5.tgz. Extracting by manifest.
949 silly tarball no local data for @babel/helper-validator-option@https://registry.npmjs.org/@babel/helper-validator-option/-/helper-validator-option-7.27.1.tgz. Extracting by manifest.
950 silly tarball no local data for @babel/helper-module-imports@https://registry.npmjs.org/@babel/helper-module-imports/-/helper-module-imports-7.28.6.tgz. Extracting by manifest.
951 silly tarball no local data for @babel/helper-string-parser@https://registry.npmjs.org/@babel/helper-string-parser/-/helper-string-parser-7.27.1.tgz. Extracting by manifest.
952 silly tarball no local data for zod-validation-error@https://registry.npmjs.org/zod-validation-error/-/zod-validation-error-4.0.2.tgz. Extracting by manifest.
953 silly tarball no local data for zod@https://registry.npmjs.org/zod/-/zod-4.4.3.tgz. Extracting by manifest.
954 silly tarball no local data for @babel/helper-globals@https://registry.npmjs.org/@babel/helper-globals/-/helper-globals-7.28.0.tgz. Extracting by manifest.
955 silly tarball no local data for @babel/helper-module-transforms@https://registry.npmjs.org/@babel/helper-module-transforms/-/helper-module-transforms-7.28.6.tgz. Extracting by manifest.
956 silly tarball no local data for @babel/helper-compilation-targets@https://registry.npmjs.org/@babel/helper-compilation-targets/-/helper-compilation-targets-7.28.6.tgz. Extracting by manifest.
957 silly tarball no local data for @babel/generator@https://registry.npmjs.org/@babel/generator/-/generator-7.29.1.tgz. Extracting by manifest.
958 silly tarball no local data for youch@https://registry.npmjs.org/youch/-/youch-4.1.0-beta.10.tgz. Extracting by manifest.
959 silly tarball no local data for @babel/core@https://registry.npmjs.org/@babel/core/-/core-7.29.0.tgz. Extracting by manifest.
960 silly tarball no local data for @babel/code-frame@https://registry.npmjs.org/@babel/code-frame/-/code-frame-7.29.0.tgz. Extracting by manifest.
961 silly tarball no local data for @babel/compat-data@https://registry.npmjs.org/@babel/compat-data/-/compat-data-7.29.3.tgz. Extracting by manifest.
962 silly tarball no local data for yoga-layout@https://registry.npmjs.org/yoga-layout/-/yoga-layout-3.2.1.tgz. Extracting by manifest.
963 silly tarball no local data for yallist@https://registry.npmjs.org/yallist/-/yallist-3.1.1.tgz. Extracting by manifest.
964 silly tarball no local data for yocto-queue@https://registry.npmjs.org/yocto-queue/-/yocto-queue-0.1.0.tgz. Extracting by manifest.
965 silly tarball no local data for youch-core@https://registry.npmjs.org/youch-core/-/youch-core-0.3.3.tgz. Extracting by manifest.
966 silly tarball no local data for wrangler@https://registry.npmjs.org/wrangler/-/wrangler-4.92.0.tgz. Extracting by manifest.
967 silly tarball no local data for workerd@https://registry.npmjs.org/workerd/-/workerd-1.20260515.1.tgz. Extracting by manifest.
968 silly tarball no local data for which-typed-array@https://registry.npmjs.org/which-typed-array/-/which-typed-array-1.1.20.tgz. Extracting by manifest.
969 silly tarball no local data for ws@https://registry.npmjs.org/ws/-/ws-8.18.0.tgz. Extracting by manifest.
970 silly tarball no local data for vitefu@https://registry.npmjs.org/vitefu/-/vitefu-1.1.3.tgz. Extracting by manifest.
971 silly tarball no local data for word-wrap@https://registry.npmjs.org/word-wrap/-/word-wrap-1.2.5.tgz. Extracting by manifest.
972 silly tarball no local data for webpack-sources@https://registry.npmjs.org/webpack-sources/-/webpack-sources-3.4.1.tgz. Extracting by manifest.
973 silly tarball no local data for which-builtin-type@https://registry.npmjs.org/which-builtin-type/-/which-builtin-type-1.2.1.tgz. Extracting by manifest.
974 silly tarball no local data for which-collection@https://registry.npmjs.org/which-collection/-/which-collection-1.0.2.tgz. Extracting by manifest.
975 silly tarball no local data for web-vitals@https://registry.npmjs.org/web-vitals/-/web-vitals-4.2.4.tgz. Extracting by manifest.
976 silly tarball no local data for which-boxed-primitive@https://registry.npmjs.org/which-boxed-primitive/-/which-boxed-primitive-1.1.1.tgz. Extracting by manifest.
977 silly tarball no local data for watchpack@https://registry.npmjs.org/watchpack/-/watchpack-2.5.1.tgz. Extracting by manifest.
978 silly tarball no local data for webpack@https://registry.npmjs.org/webpack/-/webpack-5.106.2.tgz. Extracting by manifest.
979 silly tarball no local data for vinext@https://registry.npmjs.org/vinext/-/vinext-1.0.0-beta.2.tgz. Extracting by manifest.
980 silly tarball no local data for vite@https://registry.npmjs.org/vite/-/vite-8.0.13.tgz. Extracting by manifest.
981 silly tarball no local data for vite-plugin-commonjs@https://registry.npmjs.org/vite-plugin-commonjs/-/vite-plugin-commonjs-0.10.4.tgz. Extracting by manifest.
982 silly tarball no local data for vite-plugin-dynamic-import@https://registry.npmjs.org/vite-plugin-dynamic-import/-/vite-plugin-dynamic-import-1.6.0.tgz. Extracting by manifest.
983 silly tarball no local data for uri-js@https://registry.npmjs.org/uri-js/-/uri-js-4.4.1.tgz. Extracting by manifest.
984 silly tarball no local data for update-browserslist-db@https://registry.npmjs.org/update-browserslist-db/-/update-browserslist-db-1.2.3.tgz. Extracting by manifest.
985 silly tarball no local data for unpic@https://registry.npmjs.org/unpic/-/unpic-4.2.2.tgz. Extracting by manifest.
986 silly tarball no local data for unicode-trie@https://registry.npmjs.org/unicode-trie/-/unicode-trie-2.0.0.tgz. Extracting by manifest.
987 silly tarball no local data for unbox-primitive@https://registry.npmjs.org/unbox-primitive/-/unbox-primitive-1.1.0.tgz. Extracting by manifest.
988 silly tarball no local data for unenv@https://registry.npmjs.org/unenv/-/unenv-2.0.0-rc.24.tgz. Extracting by manifest.
989 silly tarball no local data for typed-array-byte-length@https://registry.npmjs.org/typed-array-byte-length/-/typed-array-byte-length-1.0.3.tgz. Extracting by manifest.
990 silly tarball no local data for typescript-eslint@https://registry.npmjs.org/typescript-eslint/-/typescript-eslint-8.59.3.tgz. Extracting by manifest.
991 silly tarball no local data for undici@https://registry.npmjs.org/undici/-/undici-7.24.8.tgz. Extracting by manifest.
992 silly tarball no local data for typed-array-buffer@https://registry.npmjs.org/typed-array-buffer/-/typed-array-buffer-1.0.3.tgz. Extracting by manifest.
993 silly tarball no local data for typed-array-byte-offset@https://registry.npmjs.org/typed-array-byte-offset/-/typed-array-byte-offset-1.0.4.tgz. Extracting by manifest.
994 silly tarball no local data for type-check@https://registry.npmjs.org/type-check/-/type-check-0.4.0.tgz. Extracting by manifest.
995 silly tarball no local data for typed-array-length@https://registry.npmjs.org/typed-array-length/-/typed-array-length-1.0.7.tgz. Extracting by manifest.
996 silly tarball no local data for turbo-stream@https://registry.npmjs.org/turbo-stream/-/turbo-stream-3.2.0.tgz. Extracting by manifest.
997 silly tarball no local data for tslib@https://registry.npmjs.org/tslib/-/tslib-2.8.1.tgz. Extracting by manifest.
998 silly tarball no local data for terser-webpack-plugin@https://registry.npmjs.org/terser-webpack-plugin/-/terser-webpack-plugin-5.6.0.tgz. Extracting by manifest.
999 silly tarball no local data for ts-api-utils@https://registry.npmjs.org/ts-api-utils/-/ts-api-utils-2.5.0.tgz. Extracting by manifest.
1000 silly tarball no local data for tsx@https://registry.npmjs.org/tsx/-/tsx-4.22.1.tgz. Extracting by manifest.
1001 silly tarball no local data for tapable@https://registry.npmjs.org/tapable/-/tapable-2.3.3.tgz. Extracting by manifest.
1002 silly tarball no local data for tiny-inflate@https://registry.npmjs.org/tiny-inflate/-/tiny-inflate-1.0.3.tgz. Extracting by manifest.
1003 silly tarball no local data for to-regex-range@https://registry.npmjs.org/to-regex-range/-/to-regex-range-5.0.1.tgz. Extracting by manifest.
1004 silly tarball no local data for tinyglobby@https://registry.npmjs.org/tinyglobby/-/tinyglobby-0.2.16.tgz. Extracting by manifest.
1005 silly tarball no local data for terser@https://registry.npmjs.org/terser/-/terser-5.47.1.tgz. Extracting by manifest.
1006 silly tarball no local data for tailwindcss@https://registry.npmjs.org/tailwindcss/-/tailwindcss-4.2.1.tgz. Extracting by manifest.
1007 silly tarball no local data for supports-preserve-symlinks-flag@https://registry.npmjs.org/supports-preserve-symlinks-flag/-/supports-preserve-symlinks-flag-1.0.0.tgz. Extracting by manifest.
1008 silly tarball no local data for supports-color@https://registry.npmjs.org/supports-color/-/supports-color-7.2.0.tgz. Extracting by manifest.
1009 silly tarball no local data for string.prototype.trimstart@https://registry.npmjs.org/string.prototype.trimstart/-/string.prototype.trimstart-1.0.8.tgz. Extracting by manifest.
1010 silly tarball no local data for strip-json-comments@https://registry.npmjs.org/strip-json-comments/-/strip-json-comments-3.1.1.tgz. Extracting by manifest.
1011 silly tarball no local data for strip-literal@https://registry.npmjs.org/strip-literal/-/strip-literal-3.1.0.tgz. Extracting by manifest.
1012 silly tarball no local data for string.prototype.repeat@https://registry.npmjs.org/string.prototype.repeat/-/string.prototype.repeat-1.0.0.tgz. Extracting by manifest.
1013 silly tarball no local data for string.prototype.trim@https://registry.npmjs.org/string.prototype.trim/-/string.prototype.trim-1.2.10.tgz. Extracting by manifest.
1014 silly tarball no local data for string.prototype.trimend@https://registry.npmjs.org/string.prototype.trimend/-/string.prototype.trimend-1.0.9.tgz. Extracting by manifest.
1015 silly tarball no local data for string.prototype.matchall@https://registry.npmjs.org/string.prototype.matchall/-/string.prototype.matchall-4.0.12.tgz. Extracting by manifest.
1016 silly tarball no local data for source-map-support@https://registry.npmjs.org/source-map-support/-/source-map-support-0.5.21.tgz. Extracting by manifest.
1017 silly tarball no local data for string.prototype.codepointat@https://registry.npmjs.org/string.prototype.codepointat/-/string.prototype.codepointat-0.2.1.tgz. Extracting by manifest.
1018 silly tarball no local data for source-map-js@https://registry.npmjs.org/source-map-js/-/source-map-js-1.2.1.tgz. Extracting by manifest.
1019 silly tarball no local data for string.prototype.includes@https://registry.npmjs.org/string.prototype.includes/-/string.prototype.includes-2.0.1.tgz. Extracting by manifest.
1020 silly tarball no local data for stop-iteration-iterator@https://registry.npmjs.org/stop-iteration-iterator/-/stop-iteration-iterator-1.1.0.tgz. Extracting by manifest.
1021 silly tarball no local data for source-map@https://registry.npmjs.org/source-map/-/source-map-0.6.1.tgz. Extracting by manifest.
1022 silly tarball no local data for side-channel-list@https://registry.npmjs.org/side-channel-list/-/side-channel-list-1.0.1.tgz. Extracting by manifest.
1023 silly tarball no local data for set-function-name@https://registry.npmjs.org/set-function-name/-/set-function-name-2.0.2.tgz. Extracting by manifest.
1024 silly tarball no local data for srvx@https://registry.npmjs.org/srvx/-/srvx-0.11.15.tgz. Extracting by manifest.
1025 silly tarball no local data for sharp@https://registry.npmjs.org/sharp/-/sharp-0.34.5.tgz. Extracting by manifest.
1026 silly tarball no local data for set-function-length@https://registry.npmjs.org/set-function-length/-/set-function-length-1.2.2.tgz. Extracting by manifest.
1027 silly tarball no local data for schema-utils@https://registry.npmjs.org/schema-utils/-/schema-utils-4.3.3.tgz. Extracting by manifest.
1028 silly tarball no local data for safe-regex-test@https://registry.npmjs.org/safe-regex-test/-/safe-regex-test-1.1.0.tgz. Extracting by manifest.
1029 silly tarball no local data for semver@https://registry.npmjs.org/semver/-/semver-6.3.1.tgz. Extracting by manifest.
1030 silly tarball no local data for set-proto@https://registry.npmjs.org/set-proto/-/set-proto-1.0.0.tgz. Extracting by manifest.
1031 silly tarball no local data for scheduler@https://registry.npmjs.org/scheduler/-/scheduler-0.27.0.tgz. Extracting by manifest.
1032 silly tarball no local data for run-parallel@https://registry.npmjs.org/run-parallel/-/run-parallel-1.2.0.tgz. Extracting by manifest.
1033 silly tarball no local data for satori@https://registry.npmjs.org/satori/-/satori-0.16.0.tgz. Extracting by manifest.
1034 silly tarball no local data for rolldown@https://registry.npmjs.org/rolldown/-/rolldown-1.0.1.tgz. Extracting by manifest.
1035 silly tarball no local data for safe-push-apply@https://registry.npmjs.org/safe-push-apply/-/safe-push-apply-1.0.0.tgz. Extracting by manifest.
1036 silly tarball no local data for resolve-from@https://registry.npmjs.org/resolve-from/-/resolve-from-4.0.0.tgz. Extracting by manifest.
1037 silly tarball no local data for safe-array-concat@https://registry.npmjs.org/safe-array-concat/-/safe-array-concat-1.1.4.tgz. Extracting by manifest.
1038 silly tarball no local data for reusify@https://registry.npmjs.org/reusify/-/reusify-1.1.0.tgz. Extracting by manifest.
1039 silly tarball no local data for react-server-dom-webpack@https://registry.npmjs.org/react-server-dom-webpack/-/react-server-dom-webpack-19.2.6.tgz. Extracting by manifest.
1040 silly tarball no local data for regexp.prototype.flags@https://registry.npmjs.org/regexp.prototype.flags/-/regexp.prototype.flags-1.5.4.tgz. Extracting by manifest.
1041 silly tarball no local data for resolve@https://registry.npmjs.org/resolve/-/resolve-2.0.0-next.7.tgz. Extracting by manifest.
1042 silly tarball no local data for react-is@https://registry.npmjs.org/react-is/-/react-is-16.13.1.tgz. Extracting by manifest.
1043 silly tarball no local data for reflect.getprototypeof@https://registry.npmjs.org/reflect.getprototypeof/-/reflect.getprototypeof-1.0.10.tgz. Extracting by manifest.
1044 silly tarball no local data for queue-microtask@https://registry.npmjs.org/queue-microtask/-/queue-microtask-1.2.3.tgz. Extracting by manifest.
1045 silly tarball no local data for react-loading-skeleton@https://registry.npmjs.org/react-loading-skeleton/-/react-loading-skeleton-3.5.0.tgz. Extracting by manifest.
1046 silly tarball no local data for punycode@https://registry.npmjs.org/punycode/-/punycode-2.3.1.tgz. Extracting by manifest.
1047 silly tarball no local data for prop-types@https://registry.npmjs.org/prop-types/-/prop-types-15.8.1.tgz. Extracting by manifest.
1048 silly tarball no local data for postcss-value-parser@https://registry.npmjs.org/postcss-value-parser/-/postcss-value-parser-4.2.0.tgz. Extracting by manifest.
1049 silly tarball no local data for react-dom@https://registry.npmjs.org/react-dom/-/react-dom-19.2.6.tgz. Extracting by manifest.
1050 silly tarball no local data for react@https://registry.npmjs.org/react/-/react-19.2.6.tgz. Extracting by manifest.
1051 silly tarball no local data for picomatch@https://registry.npmjs.org/picomatch/-/picomatch-2.3.2.tgz. Extracting by manifest.
1052 silly tarball no local data for prelude-ls@https://registry.npmjs.org/prelude-ls/-/prelude-ls-1.2.1.tgz. Extracting by manifest.
1053 silly tarball no local data for pathe@https://registry.npmjs.org/pathe/-/pathe-2.0.3.tgz. Extracting by manifest.
1054 silly tarball no local data for postcss@https://registry.npmjs.org/postcss/-/postcss-8.5.14.tgz. Extracting by manifest.
1055 silly tarball no local data for possible-typed-array-names@https://registry.npmjs.org/possible-typed-array-names/-/possible-typed-array-names-1.1.0.tgz. Extracting by manifest.
1056 silly tarball no local data for path-to-regexp@https://registry.npmjs.org/path-to-regexp/-/path-to-regexp-6.3.0.tgz. Extracting by manifest.
1057 silly tarball no local data for path-parse@https://registry.npmjs.org/path-parse/-/path-parse-1.0.7.tgz. Extracting by manifest.
1058 silly tarball no local data for picocolors@https://registry.npmjs.org/picocolors/-/picocolors-1.1.1.tgz. Extracting by manifest.
1059 silly tarball no local data for parse-css-color@https://registry.npmjs.org/parse-css-color/-/parse-css-color-0.2.1.tgz. Extracting by manifest.
1060 silly tarball no local data for pako@https://registry.npmjs.org/pako/-/pako-0.2.9.tgz. Extracting by manifest.
1061 silly tarball no local data for p-locate@https://registry.npmjs.org/p-locate/-/p-locate-5.0.0.tgz. Extracting by manifest.
1062 silly tarball no local data for own-keys@https://registry.npmjs.org/own-keys/-/own-keys-1.0.1.tgz. Extracting by manifest.
1063 silly tarball no local data for path-exists@https://registry.npmjs.org/path-exists/-/path-exists-4.0.0.tgz. Extracting by manifest.
1064 silly tarball no local data for parent-module@https://registry.npmjs.org/parent-module/-/parent-module-1.0.1.tgz. Extracting by manifest.
1065 silly tarball no local data for p-limit@https://registry.npmjs.org/p-limit/-/p-limit-3.1.0.tgz. Extracting by manifest.
1066 silly tarball no local data for optionator@https://registry.npmjs.org/optionator/-/optionator-0.9.4.tgz. Extracting by manifest.
1067 silly tarball no local data for object.values@https://registry.npmjs.org/object.values/-/object.values-1.2.1.tgz. Extracting by manifest.
1068 silly tarball no local data for object.entries@https://registry.npmjs.org/object.entries/-/object.entries-1.1.9.tgz. Extracting by manifest.
1069 silly tarball no local data for object.fromentries@https://registry.npmjs.org/object.fromentries/-/object.fromentries-2.0.8.tgz. Extracting by manifest.
1070 silly tarball no local data for node-releases@https://registry.npmjs.org/node-releases/-/node-releases-2.0.44.tgz. Extracting by manifest.
1071 silly tarball no local data for object.assign@https://registry.npmjs.org/object.assign/-/object.assign-4.1.7.tgz. Extracting by manifest.
1072 silly tarball no local data for object-keys@https://registry.npmjs.org/object-keys/-/object-keys-1.1.1.tgz. Extracting by manifest.
1073 silly tarball no local data for node-exports-info@https://registry.npmjs.org/node-exports-info/-/node-exports-info-1.6.0.tgz. Extracting by manifest.
1074 silly tarball no local data for natural-compare@https://registry.npmjs.org/natural-compare/-/natural-compare-1.4.0.tgz. Extracting by manifest.
1075 silly tarball no local data for miniflare@https://registry.npmjs.org/miniflare/-/miniflare-4.20260515.0.tgz. Extracting by manifest.
1076 silly tarball no local data for neo-async@https://registry.npmjs.org/neo-async/-/neo-async-2.6.2.tgz. Extracting by manifest.
1077 silly tarball no local data for nanoid@https://registry.npmjs.org/nanoid/-/nanoid-3.3.12.tgz. Extracting by manifest.
1078 silly tarball no local data for merge-stream@https://registry.npmjs.org/merge-stream/-/merge-stream-2.0.0.tgz. Extracting by manifest.
1079 silly tarball no local data for minimatch@https://registry.npmjs.org/minimatch/-/minimatch-3.1.5.tgz. Extracting by manifest.
1080 silly tarball no local data for loose-envify@https://registry.npmjs.org/loose-envify/-/loose-envify-1.4.0.tgz. Extracting by manifest.
1081 silly tarball no local data for merge2@https://registry.npmjs.org/merge2/-/merge2-1.4.1.tgz. Extracting by manifest.
1082 silly tarball no local data for linebreak@https://registry.npmjs.org/linebreak/-/linebreak-1.1.0.tgz. Extracting by manifest.
1083 silly tarball no local data for magic-string@https://registry.npmjs.org/magic-string/-/magic-string-0.30.21.tgz. Extracting by manifest.
1084 silly tarball no local data for loader-runner@https://registry.npmjs.org/loader-runner/-/loader-runner-4.3.2.tgz. Extracting by manifest.
1085 silly tarball no local data for lru-cache@https://registry.npmjs.org/lru-cache/-/lru-cache-5.1.1.tgz. Extracting by manifest.
1086 silly tarball no local data for lodash.merge@https://registry.npmjs.org/lodash.merge/-/lodash.merge-4.6.2.tgz. Extracting by manifest.
1087 silly tarball no local data for locate-path@https://registry.npmjs.org/locate-path/-/locate-path-6.0.0.tgz. Extracting by manifest.
1088 silly tarball no local data for micromatch@https://registry.npmjs.org/micromatch/-/micromatch-4.0.8.tgz. Extracting by manifest.
1089 silly tarball no local data for lightningcss@https://registry.npmjs.org/lightningcss/-/lightningcss-1.31.1.tgz. Extracting by manifest.
1090 silly tarball no local data for lightningcss-win32-x64-msvc@https://registry.npmjs.org/lightningcss-win32-x64-msvc/-/lightningcss-win32-x64-msvc-1.31.1.tgz. Extracting by manifest.
1091 silly tarball no local data for language-subtag-registry@https://registry.npmjs.org/language-subtag-registry/-/language-subtag-registry-0.3.23.tgz. Extracting by manifest.
1092 silly tarball no local data for levn@https://registry.npmjs.org/levn/-/levn-0.4.1.tgz. Extracting by manifest.
1093 silly tarball no local data for kleur@https://registry.npmjs.org/kleur/-/kleur-4.1.5.tgz. Extracting by manifest.
1094 silly tarball no local data for jsx-ast-utils@https://registry.npmjs.org/jsx-ast-utils/-/jsx-ast-utils-3.3.5.tgz. Extracting by manifest.
1095 silly tarball no local data for json-schema-traverse@https://registry.npmjs.org/json-schema-traverse/-/json-schema-traverse-0.4.1.tgz. Extracting by manifest.
1096 silly tarball no local data for jsesc@https://registry.npmjs.org/jsesc/-/jsesc-3.1.0.tgz. Extracting by manifest.
1097 silly tarball no local data for json5@https://registry.npmjs.org/json5/-/json5-2.2.3.tgz. Extracting by manifest.
1098 silly tarball no local data for language-tags@https://registry.npmjs.org/language-tags/-/language-tags-1.0.9.tgz. Extracting by manifest.
1099 silly tarball no local data for keyv@https://registry.npmjs.org/keyv/-/keyv-4.5.4.tgz. Extracting by manifest.
1100 silly tarball no local data for json-stable-stringify-without-jsonify@https://registry.npmjs.org/json-stable-stringify-without-jsonify/-/json-stable-stringify-without-jsonify-1.0.1.tgz. Extracting by manifest.
1101 silly tarball no local data for json-buffer@https://registry.npmjs.org/json-buffer/-/json-buffer-3.0.1.tgz. Extracting by manifest.
1102 silly tarball no local data for js-yaml@https://registry.npmjs.org/js-yaml/-/js-yaml-4.1.1.tgz. Extracting by manifest.
1103 silly tarball no local data for jiti@https://registry.npmjs.org/jiti/-/jiti-2.7.0.tgz. Extracting by manifest.
1104 silly tarball no local data for jest-worker@https://registry.npmjs.org/jest-worker/-/jest-worker-27.5.1.tgz. Extracting by manifest.
1105 silly tarball no local data for isarray@https://registry.npmjs.org/isarray/-/isarray-2.0.5.tgz. Extracting by manifest.
1106 silly tarball no local data for js-tokens@https://registry.npmjs.org/js-tokens/-/js-tokens-4.0.0.tgz. Extracting by manifest.
1107 silly tarball no local data for is-weakref@https://registry.npmjs.org/is-weakref/-/is-weakref-1.1.1.tgz. Extracting by manifest.
1108 silly tarball no local data for iterator.prototype@https://registry.npmjs.org/iterator.prototype/-/iterator.prototype-1.1.5.tgz. Extracting by manifest.
1109 silly tarball no local data for is-symbol@https://registry.npmjs.org/is-symbol/-/is-symbol-1.1.1.tgz. Extracting by manifest.
1110 silly tarball no local data for is-typed-array@https://registry.npmjs.org/is-typed-array/-/is-typed-array-1.1.15.tgz. Extracting by manifest.
1111 silly tarball no local data for is-set@https://registry.npmjs.org/is-set/-/is-set-2.0.3.tgz. Extracting by manifest.
1112 silly tarball no local data for is-weakset@https://registry.npmjs.org/is-weakset/-/is-weakset-2.0.4.tgz. Extracting by manifest.
1113 silly tarball no local data for is-string@https://registry.npmjs.org/is-string/-/is-string-1.1.1.tgz. Extracting by manifest.
1114 silly tarball no local data for is-weakmap@https://registry.npmjs.org/is-weakmap/-/is-weakmap-2.0.2.tgz. Extracting by manifest.
1115 silly tarball no local data for is-shared-array-buffer@https://registry.npmjs.org/is-shared-array-buffer/-/is-shared-array-buffer-1.0.4.tgz. Extracting by manifest.
1116 silly tarball no local data for is-regex@https://registry.npmjs.org/is-regex/-/is-regex-1.2.1.tgz. Extracting by manifest.
1117 silly tarball no local data for is-glob@https://registry.npmjs.org/is-glob/-/is-glob-4.0.3.tgz. Extracting by manifest.
1118 silly tarball no local data for is-map@https://registry.npmjs.org/is-map/-/is-map-2.0.3.tgz. Extracting by manifest.
1119 silly tarball no local data for is-number-object@https://registry.npmjs.org/is-number-object/-/is-number-object-1.1.1.tgz. Extracting by manifest.
1120 silly tarball no local data for is-extglob@https://registry.npmjs.org/is-extglob/-/is-extglob-2.1.1.tgz. Extracting by manifest.
1121 silly tarball no local data for is-negative-zero@https://registry.npmjs.org/is-negative-zero/-/is-negative-zero-2.0.3.tgz. Extracting by manifest.
1122 silly tarball no local data for is-finalizationregistry@https://registry.npmjs.org/is-finalizationregistry/-/is-finalizationregistry-1.1.1.tgz. Extracting by manifest.
1123 silly tarball no local data for is-number@https://registry.npmjs.org/is-number/-/is-number-7.0.0.tgz. Extracting by manifest.
1124 silly tarball no local data for is-date-object@https://registry.npmjs.org/is-date-object/-/is-date-object-1.1.0.tgz. Extracting by manifest.
1125 silly tarball no local data for is-data-view@https://registry.npmjs.org/is-data-view/-/is-data-view-1.0.2.tgz. Extracting by manifest.
1126 silly tarball no local data for is-bigint@https://registry.npmjs.org/is-bigint/-/is-bigint-1.1.0.tgz. Extracting by manifest.
1127 silly tarball no local data for is-generator-function@https://registry.npmjs.org/is-generator-function/-/is-generator-function-1.1.2.tgz. Extracting by manifest.
1128 silly tarball no local data for is-callable@https://registry.npmjs.org/is-callable/-/is-callable-1.2.7.tgz. Extracting by manifest.
1129 silly tarball no local data for internal-slot@https://registry.npmjs.org/internal-slot/-/internal-slot-1.1.0.tgz. Extracting by manifest.
1130 silly tarball no local data for is-core-module@https://registry.npmjs.org/is-core-module/-/is-core-module-2.16.2.tgz. Extracting by manifest.
1131 silly tarball no local data for ipaddr.js@https://registry.npmjs.org/ipaddr.js/-/ipaddr.js-2.4.0.tgz. Extracting by manifest.
1132 silly tarball no local data for is-array-buffer@https://registry.npmjs.org/is-array-buffer/-/is-array-buffer-3.0.5.tgz. Extracting by manifest.
1133 silly tarball no local data for is-async-function@https://registry.npmjs.org/is-async-function/-/is-async-function-2.1.1.tgz. Extracting by manifest.
1134 silly tarball no local data for is-boolean-object@https://registry.npmjs.org/is-boolean-object/-/is-boolean-object-1.2.2.tgz. Extracting by manifest.
1135 silly tarball no local data for image-size@https://registry.npmjs.org/image-size/-/image-size-2.0.2.tgz. Extracting by manifest.
1136 silly tarball no local data for import-fresh@https://registry.npmjs.org/import-fresh/-/import-fresh-3.3.1.tgz. Extracting by manifest.
1137 silly tarball no local data for imurmurhash@https://registry.npmjs.org/imurmurhash/-/imurmurhash-0.1.4.tgz. Extracting by manifest.
1138 silly tarball no local data for ignore@https://registry.npmjs.org/ignore/-/ignore-5.3.2.tgz. Extracting by manifest.
1139 silly tarball no local data for hex-rgb@https://registry.npmjs.org/hex-rgb/-/hex-rgb-4.3.0.tgz. Extracting by manifest.
1140 silly tarball no local data for hasown@https://registry.npmjs.org/hasown/-/hasown-2.0.3.tgz. Extracting by manifest.
1141 silly tarball no local data for hermes-parser@https://registry.npmjs.org/hermes-parser/-/hermes-parser-0.25.1.tgz. Extracting by manifest.
1142 silly tarball no local data for hermes-estree@https://registry.npmjs.org/hermes-estree/-/hermes-estree-0.25.1.tgz. Extracting by manifest.
1143 silly tarball no local data for has-proto@https://registry.npmjs.org/has-proto/-/has-proto-1.2.0.tgz. Extracting by manifest.
1144 silly tarball no local data for has-tostringtag@https://registry.npmjs.org/has-tostringtag/-/has-tostringtag-1.0.2.tgz. Extracting by manifest.
1145 silly tarball no local data for has-bigints@https://registry.npmjs.org/has-bigints/-/has-bigints-1.1.0.tgz. Extracting by manifest.
1146 silly tarball no local data for graceful-fs@https://registry.npmjs.org/graceful-fs/-/graceful-fs-4.2.11.tgz. Extracting by manifest.
1147 silly tarball no local data for has-flag@https://registry.npmjs.org/has-flag/-/has-flag-4.0.0.tgz. Extracting by manifest.
1148 silly tarball no local data for globalthis@https://registry.npmjs.org/globalthis/-/globalthis-1.0.4.tgz. Extracting by manifest.
1149 silly tarball no local data for globals@https://registry.npmjs.org/globals/-/globals-16.4.0.tgz. Extracting by manifest.
1150 silly tarball no local data for has-property-descriptors@https://registry.npmjs.org/has-property-descriptors/-/has-property-descriptors-1.0.2.tgz. Extracting by manifest.
1151 silly tarball no local data for glob-parent@https://registry.npmjs.org/glob-parent/-/glob-parent-6.0.2.tgz. Extracting by manifest.
1152 silly tarball no local data for get-tsconfig@https://registry.npmjs.org/get-tsconfig/-/get-tsconfig-4.14.0.tgz. Extracting by manifest.
1153 silly tarball no local data for get-symbol-description@https://registry.npmjs.org/get-symbol-description/-/get-symbol-description-1.1.0.tgz. Extracting by manifest.
1154 silly tarball no local data for functions-have-names@https://registry.npmjs.org/functions-have-names/-/functions-have-names-1.2.3.tgz. Extracting by manifest.
1155 silly tarball no local data for glob-to-regexp@https://registry.npmjs.org/glob-to-regexp/-/glob-to-regexp-0.4.1.tgz. Extracting by manifest.
1156 silly tarball no local data for generator-function@https://registry.npmjs.org/generator-function/-/generator-function-2.0.1.tgz. Extracting by manifest.
1157 silly tarball no local data for for-each@https://registry.npmjs.org/for-each/-/for-each-0.3.5.tgz. Extracting by manifest.
1158 silly tarball no local data for gensync@https://registry.npmjs.org/gensync/-/gensync-1.0.0-beta.2.tgz. Extracting by manifest.
1159 silly tarball no local data for flat-cache@https://registry.npmjs.org/flat-cache/-/flat-cache-4.0.1.tgz. Extracting by manifest.
1160 silly tarball no local data for flatted@https://registry.npmjs.org/flatted/-/flatted-3.4.2.tgz. Extracting by manifest.
1161 silly tarball no local data for function.prototype.name@https://registry.npmjs.org/function.prototype.name/-/function.prototype.name-1.1.8.tgz. Extracting by manifest.
1162 silly tarball no local data for find-up@https://registry.npmjs.org/find-up/-/find-up-5.0.0.tgz. Extracting by manifest.
1163 silly tarball no local data for fill-range@https://registry.npmjs.org/fill-range/-/fill-range-7.1.1.tgz. Extracting by manifest.
1164 silly tarball no local data for fast-levenshtein@https://registry.npmjs.org/fast-levenshtein/-/fast-levenshtein-2.0.6.tgz. Extracting by manifest.
1165 silly tarball no local data for file-entry-cache@https://registry.npmjs.org/file-entry-cache/-/file-entry-cache-8.0.0.tgz. Extracting by manifest.
1166 silly tarball no local data for fflate@https://registry.npmjs.org/fflate/-/fflate-0.7.4.tgz. Extracting by manifest.
1167 silly tarball no local data for fast-uri@https://registry.npmjs.org/fast-uri/-/fast-uri-3.1.2.tgz. Extracting by manifest.
1168 silly tarball no local data for fast-glob@https://registry.npmjs.org/fast-glob/-/fast-glob-3.3.1.tgz. Extracting by manifest.
1169 silly tarball no local data for fastq@https://registry.npmjs.org/fastq/-/fastq-1.20.1.tgz. Extracting by manifest.
1170 silly tarball no local data for esutils@https://registry.npmjs.org/esutils/-/esutils-2.0.3.tgz. Extracting by manifest.
1171 silly tarball no local data for fast-json-stable-stringify@https://registry.npmjs.org/fast-json-stable-stringify/-/fast-json-stable-stringify-2.1.0.tgz. Extracting by manifest.
1172 silly tarball no local data for events@https://registry.npmjs.org/events/-/events-3.3.0.tgz. Extracting by manifest.
1173 silly tarball no local data for esrecurse@https://registry.npmjs.org/esrecurse/-/esrecurse-4.3.0.tgz. Extracting by manifest.
1174 silly tarball no local data for estraverse@https://registry.npmjs.org/estraverse/-/estraverse-5.3.0.tgz. Extracting by manifest.
1175 silly tarball no local data for estree-walker@https://registry.npmjs.org/estree-walker/-/estree-walker-3.0.3.tgz. Extracting by manifest.
1176 silly tarball no local data for eslint-scope@https://registry.npmjs.org/eslint-scope/-/eslint-scope-8.4.0.tgz. Extracting by manifest.
1177 silly tarball no local data for esquery@https://registry.npmjs.org/esquery/-/esquery-1.7.0.tgz. Extracting by manifest.
1178 silly tarball no local data for espree@https://registry.npmjs.org/espree/-/espree-10.4.0.tgz. Extracting by manifest.
1179 silly tarball no local data for eslint-plugin-react-hooks@https://registry.npmjs.org/eslint-plugin-react-hooks/-/eslint-plugin-react-hooks-7.1.1.tgz. Extracting by manifest.
1180 silly tarball no local data for eslint-plugin-jsx-a11y@https://registry.npmjs.org/eslint-plugin-jsx-a11y/-/eslint-plugin-jsx-a11y-6.10.2.tgz. Extracting by manifest.
1181 silly tarball no local data for eslint-visitor-keys@https://registry.npmjs.org/eslint-visitor-keys/-/eslint-visitor-keys-4.2.1.tgz. Extracting by manifest.
1182 silly tarball no local data for escalade@https://registry.npmjs.org/escalade/-/escalade-3.2.0.tgz. Extracting by manifest.
1183 silly tarball no local data for eslint@https://registry.npmjs.org/eslint/-/eslint-9.39.4.tgz. Extracting by manifest.
1184 silly tarball no local data for esbuild@https://registry.npmjs.org/esbuild/-/esbuild-0.28.0.tgz. Extracting by manifest.
1185 silly tarball no local data for eslint-plugin-react@https://registry.npmjs.org/eslint-plugin-react/-/eslint-plugin-react-7.37.5.tgz. Extracting by manifest.
1186 silly tarball no local data for escape-string-regexp@https://registry.npmjs.org/escape-string-regexp/-/escape-string-regexp-4.0.0.tgz. Extracting by manifest.
1187 silly tarball no local data for es-to-primitive@https://registry.npmjs.org/es-to-primitive/-/es-to-primitive-1.3.0.tgz. Extracting by manifest.
1188 silly tarball no local data for error-stack-parser-es@https://registry.npmjs.org/error-stack-parser-es/-/error-stack-parser-es-1.0.5.tgz. Extracting by manifest.
1189 silly tarball no local data for es-module-lexer@https://registry.npmjs.org/es-module-lexer/-/es-module-lexer-2.1.0.tgz. Extracting by manifest.
1190 silly tarball no local data for es-shim-unscopables@https://registry.npmjs.org/es-shim-unscopables/-/es-shim-unscopables-1.1.0.tgz. Extracting by manifest.
1191 silly tarball no local data for es-iterator-helpers@https://registry.npmjs.org/es-iterator-helpers/-/es-iterator-helpers-1.3.2.tgz. Extracting by manifest.
1192 silly tarball no local data for es-set-tostringtag@https://registry.npmjs.org/es-set-tostringtag/-/es-set-tostringtag-2.1.0.tgz. Extracting by manifest.
1193 silly tarball no local data for es-abstract@https://registry.npmjs.org/es-abstract/-/es-abstract-1.24.2.tgz. Extracting by manifest.
1194 silly tarball no local data for enhanced-resolve@https://registry.npmjs.org/enhanced-resolve/-/enhanced-resolve-5.21.3.tgz. Extracting by manifest.
1195 silly tarball no local data for electron-to-chromium@https://registry.npmjs.org/electron-to-chromium/-/electron-to-chromium-1.5.358.tgz. Extracting by manifest.
1196 silly tarball no local data for emoji-regex-xs@https://registry.npmjs.org/emoji-regex-xs/-/emoji-regex-xs-2.0.1.tgz. Extracting by manifest.
1197 silly tarball no local data for drizzle-orm@https://registry.npmjs.org/drizzle-orm/-/drizzle-orm-0.45.2.tgz. Extracting by manifest.
1198 silly tarball no local data for doctrine@https://registry.npmjs.org/doctrine/-/doctrine-2.1.0.tgz. Extracting by manifest.
1199 silly tarball no local data for define-properties@https://registry.npmjs.org/define-properties/-/define-properties-1.2.1.tgz. Extracting by manifest.
1200 silly tarball no local data for drizzle-kit@https://registry.npmjs.org/drizzle-kit/-/drizzle-kit-0.31.10.tgz. Extracting by manifest.
1201 silly tarball no local data for detect-libc@https://registry.npmjs.org/detect-libc/-/detect-libc-2.1.2.tgz. Extracting by manifest.
1202 silly tarball no local data for define-data-property@https://registry.npmjs.org/define-data-property/-/define-data-property-1.1.4.tgz. Extracting by manifest.
1203 silly tarball no local data for data-view-byte-offset@https://registry.npmjs.org/data-view-byte-offset/-/data-view-byte-offset-1.0.1.tgz. Extracting by manifest.
1204 silly tarball no local data for deep-is@https://registry.npmjs.org/deep-is/-/deep-is-0.1.4.tgz. Extracting by manifest.
1205 silly tarball no local data for data-view-byte-length@https://registry.npmjs.org/data-view-byte-length/-/data-view-byte-length-1.0.2.tgz. Extracting by manifest.
1206 silly tarball no local data for css-gradient-parser@https://registry.npmjs.org/css-gradient-parser/-/css-gradient-parser-0.0.16.tgz. Extracting by manifest.
1207 silly tarball no local data for damerau-levenshtein@https://registry.npmjs.org/damerau-levenshtein/-/damerau-levenshtein-1.0.8.tgz. Extracting by manifest.
1208 silly tarball no local data for data-view-buffer@https://registry.npmjs.org/data-view-buffer/-/data-view-buffer-1.0.2.tgz. Extracting by manifest.
1209 silly tarball no local data for css-background-parser@https://registry.npmjs.org/css-background-parser/-/css-background-parser-0.1.0.tgz. Extracting by manifest.
1210 silly tarball no local data for css-to-react-native@https://registry.npmjs.org/css-to-react-native/-/css-to-react-native-3.2.0.tgz. Extracting by manifest.
1211 silly tarball no local data for css-box-shadow@https://registry.npmjs.org/css-box-shadow/-/css-box-shadow-1.0.0-3.tgz. Extracting by manifest.
1212 silly tarball no local data for css-color-keywords@https://registry.npmjs.org/css-color-keywords/-/css-color-keywords-1.0.0.tgz. Extracting by manifest.
1213 silly tarball no local data for convert-source-map@https://registry.npmjs.org/convert-source-map/-/convert-source-map-2.0.0.tgz. Extracting by manifest.
1214 silly tarball no local data for cookie@https://registry.npmjs.org/cookie/-/cookie-1.1.1.tgz. Extracting by manifest.
1215 silly tarball no local data for concat-map@https://registry.npmjs.org/concat-map/-/concat-map-0.0.1.tgz. Extracting by manifest.
1216 silly tarball no local data for camelize@https://registry.npmjs.org/camelize/-/camelize-1.0.1.tgz. Extracting by manifest.
1217 silly tarball no local data for commander@https://registry.npmjs.org/commander/-/commander-2.20.3.tgz. Extracting by manifest.
1218 silly tarball no local data for callsites@https://registry.npmjs.org/callsites/-/callsites-3.1.0.tgz. Extracting by manifest.
1219 silly tarball no local data for chrome-trace-event@https://registry.npmjs.org/chrome-trace-event/-/chrome-trace-event-1.0.4.tgz. Extracting by manifest.
1220 silly tarball no local data for chalk@https://registry.npmjs.org/chalk/-/chalk-4.1.2.tgz. Extracting by manifest.
1221 silly tarball no local data for browserslist@https://registry.npmjs.org/browserslist/-/browserslist-4.28.2.tgz. Extracting by manifest.
1222 silly tarball no local data for caniuse-lite@https://registry.npmjs.org/caniuse-lite/-/caniuse-lite-1.0.30001793.tgz. Extracting by manifest.
1223 silly tarball no local data for call-bind@https://registry.npmjs.org/call-bind/-/call-bind-1.0.9.tgz. Extracting by manifest.
1224 silly tarball no local data for buffer-from@https://registry.npmjs.org/buffer-from/-/buffer-from-1.1.2.tgz. Extracting by manifest.
1225 silly tarball no local data for braces@https://registry.npmjs.org/braces/-/braces-3.0.3.tgz. Extracting by manifest.
1226 silly tarball no local data for blake3-wasm@https://registry.npmjs.org/blake3-wasm/-/blake3-wasm-2.1.5.tgz. Extracting by manifest.
1227 silly tarball no local data for brace-expansion@https://registry.npmjs.org/brace-expansion/-/brace-expansion-1.1.14.tgz. Extracting by manifest.
1228 silly tarball no local data for baseline-browser-mapping@https://registry.npmjs.org/baseline-browser-mapping/-/baseline-browser-mapping-2.10.30.tgz. Extracting by manifest.
1229 silly tarball no local data for axe-core@https://registry.npmjs.org/axe-core/-/axe-core-4.11.4.tgz. Extracting by manifest.
1230 silly tarball no local data for base64-js@https://registry.npmjs.org/base64-js/-/base64-js-0.0.8.tgz. Extracting by manifest.
1231 silly tarball no local data for ast-types-flow@https://registry.npmjs.org/ast-types-flow/-/ast-types-flow-0.0.8.tgz. Extracting by manifest.
1232 silly tarball no local data for axobject-query@https://registry.npmjs.org/axobject-query/-/axobject-query-4.1.0.tgz. Extracting by manifest.
1233 silly tarball no local data for async-function@https://registry.npmjs.org/async-function/-/async-function-1.0.0.tgz. Extracting by manifest.
1234 silly tarball no local data for available-typed-arrays@https://registry.npmjs.org/available-typed-arrays/-/available-typed-arrays-1.0.7.tgz. Extracting by manifest.
1235 silly tarball no local data for arraybuffer.prototype.slice@https://registry.npmjs.org/arraybuffer.prototype.slice/-/arraybuffer.prototype.slice-1.0.4.tgz. Extracting by manifest.
1236 silly tarball no local data for array.prototype.flatmap@https://registry.npmjs.org/array.prototype.flatmap/-/array.prototype.flatmap-1.3.3.tgz. Extracting by manifest.
1237 silly tarball no local data for array.prototype.flat@https://registry.npmjs.org/array.prototype.flat/-/array.prototype.flat-1.3.3.tgz. Extracting by manifest.
1238 silly tarball no local data for array.prototype.tosorted@https://registry.npmjs.org/array.prototype.tosorted/-/array.prototype.tosorted-1.1.4.tgz. Extracting by manifest.
1239 silly tarball no local data for aria-query@https://registry.npmjs.org/aria-query/-/aria-query-5.3.2.tgz. Extracting by manifest.
1240 silly tarball no local data for array.prototype.findlast@https://registry.npmjs.org/array.prototype.findlast/-/array.prototype.findlast-1.2.5.tgz. Extracting by manifest.
1241 silly tarball no local data for argparse@https://registry.npmjs.org/argparse/-/argparse-2.0.1.tgz. Extracting by manifest.
1242 silly tarball no local data for array-includes@https://registry.npmjs.org/array-includes/-/array-includes-3.1.9.tgz. Extracting by manifest.
1243 silly tarball no local data for ajv@https://registry.npmjs.org/ajv/-/ajv-6.15.0.tgz. Extracting by manifest.
1244 silly tarball no local data for array-buffer-byte-length@https://registry.npmjs.org/array-buffer-byte-length/-/array-buffer-byte-length-1.0.2.tgz. Extracting by manifest.
1245 silly tarball no local data for acorn-loose@https://registry.npmjs.org/acorn-loose/-/acorn-loose-8.5.2.tgz. Extracting by manifest.
1246 silly tarball no local data for acorn@https://registry.npmjs.org/acorn/-/acorn-8.16.0.tgz. Extracting by manifest.
1247 silly tarball no local data for acorn-import-phases@https://registry.npmjs.org/acorn-import-phases/-/acorn-import-phases-1.0.4.tgz. Extracting by manifest.
1248 silly tarball no local data for minimatch@https://registry.npmjs.org/minimatch/-/minimatch-10.2.5.tgz. Extracting by manifest.
1249 silly tarball no local data for ajv-formats@https://registry.npmjs.org/ajv-formats/-/ajv-formats-2.1.1.tgz. Extracting by manifest.
1250 silly tarball no local data for acorn-jsx@https://registry.npmjs.org/acorn-jsx/-/acorn-jsx-5.3.2.tgz. Extracting by manifest.
1251 silly tarball no local data for eslint-visitor-keys@https://registry.npmjs.org/eslint-visitor-keys/-/eslint-visitor-keys-5.0.1.tgz. Extracting by manifest.
1252 silly tarball no local data for @rolldown/pluginutils@https://registry.npmjs.org/@rolldown/pluginutils/-/pluginutils-1.0.0-rc.18.tgz. Extracting by manifest.
1253 silly tarball no local data for supports-color@https://registry.npmjs.org/supports-color/-/supports-color-10.2.2.tgz. Extracting by manifest.
1254 silly tarball no local data for globals@https://registry.npmjs.org/globals/-/globals-14.0.0.tgz. Extracting by manifest.
1255 silly tarball no local data for eslint-visitor-keys@https://registry.npmjs.org/eslint-visitor-keys/-/eslint-visitor-keys-3.4.3.tgz. Extracting by manifest.
1256 silly tarball no local data for balanced-match@https://registry.npmjs.org/balanced-match/-/balanced-match-4.0.4.tgz. Extracting by manifest.
1257 silly tarball no local data for semver@https://registry.npmjs.org/semver/-/semver-7.8.0.tgz. Extracting by manifest.
1258 silly tarball no local data for esbuild@https://registry.npmjs.org/esbuild/-/esbuild-0.18.20.tgz. Extracting by manifest.
1259 silly tarball no local data for @esbuild/win32-x64@https://registry.npmjs.org/@esbuild/win32-x64/-/win32-x64-0.18.20.tgz. Extracting by manifest.
1260 silly tarball no local data for brace-expansion@https://registry.npmjs.org/brace-expansion/-/brace-expansion-5.0.6.tgz. Extracting by manifest.
1261 silly tarball no local data for ignore@https://registry.npmjs.org/ignore/-/ignore-7.0.5.tgz. Extracting by manifest.
1262 silly tarball no local data for eslint-scope@https://registry.npmjs.org/eslint-scope/-/eslint-scope-5.1.1.tgz. Extracting by manifest.
1263 silly tarball no local data for esbuild@https://registry.npmjs.org/esbuild/-/esbuild-0.27.3.tgz. Extracting by manifest.
1264 silly tarball no local data for @jridgewell/trace-mapping@https://registry.npmjs.org/@jridgewell/trace-mapping/-/trace-mapping-0.3.9.tgz. Extracting by manifest.
1265 silly tarball no local data for estraverse@https://registry.npmjs.org/estraverse/-/estraverse-4.3.0.tgz. Extracting by manifest.
1266 silly tarball no local data for fast-glob@https://registry.npmjs.org/fast-glob/-/fast-glob-3.3.3.tgz. Extracting by manifest.
1267 silly tarball no local data for picomatch@https://registry.npmjs.org/picomatch/-/picomatch-4.0.4.tgz. Extracting by manifest.
1268 silly tarball no local data for lightningcss@https://registry.npmjs.org/lightningcss/-/lightningcss-1.32.0.tgz. Extracting by manifest.
1269 silly tarball no local data for lightningcss-win32-x64-msvc@https://registry.npmjs.org/lightningcss-win32-x64-msvc/-/lightningcss-win32-x64-msvc-1.32.0.tgz. Extracting by manifest.
1270 silly tarball no local data for es-module-lexer@https://registry.npmjs.org/es-module-lexer/-/es-module-lexer-1.7.0.tgz. Extracting by manifest.
1271 silly tarball no local data for fdir@https://registry.npmjs.org/fdir/-/fdir-6.5.0.tgz. Extracting by manifest.
1272 silly tarball no local data for glob-parent@https://registry.npmjs.org/glob-parent/-/glob-parent-5.1.2.tgz. Extracting by manifest.
1273 silly tarball no local data for picomatch@https://registry.npmjs.org/picomatch/-/picomatch-4.0.4.tgz. Extracting by manifest.
1274 silly tarball no local data for ajv-keywords@https://registry.npmjs.org/ajv-keywords/-/ajv-keywords-5.1.0.tgz. Extracting by manifest.
1275 silly tarball no local data for js-tokens@https://registry.npmjs.org/js-tokens/-/js-tokens-9.0.1.tgz. Extracting by manifest.
1276 silly tarball no local data for glob-parent@https://registry.npmjs.org/glob-parent/-/glob-parent-5.1.2.tgz. Extracting by manifest.
1277 silly tarball no local data for semver@https://registry.npmjs.org/semver/-/semver-7.8.0.tgz. Extracting by manifest.
1278 silly tarball no local data for ajv@https://registry.npmjs.org/ajv/-/ajv-8.20.0.tgz. Extracting by manifest.
1279 silly tarball no local data for esbuild@https://registry.npmjs.org/esbuild/-/esbuild-0.25.12.tgz. Extracting by manifest.
1280 silly tarball no local data for supports-color@https://registry.npmjs.org/supports-color/-/supports-color-8.1.1.tgz. Extracting by manifest.
1281 silly tarball no local data for ajv@https://registry.npmjs.org/ajv/-/ajv-8.20.0.tgz. Extracting by manifest.
1282 silly tarball no local data for @esbuild/win32-x64@https://registry.npmjs.org/@esbuild/win32-x64/-/win32-x64-0.25.12.tgz. Extracting by manifest.
1283 http fetch GET https://registry.npmjs.org/@webassemblyjs/wasm-opt/-/wasm-opt-1.14.1.tgz attempt 1 failed with EACCES
1284 http fetch GET https://registry.npmjs.org/@emnapi/wasi-threads/-/wasi-threads-1.2.1.tgz attempt 1 failed with EACCES
1285 http fetch GET https://registry.npmjs.org/@xtuc/ieee754/-/ieee754-1.2.0.tgz attempt 1 failed with EACCES
1286 http fetch GET https://registry.npmjs.org/typescript/-/typescript-5.9.3.tgz attempt 1 failed with EACCES
1287 http fetch GET https://registry.npmjs.org/which/-/which-2.0.2.tgz attempt 1 failed with EACCES
1288 http fetch GET https://registry.npmjs.org/@webassemblyjs/wast-printer/-/wast-printer-1.14.1.tgz attempt 1 failed with EACCES
1289 http fetch GET https://registry.npmjs.org/@xtuc/long/-/long-4.2.2.tgz attempt 1 failed with EACCES
1290 http fetch GET https://registry.npmjs.org/@webassemblyjs/wasm-parser/-/wasm-parser-1.14.1.tgz attempt 1 failed with EACCES
1291 http fetch GET https://registry.npmjs.org/@webassemblyjs/utf8/-/utf8-1.13.2.tgz attempt 1 failed with EACCES
1292 http fetch GET https://registry.npmjs.org/@webassemblyjs/wasm-gen/-/wasm-gen-1.14.1.tgz attempt 1 failed with EACCES
1293 http fetch GET https://registry.npmjs.org/@webassemblyjs/wasm-edit/-/wasm-edit-1.14.1.tgz attempt 1 failed with EACCES
1294 http fetch GET https://registry.npmjs.org/@webassemblyjs/leb128/-/leb128-1.13.2.tgz attempt 1 failed with EACCES
1295 http fetch GET https://registry.npmjs.org/@webassemblyjs/ieee754/-/ieee754-1.13.2.tgz attempt 1 failed with EACCES
1296 http fetch GET https://registry.npmjs.org/@webassemblyjs/helper-wasm-section/-/helper-wasm-section-1.14.1.tgz attempt 1 failed with EACCES
1297 http fetch GET https://registry.npmjs.org/@webassemblyjs/helper-buffer/-/helper-buffer-1.14.1.tgz attempt 1 failed with EACCES
1298 http fetch GET https://registry.npmjs.org/npm attempt 2 failed with EACCES
1299 http fetch GET https://registry.npmjs.org/@webassemblyjs/wasm-opt/-/wasm-opt-1.14.1.tgz attempt 2 failed with EACCES
1300 http fetch GET https://registry.npmjs.org/@emnapi/wasi-threads/-/wasi-threads-1.2.1.tgz attempt 2 failed with EACCES
1301 http fetch GET https://registry.npmjs.org/@xtuc/ieee754/-/ieee754-1.2.0.tgz attempt 2 failed with EACCES
1302 http fetch GET https://registry.npmjs.org/typescript/-/typescript-5.9.3.tgz attempt 2 failed with EACCES
1303 http fetch GET https://registry.npmjs.org/which/-/which-2.0.2.tgz attempt 2 failed with EACCES
1304 http fetch GET https://registry.npmjs.org/@webassemblyjs/wast-printer/-/wast-printer-1.14.1.tgz attempt 2 failed with EACCES
1305 http fetch GET https://registry.npmjs.org/@xtuc/long/-/long-4.2.2.tgz attempt 2 failed with EACCES
1306 http fetch GET https://registry.npmjs.org/@webassemblyjs/wasm-parser/-/wasm-parser-1.14.1.tgz attempt 2 failed with EACCES
1307 http fetch GET https://registry.npmjs.org/@webassemblyjs/utf8/-/utf8-1.13.2.tgz attempt 2 failed with EACCES
1308 http fetch GET https://registry.npmjs.org/@webassemblyjs/wasm-gen/-/wasm-gen-1.14.1.tgz attempt 2 failed with EACCES
1309 http fetch GET https://registry.npmjs.org/@webassemblyjs/wasm-edit/-/wasm-edit-1.14.1.tgz attempt 2 failed with EACCES
1310 http fetch GET https://registry.npmjs.org/@webassemblyjs/leb128/-/leb128-1.13.2.tgz attempt 2 failed with EACCES
1311 http fetch GET https://registry.npmjs.org/@webassemblyjs/ieee754/-/ieee754-1.13.2.tgz attempt 2 failed with EACCES
1312 http fetch GET https://registry.npmjs.org/@webassemblyjs/helper-wasm-section/-/helper-wasm-section-1.14.1.tgz attempt 2 failed with EACCES
1313 http fetch GET https://registry.npmjs.org/@webassemblyjs/helper-buffer/-/helper-buffer-1.14.1.tgz attempt 2 failed with EACCES
